{"type": "FeatureCollection", "features": [{"type": "Feature", "properties": {"damname": "\uc12c\uc9c4\uac15", "src": "gee/\uc804\ub310\uc720\uc5ed/\uc804\ub310\uc720\uc5ed.shp"}, "geometry": {"type": "Polygon", "coordinates": [[[127.3156347406553, 35.835791453803196], [127.31541300046938, 35.83563045730778], [127.31523070969814, 35.83540934511594], [127.31521309919704, 35.835257048699184], [127.31521822142815, 35.83511854403078], [127.31520622736235, 35.83495238420115], [127.31523743407881, 35.83475422738525], [127.31525322993141, 35.83456001611533], [127.31526634675456, 35.83438441015004], [127.31529392509894, 35.834190450047466], [127.31537103183439, 35.834006379222785], [127.31544526034067, 35.83375149712611], [127.31556775424711, 35.83318797711782], [127.31557252955331, 35.83296176050149], [127.31562252794974, 35.83270311244267], [127.31570099986827, 35.83247670314696], [127.31582066735025, 35.832333948156524], [127.31600705783787, 35.83211800338192], [127.31620883757847, 35.83187524605402], [127.31654813409344, 35.83166200466712], [127.3170969446288, 35.83138820058502], [127.31767558529897, 35.831153470166], [127.3179176022312, 35.831049051648364], [127.31820923255094, 35.830876532265464], [127.31841979958743, 35.83075283524137], [127.31865851884412, 35.83061777769736], [127.31903227906042, 35.83051984899424], [127.3194005732611, 35.83047271395815], [127.31962613178617, 35.830447673199224], [127.32023349235509, 35.83036895232342], [127.32054881858974, 35.829837231181365], [127.32080861277605, 35.8294237776903], [127.32095140457695, 35.829198038567206], [127.32104455824279, 35.82906036191106], [127.32109312764308, 35.828450868394114], [127.32108682695757, 35.82829392714346], [127.32109773720933, 35.8281877202294], [127.32129473104295, 35.82783635048287], [127.32157017335103, 35.827258568991866], [127.32179004223853, 35.826957917516154], [127.32198225451137, 35.82682814742976], [127.32224243325608, 35.826684346145825], [127.32246673716655, 35.82607899952227], [127.32254924737163, 35.82545556539188], [127.32258230736024, 35.82522003988868], [127.32272220980826, 35.82477187641203], [127.32291208242627, 35.82406505962528], [127.32292669776659, 35.82347411924262], [127.32295461029487, 35.82336786730437], [127.32302779359384, 35.823243029676114], [127.32330673023843, 35.82287786954691], [127.32354647997083, 35.82254918262137], [127.32369325753622, 35.82240106529264], [127.32390790380174, 35.822215835050166], [127.32405500015997, 35.822146195080855], [127.32457603397854, 35.822034005086785], [127.324859353356, 35.82201016395348], [127.32526170753916, 35.821912965026925], [127.32567479788912, 35.821814084565226], [127.32598604118188, 35.82166273743814], [127.32630269262474, 35.821498477850135], [127.32652878188063, 35.82134091015773], [127.32706650766123, 35.82115480249478], [127.32770034636073, 35.820908417601665], [127.32801553788967, 35.82083739151377], [127.32824902231455, 35.820780516665536], [127.32855542867512, 35.820707594379], [127.32881386551789, 35.82014830631172], [127.32890635164713, 35.81976181365297], [127.32898117140003, 35.81948308919796], [127.3291315856089, 35.818845615445596], [127.32921607374706, 35.81871612590039], [127.32942483880915, 35.81848473770454], [127.32971887197894, 35.81831312994622], [127.33006624565434, 35.81792881729811], [127.33014200842442, 35.81783648641655], [127.3301813987785, 35.81776713289222], [127.33028305805377, 35.81767914423808], [127.33036223880933, 35.81763737963214], [127.33050363204806, 35.81756313119187], [127.3307244543011, 35.81750713172515], [127.33112099130439, 35.817450691219996], [127.33132481667542, 35.817421943698015], [127.33155149749145, 35.81738945927238], [127.33206408650115, 35.8170721179333], [127.33220729193685, 35.8169814172554], [127.3323656285, 35.816893270189645], [127.33255785704524, 35.81677733174169], [127.33285228067678, 35.81670265978234], [127.33328674425395, 35.81623058999632], [127.33342258368215, 35.81606756982894], [127.33358080828418, 35.81588860183909], [127.33369132488117, 35.81576232466368], [127.33381695941391, 35.81561514672007], [127.33406454563203, 35.81541058025205], [127.3343140075107, 35.81520291403982], [127.33486037900428, 35.814388914847044], [127.33520980275148, 35.81391707394643], [127.33532265269686, 35.813796734328655], [127.33546083283626, 35.81369761611446], [127.33563311512404, 35.8134958061496], [127.33588957277301, 35.813190298271344], [127.33610677205246, 35.81291744039008], [127.33626416421016, 35.81260770324636], [127.33634292797142, 35.81246899213945], [127.33648381846196, 35.81227932757238], [127.33667042330184, 35.812177247861584], [127.33694776463629, 35.8120887640895], [127.33726495407441, 35.81204171674265], [127.33757651384168, 35.812003916845946], [127.33773538081033, 35.812045021278855], [127.33804762627379, 35.812168792896465], [127.33876866230123, 35.81246222764101], [127.34019182182735, 35.81259672916956], [127.34051407178067, 35.8126291110376], [127.34113876609689, 35.81270024259052], [127.34165142051768, 35.81280234111264], [127.34204066899021, 35.81287312026929], [127.3424260556713, 35.81294241037314], [127.34281774891774, 35.81301403173196], [127.34332795438978, 35.813082711471395], [127.34368541503076, 35.813131597125285], [127.34445106591441, 35.813249447697544], [127.34530755988203, 35.81340396507076], [127.34629902260755, 35.81331342166234], [127.34661200615498, 35.81325352968736], [127.34697853949052, 35.81317298236245], [127.34727876418945, 35.813135190043596], [127.34809291442963, 35.81267582520255], [127.34861718066858, 35.812028019309736], [127.34894938962063, 35.811528489222106], [127.34922044237013, 35.81130150198871], [127.34941829887039, 35.81118552112309], [127.34999339131673, 35.81050063057715], [127.3499587808075, 35.81036223698342], [127.3499415555054, 35.81031150580273], [127.34986682763463, 35.810071669002326], [127.34993445265549, 35.80998376184285], [127.35007018738662, 35.80991873932466], [127.35086781214373, 35.809579431309174], [127.35142141020613, 35.80916696365414], [127.3522391879528, 35.808259768573066], [127.35211135141233, 35.807544596170146], [127.35188768704955, 35.80694511278172], [127.35157418175156, 35.80653516115114], [127.3514993915924, 35.806281475776714], [127.35142502785952, 35.806124733767206], [127.35137764801638, 35.8059207698623], [127.35130410900372, 35.8056911406538], [127.35129177934101, 35.80546497273254], [127.35134213538434, 35.805317100439424], [127.35146613998592, 35.80516439930008], [127.35165268632977, 35.80505768023664], [127.35202049778405, 35.804931967104025], [127.35251310206874, 35.80483358896114], [127.35356619487693, 35.804608928651746], [127.35436913240783, 35.80420495157347], [127.35477496348211, 35.803709805944], [127.3550315207618, 35.80278115225046], [127.35507648703614, 35.802697924375614], [127.35520629197909, 35.80257751771744], [127.3556019265099, 35.80234091797207], [127.35612697088665, 35.80189619729927], [127.3567119604483, 35.80129422882259], [127.35697307839447, 35.801016585523286], [127.35751500342046, 35.80054872649136], [127.3579767596408, 35.7998964458164], [127.35815697732016, 35.79964662556415], [127.35841100492583, 35.799428902351075], [127.3584555510559, 35.799253345923184], [127.35845472377542, 35.79906869136477], [127.35847106024889, 35.79892091739555], [127.35852123079837, 35.79873611166908], [127.3586004597744, 35.79871279506337], [127.35881058074185, 35.79881373369782], [127.35905513745787, 35.79901151388883], [127.35910632467771, 35.79905291082855], [127.35918634230812, 35.79920501511169], [127.3593940160741, 35.79952875738439], [127.35963139612845, 35.79988230786265], [127.35989335407224, 35.800167746496], [127.36005314494113, 35.80041655878692], [127.36013906028224, 35.800619425217185], [127.36015291220129, 35.801177971750995], [127.36015921399722, 35.801468701405604], [127.36017288820469, 35.801838059936394], [127.36068044694385, 35.802547476677], [127.36114623787986, 35.80279075907558], [127.36141347904075, 35.80298846614526], [127.36165236861152, 35.80318164165645], [127.36210783529935, 35.803646539040855], [127.3623376532897, 35.804273613058974], [127.36242916555275, 35.80452269713603], [127.36311013218604, 35.80472377767401], [127.36327304801692, 35.80465237818732], [127.36386233418833, 35.804389135964094], [127.36454081751309, 35.80404547881163], [127.36481900112616, 35.80380746459051], [127.36492459124659, 35.80369809017857], [127.36507144614602, 35.80359146899391], [127.36528626357885, 35.80347541047642], [127.36547304107629, 35.80342406599222], [127.36569916956161, 35.803303356110895], [127.36593142978083, 35.80328418804862], [127.36671249204701, 35.803069468328346], [127.36752056794914, 35.802568444096586], [127.3678026374001, 35.802290600723644], [127.36822104917911, 35.802086206260164], [127.36866754033225, 35.801949734042644], [127.36888879906772, 35.80188105007609], [127.36929698859625, 35.80174755633048], [127.36944119153625, 35.801697426972765], [127.3698790202038, 35.80155949340727], [127.37041097340989, 35.80140090888835], [127.37068300061705, 35.80140469124506], [127.37104028830082, 35.80146361019913], [127.37199941817533, 35.80176996429235], [127.37289061836236, 35.80209037012436], [127.37317687050003, 35.8024013143333], [127.37339757727437, 35.80264739424812], [127.37353440295625, 35.80282239536013], [127.37363688264847, 35.80292364051067], [127.37368814365773, 35.80297887877582], [127.3737451373216, 35.803047948818495], [127.37377409750785, 35.803181736051066], [127.37380295186331, 35.80329244150279], [127.3743996459074, 35.80364605957519], [127.37474223424336, 35.80375612533987], [127.37492734395838, 35.80378753382825], [127.37511463565406, 35.80384696702376], [127.37530203620518, 35.80392948168232], [127.37556391120633, 35.804182571468324], [127.37572354150058, 35.80438519801627], [127.37583775083554, 35.80456950048898], [127.37619581755787, 35.80484637150133], [127.37626985801803, 35.8048682241971], [127.37637794521015, 35.80495559979367], [127.37649185077512, 35.80507527253816], [127.37661379374642, 35.805322519040466], [127.37666693475053, 35.805437270918574], [127.37674372851258, 35.805609992295196], [127.37679228596431, 35.80585424023503], [127.37686556815763, 35.80620974829303], [127.37692302382109, 35.80637575900649], [127.37693477192543, 35.806463434276495], [127.37693520817128, 35.806555761247644], [127.3769186852619, 35.80665737386207], [127.37688546705381, 35.80682366792568], [127.37690110827197, 35.80692392064134], [127.37700728787522, 35.80741880567107], [127.37711995699318, 35.8076406120235], [127.37721860962573, 35.80776437849938], [127.37726427480287, 35.807833482345295], [127.37729285188992, 35.807884173959046], [127.37734435884292, 35.80799019022434], [127.37733910569223, 35.808077919692735], [127.37742165384374, 35.80875627417145], [127.3775320510585, 35.808855314474386], [127.3776153196635, 35.80893041419944], [127.37769184626111, 35.80899694967977], [127.37783127358082, 35.80908737711612], [127.37794534148524, 35.80923936240993], [127.37804066457008, 35.8093679765797], [127.37812463252091, 35.809469953709474], [127.37823204285708, 35.80959927053441], [127.37837859765884, 35.8097735124476], [127.37895275569714, 35.81014102697008], [127.37946080545308, 35.80971472459437], [127.3795339985774, 35.809612933692975], [127.37958465399352, 35.8095389131164], [127.37963530930749, 35.80946489071569], [127.37973108337118, 35.80934456344486], [127.37981014179095, 35.809284302654945], [127.38000236931259, 35.80918675427201], [127.38010978562018, 35.809131019877746], [127.38026289230862, 35.80914900422383], [127.38042186056823, 35.80918129979923], [127.38077875200558, 35.8091750787149], [127.3810955512073, 35.80905405458629], [127.38123132483383, 35.80900284642986], [127.38135594081129, 35.808988604288615], [127.38146924146898, 35.80897901505919], [127.3818900005263, 35.8089009831998], [127.38209198658741, 35.808838556680044], [127.38238088891815, 35.80880994611471], [127.38315055717801, 35.8085813054994], [127.38368011845023, 35.80836383330819], [127.38381232307715, 35.8083068385524], [127.38397631959897, 35.80823245601963], [127.38403290365935, 35.80821381124339], [127.38444632589872, 35.80815248424606], [127.3846162555479, 35.80813347757881], [127.38491637468243, 35.80808174296887], [127.38508630517363, 35.80806273653629], [127.38516562240603, 35.808057867108985], [127.38530795635033, 35.808071317390564], [127.38539235830224, 35.8080663774415], [127.3855000593229, 35.808070651971114], [127.38563051631041, 35.808093317446385], [127.38584029615147, 35.80811111469178], [127.38593114940201, 35.8081477556422], [127.38611863816215, 35.80824410173595], [127.3868678823825, 35.80848176056809], [127.3870038741352, 35.80847671023761], [127.3870889504478, 35.80849028683628], [127.38724216944324, 35.8085313430996], [127.38730459923626, 35.80854961052666], [127.3873666082862, 35.80858330247108], [127.38755431865661, 35.80862267269832], [127.38794094169057, 35.80866576659705], [127.388173249792, 35.808689155963755], [127.38833681076713, 35.808703257819694], [127.38854064521345, 35.808695496411595], [127.38876181399104, 35.808684122247634], [127.38888635901141, 35.80866456143303], [127.38897732752618, 35.808672920089855], [127.38905670927552, 35.808668955450585], [127.38913043141625, 35.80866516319315], [127.3892377312595, 35.80866343150215], [127.38932847733643, 35.80867698725506], [127.38940677641985, 35.80871619424751], [127.38947779595338, 35.80874238540189], [127.38993591445562, 35.808887385968035], [127.39007204669063, 35.80886956001274], [127.3901746980865, 35.80885458238966], [127.3902549814303, 35.80884061459872], [127.39035495727309, 35.808816787964446], [127.39045685694283, 35.808793376786504], [127.39052481905034, 35.80878392446966], [127.3906057401586, 35.80879628906968], [127.39067347907933, 35.80879029190778], [127.39075717925971, 35.808783173938984], [127.39086281255993, 35.80880303940337], [127.39096152991677, 35.8088283726541], [127.39104553982898, 35.808845161992586], [127.3911088996565, 35.808860626015004], [127.39117226062358, 35.80887609180273], [127.39124740786006, 35.80889484483347], [127.39132060392339, 35.80891009557937], [127.39143997169397, 35.80893675275432], [127.39150041147538, 35.808946961842324], [127.39160227262693, 35.80894413720661], [127.39194197586966, 35.808933178540954], [127.39199574537066, 35.80892565889322], [127.39218028590984, 35.808903210579714], [127.39225402951648, 35.80891682138866], [127.39321360112176, 35.80927840138923], [127.39362672537081, 35.80915703099448], [127.39376795402086, 35.80906424295282], [127.39388658158724, 35.8089853783947], [127.39398244747584, 35.80888812068502], [127.39405004656658, 35.808804805151], [127.39412888604856, 35.80870298689846], [127.39416828567661, 35.80864746293814], [127.3942301684394, 35.8085549326775], [127.3942865460239, 35.8084947349663], [127.39433152001702, 35.80842072593723], [127.39439911613707, 35.80833741021253], [127.39444982537994, 35.8082772319205], [127.39452306648028, 35.80818928046943], [127.39460202004082, 35.80811054358891], [127.39472624488235, 35.8080178102256], [127.39493522425606, 35.80787401887603], [127.39507610727182, 35.80771198423183], [127.39518348697328, 35.80765162118131], [127.3953308802555, 35.80766037175348], [127.39600299243854, 35.80719653283027], [127.3961059898229, 35.806984512829295], [127.39616378565492, 35.80686486181191], [127.39627791257236, 35.80663704561665], [127.39646722814501, 35.80595781258681], [127.39650767516581, 35.80552817747487], [127.39652096575642, 35.80536673578371], [127.39672167861968, 35.80470131423999], [127.39653759559137, 35.8043610655083], [127.39645315093273, 35.804263636098966], [127.39642997958781, 35.80416214992732], [127.39642947494553, 35.80406059081286], [127.39648554948475, 35.803940381079975], [127.39654686945289, 35.80380622509992], [127.39664211531513, 35.80351515656795], [127.39652015444393, 35.80292003921606], [127.3963437238053, 35.802768276168564], [127.3962696664389, 35.80269003886214], [127.3962578289201, 35.80258851707426], [127.39629655691321, 35.802399117421935], [127.39627886944709, 35.80226068321857], [127.39630103444502, 35.802159049348], [127.39637403861188, 35.802024934215694], [127.39658834686993, 35.801816492318125], [127.39671271810748, 35.80175607091918], [127.39718664235903, 35.80133442141774], [127.3973951641333, 35.8011029159999], [127.39750232733805, 35.80100100362175], [127.39769453720986, 35.800908043235985], [127.39789138397386, 35.80088978499225], [127.398010386164, 35.800875957870545], [127.39844213246714, 35.800822486560335], [127.39864014671215, 35.80075720465538], [127.39891191969792, 35.80071014447365], [127.39910449664596, 35.800691042218276], [127.39918949844883, 35.8006907627269], [127.39933063415448, 35.80058411968247], [127.39952846214557, 35.80048190433182], [127.39968689903293, 35.80043521716452], [127.39986233491432, 35.80038847235312], [127.4002585658656, 35.800299450808744], [127.40053118719902, 35.800301784735844], [127.40075712092535, 35.80027471695862], [127.40128501776977, 35.800041371945106], [127.40137906558756, 35.799995668915706], [127.40163926811886, 35.79990247792655], [127.40178075001563, 35.79986507711585], [127.40184867987264, 35.79985100137991], [127.40205818550616, 35.79981799090723], [127.40215856505012, 35.79980916445032], [127.40231696108883, 35.79979005511977], [127.40248724377402, 35.79976362453551], [127.4027603860246, 35.79972332492631], [127.4035252604065, 35.79957520186823], [127.403688761243, 35.7995309564731], [127.40383602463766, 35.79951661502113], [127.40403812467056, 35.799485892636454], [127.404157541172, 35.79946450461115], [127.40443974145857, 35.79941841171057], [127.40461169968374, 35.79938476423225], [127.4048290484402, 35.79881919150899], [127.40486332904828, 35.79871915733404], [127.40489126443245, 35.79864058451646], [127.40491919866062, 35.7985620125967], [127.40496968403599, 35.79846028172228], [127.40502604530778, 35.79840007987727], [127.40521770200847, 35.79820093225341], [127.40539976938378, 35.79795664475292], [127.40548210825055, 35.79782149939581], [127.40561733180331, 35.797668704714106], [127.40586457042734, 35.79725701343474], [127.40595471913117, 35.79715514913785], [127.40598279271362, 35.79710427482015], [127.4060732453683, 35.797062424116504], [127.4069556851269, 35.79675939046445], [127.40702415420768, 35.796694919796906], [127.40710776333755, 35.79657883780907], [127.40718659991462, 35.79648162802624], [127.40732202778062, 35.7963703777723], [127.40749728737725, 35.79629130785231], [127.40789351175255, 35.79620687743672], [127.4080689806454, 35.79616935302778], [127.40827294845406, 35.79616404887434], [127.40846003388171, 35.796181882022324], [127.4085734568796, 35.79619996521399], [127.40876921504504, 35.796260487095275], [127.40895734534772, 35.79632283801661], [127.40901535966482, 35.796343223587996], [127.4092073055352, 35.79640465897798], [127.40941350370095, 35.79647410997849], [127.40997260725581, 35.79610751841219], [127.40985288010481, 35.79596481597422], [127.4097898162316, 35.79582191940429], [127.40977222546125, 35.795706568871225], [127.40981630084009, 35.79546174985932], [127.40988811554055, 35.79510142576626], [127.41005568989488, 35.79462998261105], [127.41015080826624, 35.794394222733125], [127.41022371091715, 35.79424625073886], [127.41034768129671, 35.79411195404781], [127.41068104054872, 35.793926165390985], [127.41098640035936, 35.793805100685226], [127.4116075465309, 35.79338751070809], [127.4117345781076, 35.79311782061107], [127.41178674743821, 35.79297603908512], [127.41187109879442, 35.79285110806702], [127.41237840786393, 35.79233695748789], [127.4126263838783, 35.79207759185189], [127.41278472467197, 35.79201703814016], [127.41286454915372, 35.79200202581349], [127.41311240370872, 35.79183126312471], [127.41299737625782, 35.79168615923478], [127.41288729211591, 35.7915315236785], [127.41271879768446, 35.79132018400685], [127.41242863666257, 35.79109035307508], [127.41235474040921, 35.791044440486395], [127.41234871807244, 35.79097521480064], [127.41235342986376, 35.79079054173638], [127.41238664036703, 35.79063808643128], [127.41244337648438, 35.790462684608634], [127.41257071060578, 35.79007425536109], [127.41246289696737, 35.78980655056898], [127.41238203824965, 35.789603830361955], [127.41231240680166, 35.78942883755217], [127.41227769787302, 35.78929046294562], [127.41231131217373, 35.78921648598861], [127.41238067705278, 35.78908190299258], [127.41242827116454, 35.788823690646296], [127.41237496786535, 35.7883760788498], [127.41244195696186, 35.78818196142658], [127.41248697323996, 35.78812179403346], [127.41230514731963, 35.787671036851414], [127.412257435268, 35.787559374112185], [127.41249775282412, 35.786916872061354], [127.41238405713226, 35.78684339579047], [127.41218508880664, 35.78671481498605], [127.41203154299801, 35.786604544100754], [127.41203682939756, 35.78653066244967], [127.41214414394922, 35.78646566814564], [127.4122289397634, 35.786428447518546], [127.41234201477694, 35.78638189737222], [127.41243247579834, 35.786344657175185], [127.41251037891321, 35.786296251939845], [127.41301396857874, 35.78594104345897], [127.41309030824176, 35.78573556016559], [127.41313571939276, 35.78562017555001], [127.41317351567947, 35.78554276457164], [127.41324327698001, 35.785363208648256], [127.41339498368009, 35.78511801893437], [127.41358139968739, 35.785011203361506], [127.41370006764359, 35.78495078396006], [127.41384684648631, 35.78484872057894], [127.41398509166856, 35.78419271512611], [127.41390417271539, 35.783883691582155], [127.41395432525337, 35.783721944878266], [127.41399897885539, 35.78359253261755], [127.41405467761165, 35.78340768463075], [127.41408240829558, 35.783292179344535], [127.41415750599741, 35.7831463692239], [127.41421291361418, 35.78301980746944], [127.414241169213, 35.782950543926994], [127.41427847499138, 35.78286217946207], [127.41462457092283, 35.7823541159212], [127.41466639835441, 35.78228379696946], [127.41479519255807, 35.781992521013194], [127.41489669197756, 35.78189984319063], [127.41516822069718, 35.781820433451166], [127.41562450289726, 35.781315675377506], [127.41549031137215, 35.780568274237474], [127.41470517314588, 35.77992928591606], [127.4140932699747, 35.7799120390345], [127.4139912331461, 35.779908650115104], [127.4136230860674, 35.77992837559814], [127.41350959061546, 35.77989183229769], [127.41343560857129, 35.77982745464795], [127.41338421574838, 35.77974915055193], [127.4132929274816, 35.7796248192372], [127.41267107485587, 35.778998660611606], [127.41255863623022, 35.778953328198924], [127.41250702911398, 35.77883347728178], [127.41241897963467, 35.77823825754888], [127.41206643328726, 35.777985555951744], [127.41203763292812, 35.777893325077336], [127.41203139650224, 35.77778255187945], [127.41203103923208, 35.777713306612064], [127.41199073799191, 35.77762582060207], [127.41189391234063, 35.777487568252425], [127.41173885250528, 35.77733665513373], [127.41157524158949, 35.77721166697392], [127.41134164453159, 35.77695394159483], [127.4112214912657, 35.77672352902036], [127.41120942499448, 35.77658046101256], [127.4112421803866, 35.7763402939058], [127.41159008308145, 35.77569281107074], [127.41111206807298, 35.77527434078391], [127.41080454912515, 35.77515238041113], [127.41041386061333, 35.77499972678377], [127.41013545177287, 35.774839095009554], [127.4099194286574, 35.77469210142985], [127.40977128957466, 35.774526412059316], [127.4091523549207, 35.77424228802926], [127.40893114452314, 35.77418763991928], [127.40879497540745, 35.77414655203767], [127.4086021106381, 35.77409642322353], [127.40851697197007, 35.77406439595447], [127.40840898754628, 35.77399551255474], [127.40760779958376, 35.77351810660342], [127.4069651875783, 35.77303092804623], [127.40672689020715, 35.77295786684232], [127.40657925553177, 35.77288911586153], [127.40660160890194, 35.77282902804593], [127.40678779398108, 35.77268067551143], [127.40708064271757, 35.772430055251355], [127.40731233517998, 35.7722311160128], [127.40793864367308, 35.771744280812996], [127.40794922014264, 35.77159651927774], [127.40798238318209, 35.77143483144606], [127.40806100550114, 35.771300689625555], [127.40813946244833, 35.771134233603505], [127.40820813849984, 35.770528686649094], [127.40821516108764, 35.77042766300124], [127.4080590851504, 35.76981420404556], [127.40799875149621, 35.769614325158734], [127.4079462942397, 35.769404278528306], [127.40789175289797, 35.76921462996917], [127.4075502198061, 35.768783260770554], [127.40738429730217, 35.768565422944334], [127.40733656513463, 35.76831518086784], [127.40727918809436, 35.7679471738538], [127.40726179564221, 35.76777610483552], [127.40722656408128, 35.767624201150596], [127.40723093390291, 35.767370282073216], [127.40697749746262, 35.76654479209862], [127.40626840321178, 35.76622909625544], [127.40621683996618, 35.76622419811206], [127.40605245875183, 35.76620166735177], [127.40597868313303, 35.76617421701593], [127.40582537206367, 35.7661008669866], [127.40572292407349, 35.76600426568767], [127.40568278194353, 35.76590745596746], [127.4056774416682, 35.765815069412916], [127.4056682226752, 35.76527043554602], [127.40562218382587, 35.76512747944199], [127.40564986367235, 35.76504867168225], [127.40561939822148, 35.76457813274366], [127.40551636669566, 35.76436612120012], [127.40547028070085, 35.764213933546095], [127.40545423165649, 35.76403710415762], [127.40544076688619, 35.76397859454981], [127.40546843218708, 35.76384924048449], [127.40547933920219, 35.76376610825354], [127.40552390422273, 35.76361823304266], [127.40558002984716, 35.76351648327971], [127.40564195971471, 35.76344241240405], [127.40572074232918, 35.763340586161775], [127.40588958645402, 35.76312766383075], [127.40604595469915, 35.762992300935444], [127.40609560298849, 35.76293500321436], [127.40616014884253, 35.762868234274514], [127.40618553963697, 35.76229109465569], [127.40613479623403, 35.76203189893303], [127.40607577941972, 35.761673406587065], [127.40605151807124, 35.76155291310183], [127.40599692910176, 35.76142003408625], [127.40593711523941, 35.76133170765772], [127.40585702403929, 35.76117501766114], [127.40579958864896, 35.76101825027397], [127.40577061318929, 35.76088908805524], [127.40576429324534, 35.76075984850213], [127.40580930043474, 35.76069968339892], [127.40589388442764, 35.760625536836784], [127.40605776149646, 35.76055112436649], [127.40615116224723, 35.76047891351265], [127.40619874935254, 35.7604306226979], [127.40650742445463, 35.75987099629094], [127.40651268875219, 35.759792499253294], [127.40648940068932, 35.759667933328906], [127.40644886173584, 35.75949264494439], [127.40639713907433, 35.75934509193178], [127.40638541192465, 35.75926665229811], [127.40644190910773, 35.75923876380491], [127.4065895664025, 35.759316746747544], [127.40673174736494, 35.759431679967186], [127.40685684424386, 35.75952820483078], [127.40697040173323, 35.75958322039554], [127.40711204391079, 35.75959197722798], [127.40730638855706, 35.75957527503011], [127.40740992379996, 35.75952831380088], [127.4075529509468, 35.7594196831728], [127.40764935345166, 35.75944244144704], [127.4077178341286, 35.759492760268635], [127.4078215004133, 35.75956969661916], [127.4079096523755, 35.759631923710735], [127.40796829727725, 35.75967628775256], [127.40803280763122, 35.759725088612335], [127.40810904553271, 35.759782762233755], [127.40818943899113, 35.75983763500031], [127.40828684997645, 35.759896410098655], [127.4083990971811, 35.75996217000103], [127.408525479052, 35.76003869514072], [127.40877460646728, 35.76018650842127], [127.4094007804277, 35.7604210124941], [127.40946310906521, 35.76044404750091], [127.40956339439961, 35.76047929332642], [127.41038036970455, 35.76057297993168], [127.41044747853282, 35.76057785840969], [127.41058288124661, 35.76058023347437], [127.41068531514426, 35.76056781858197], [127.41078152895066, 35.76055364304889], [127.41087776755873, 35.760544082718816], [127.41094570987048, 35.76053923525329], [127.41106458004305, 35.76052498208798], [127.4111268587719, 35.760520154776145], [127.41122878460942, 35.76051519099256], [127.4113817106526, 35.76051467077843], [127.41144408442963, 35.76052830894183], [127.41155191046558, 35.76056949006369], [127.41162570655432, 35.76060155411376], [127.41177882306457, 35.76063796467022], [127.41194902340317, 35.760692782487666], [127.41205109333764, 35.76071551690918], [127.41213057825175, 35.76075217832648], [127.41226691446806, 35.76083019304214], [127.41240891674678, 35.76090818817481], [127.41253824038075, 35.760990836578806], [127.41301638565183, 35.76128373634141], [127.41308506662351, 35.761321361616794], [127.41319030058996, 35.76135529860466], [127.4137997834615, 35.76152435038803], [127.41385048263815, 35.76152282587154], [127.41392411884912, 35.76151834197055], [127.41404296795247, 35.7615124379296], [127.41410531111268, 35.76150840917344], [127.41420156015147, 35.76150327855416], [127.41437690208255, 35.76149533024518], [127.41455288559018, 35.7614825315807], [127.41475002854727, 35.76146582122566], [127.41486306064313, 35.76145491369856], [127.41497073084345, 35.761446132615625], [127.41503866029103, 35.761436581898465], [127.41510658715441, 35.76143185831165], [127.41520865232357, 35.761418636012976], [127.41530014110867, 35.761406105362475], [127.41538394988174, 35.76139263591288], [127.4154458331728, 35.7613818575974], [127.41551947483539, 35.761368045540166], [127.41558763318372, 35.761354907600705], [127.41567851205183, 35.76133739028436], [127.41576939087004, 35.76131987109708], [127.41584851239259, 35.761305386482], [127.41598482884315, 35.76127910929157], [127.41648046692659, 35.76103073767377], [127.41656014183697, 35.760989703999925], [127.41660146692993, 35.76096884446819], [127.41663538815702, 35.7609558903022], [127.41671048860887, 35.76093186026291], [127.41676438276886, 35.76087941115429], [127.41683217938662, 35.760846862380454], [127.41692261059421, 35.76080961975282], [127.41700749638147, 35.7607954776052], [127.41706977603201, 35.760790646312444], [127.41717736537731, 35.760785659653266], [127.4172679858778, 35.76078534712729], [127.41743783618014, 35.76078508495456], [127.41758507364736, 35.76078352482045], [127.41768709206279, 35.76077936637895], [127.41780030983698, 35.7607797041021], [127.41797594860203, 35.76077476334116], [127.41812884938795, 35.76077314140392], [127.41844595231298, 35.760770216334144], [127.41856496228449, 35.760773349631506], [127.41873491308381, 35.760774969816474], [127.41881986841801, 35.76077501021098], [127.41891048964797, 35.76077505244353], [127.41909602649677, 35.7607919347847], [127.41932971408951, 35.76079206756982], [127.41941467210118, 35.760791772265314], [127.41954508743784, 35.7608190186455], [127.41965858265638, 35.760860173610595], [127.42050709787567, 35.76065410274883], [127.42062919504765, 35.76061565069889], [127.42097890280466, 35.76051979387208], [127.42119709570578, 35.76046242717424], [127.42134843387929, 35.760421683735444], [127.42199453001092, 35.76023805873154], [127.42223655435205, 35.76007223248629], [127.42226532278224, 35.76003399008836], [127.42233861135598, 35.759969104185714], [127.42241197301418, 35.75991806677406], [127.42253630833456, 35.75986685117115], [127.4227224863431, 35.75980536544436], [127.42288554487921, 35.75975216760449], [127.42320913058869, 35.759642910550156], [127.42355367014812, 35.75946166263848], [127.42381962304216, 35.75941456773273], [127.42399498018518, 35.75937240517263], [127.4245871780025, 35.75889945011566], [127.4246018594012, 35.758826108558104], [127.42465167142281, 35.758595986495656], [127.4246867735615, 35.75845592178971], [127.424719971107, 35.75830807959392], [127.42477587223757, 35.75816938974458], [127.42492761643975, 35.75794726765761], [127.42498964675862, 35.75789626959769], [127.42510257687996, 35.75783124193847], [127.42518726151621, 35.75778016281225], [127.42553505736073, 35.75731406276349], [127.42557227538515, 35.75726027354195], [127.42562024626594, 35.757192352321916], [127.42582096587576, 35.756596124725746], [127.42581576440638, 35.75641158081551], [127.42580534709272, 35.75617612952626], [127.42579374879053, 35.75603279233666], [127.42579479912507, 35.75593606512638], [127.42583370712295, 35.75579743399052], [127.42588408899724, 35.75568646252203], [127.42599439645494, 35.75550370596344], [127.42605788761772, 35.75535346684767], [127.42602401955084, 35.75507550492267], [127.4259937953504, 35.7550166910134], [127.42589680386361, 35.754883156389596], [127.4258964851829, 35.75482314333769], [127.42592989934317, 35.7547168472735], [127.42596905367255, 35.754624380576146], [127.42595141789265, 35.75444899961878], [127.42592224692505, 35.75434294316948], [127.4258932169161, 35.754209167875516], [127.42590922336908, 35.75402445327538], [127.42588258960176, 35.75383965620903], [127.4258208339618, 35.75337846339275], [127.42582578490189, 35.75324456867007], [127.4264706928614, 35.753108418589065], [127.42804477906665, 35.75304284519573], [127.42980023772401, 35.7530043045419], [127.43154399345458, 35.75289653443865], [127.43248310719218, 35.75270852193687], [127.4331887452358, 35.75228590081038], [127.43290202176243, 35.75175165404044], [127.43285692941386, 35.75166848553565], [127.43275925695195, 35.75141031328315], [127.43272450376797, 35.7512673276583], [127.43275154696917, 35.75103179255147], [127.43289135375724, 35.75070352361775], [127.43313279453032, 35.75031949428843], [127.43367280320234, 35.749643557204635], [127.43401960859005, 35.748848285503044], [127.43385472960396, 35.74872884819042], [127.43373533135303, 35.748641565080966], [127.43371779226264, 35.748540065853675], [127.43379003402164, 35.748285901474816], [127.43412284518493, 35.747685746537144], [127.43421618880357, 35.747504193523355], [127.43444030090349, 35.747060209728396], [127.43462041059563, 35.746856437816774], [127.43472179244714, 35.746754511729804], [127.43481788476268, 35.74672185145749], [127.4349198426682, 35.74672610097997], [127.43506146366408, 35.74673482506143], [127.43513518082722, 35.7467530253418], [127.43533988115598, 35.74686720488563], [127.43557220361927, 35.74693149467131], [127.43615012826959, 35.746946844802835], [127.43630281570807, 35.74694732670372], [127.43651234440767, 35.746946570233774], [127.4367727523044, 35.74699399859605], [127.43689334557205, 35.7470113156012], [127.43713574193161, 35.747032031147604], [127.43784764935651, 35.74673400540292], [127.4380283312969, 35.7466364050753], [127.4381811268438, 35.74661738536609], [127.43844159451193, 35.74661182462429], [127.43865104408106, 35.74659721590694], [127.43914669191344, 35.74610607479154], [127.43933888086883, 35.74599240602658], [127.43940368693912, 35.74596341813919], [127.43973946242282, 35.74577153529872], [127.43972979288364, 35.74504217173636], [127.43968314679617, 35.74479766987553], [127.43969965282723, 35.74470989676851], [127.43973903918517, 35.74466358918597], [127.43986341468067, 35.74462620613404], [127.43997679767074, 35.74464887469752], [127.4401297414113, 35.744657552318145], [127.44032255419778, 35.744707631183], [127.44111416531743, 35.74449238997095], [127.44150918015094, 35.74424165956195], [127.44177504710134, 35.74418990818748], [127.44190546706618, 35.74422174672066], [127.442035913759, 35.74425820128608], [127.44216055188845, 35.74426082469424], [127.44227359286691, 35.74422963463882], [127.44241518570648, 35.74423373300908], [127.44255109173235, 35.744233235859426], [127.44278346608546, 35.74426931733274], [127.44311922303226, 35.74434274992071], [127.44350916060507, 35.74442361825157], [127.44369598466669, 35.74440029324964], [127.44379138432173, 35.744390808872126], [127.44389290039412, 35.744379254180885], [127.44412543468339, 35.7443490084836], [127.44427877639836, 35.74432846310088], [127.44479205509289, 35.74408534425212], [127.44489426648123, 35.74401228211859], [127.4449565301278, 35.744007437384134], [127.4455386399285, 35.74397663639012], [127.44559615651654, 35.74395891813213], [127.44568114670457, 35.743967837661764], [127.44573234398094, 35.74400919623925], [127.4458411137719, 35.74418124727512], [127.44606332506139, 35.744465005642205], [127.44685739356494, 35.74469289584102], [127.44694228145538, 35.74468335067244], [127.44706693856315, 35.74469673902109], [127.44719164845296, 35.74471935958617], [127.44731648644328, 35.744765062702506], [127.44739030892337, 35.74480172106888], [127.4474951667088, 35.744873076151556], [127.44758340853393, 35.74490256889384], [127.44771270266476, 35.74495484595592], [127.44788410258779, 35.74500301679551], [127.4479748611275, 35.74503038010833], [127.4482134471242, 35.74516337322653], [127.44895588804201, 35.745271413403636], [127.44926164722158, 35.74525711264409], [127.4496241115873, 35.745239475416504], [127.4499466383615, 35.745226183653855], [127.45028035266567, 35.745155695550345], [127.45077295955875, 35.74514462639033], [127.4510052157317, 35.74503105297106], [127.45112887669096, 35.744963491184464], [127.45122404096813, 35.74491586754938], [127.45132842944393, 35.744865456777184], [127.4514223283777, 35.74481443726622], [127.45185645329354, 35.74453432080986], [127.4519068953075, 35.744501472271004], [127.45198685574977, 35.74444335675658], [127.45203729765768, 35.7444105090646], [127.45240024921581, 35.74396765196563], [127.4524534924165, 35.74390576026902], [127.4525325095911, 35.7438592985676], [127.45263810172978, 35.74383266827109], [127.45287433073459, 35.74374222163677], [127.45315975745496, 35.74362612764896], [127.45327269778835, 35.74357030694136], [127.45343091147218, 35.7435096992347], [127.45359476216133, 35.74344445559923], [127.4537578475731, 35.743409798096216], [127.45391700784806, 35.74335091750772], [127.45413184699515, 35.74329009792652], [127.45419961443542, 35.743257528209604], [127.45426751405162, 35.74324803930883], [127.45434679072052, 35.74324774084736], [127.45444308164787, 35.74325199613995], [127.45453370917573, 35.74325627275221], [127.45464706687937, 35.74327431221261], [127.45471014353821, 35.74328511610695], [127.45477735903587, 35.74328305411114], [127.45489844080184, 35.74322740388849], [127.45502001192544, 35.74313441596011], [127.45520066343492, 35.74303679090031], [127.45542113783063, 35.74297133052643], [127.45604139260436, 35.74250734852328], [127.45610532172952, 35.74240661261152], [127.45634419807928, 35.74198454729621], [127.45634073101934, 35.74186459687779], [127.45633295135687, 35.74172603189634], [127.45632636823011, 35.741628988087214], [127.45632751079908, 35.741472372100105], [127.45631783705345, 35.74133372686995], [127.45611720359389, 35.740905153649734], [127.45607056377776, 35.74066989066302], [127.4561031432362, 35.740425095711714], [127.45614720687767, 35.7402079566407], [127.45624252084701, 35.74004140491385], [127.45633243467609, 35.739921038120954], [127.45661194571528, 35.73928752842413], [127.45667278361692, 35.739033394376584], [127.45675049870017, 35.73886938208974], [127.45680424711803, 35.73872429265563], [127.456845890657, 35.73860802741603], [127.4568870009225, 35.73787385671391], [127.45667865867753, 35.73708522958739], [127.45661204774872, 35.73688769547501], [127.45655804107304, 35.73678561595031], [127.45653098531129, 35.736652664079315], [127.4564901252365, 35.73652494954676], [127.45644261309022, 35.73640288502299], [127.45642140375428, 35.73626385173888], [127.45640944407378, 35.73616695892418], [127.45637835529502, 35.73605689458749], [127.45636084421699, 35.73596463098549], [127.4563487568055, 35.73583079942423], [127.45636545350429, 35.73577995615909], [127.45635939773588, 35.73571073138365], [127.45638744316679, 35.7356644613454], [127.456466397253, 35.73560876562233], [127.45659974226204, 35.735533060871134], [127.45679319215138, 35.735325928039586], [127.45727530997691, 35.734689324471375], [127.45740015705651, 35.734529603706804], [127.45791762833758, 35.733927506822965], [127.45801340595568, 35.73384404748718], [127.45810931557322, 35.73378367076024], [127.45819969563989, 35.73374639730091], [127.4583507202247, 35.73370086881335], [127.45841266394902, 35.73368167473087], [127.45900226158297, 35.7334940648089], [127.45912547447628, 35.73325815736894], [127.45923778644395, 35.73309615454496], [127.45948629936997, 35.73298903320844], [127.45973425666753, 35.732784967148355], [127.45996599565531, 35.732714839130814], [127.46014415881066, 35.732639599906676], [127.46025400773449, 35.73258448291887], [127.46064874287649, 35.73230983418576], [127.46073322034347, 35.73222719102831], [127.46085738144131, 35.732157471372275], [127.4612126637351, 35.731950161172136], [127.46139741498688, 35.73184613368048], [127.46151765980625, 35.73178102030399], [127.461634297416, 35.7317093504268], [127.4616846588421, 35.7316732481104], [127.46186691305347, 35.731562152747856], [127.46203391117017, 35.73145438187501], [127.46218335445414, 35.73136299650134], [127.46231290870456, 35.73124709004281], [127.46235785674592, 35.7311869048179], [127.46247611316669, 35.731075656971214], [127.46262291998951, 35.731005849351405], [127.46275856171451, 35.73096378216255], [127.46287425415194, 35.73090242518632], [127.46292875560769, 35.730876532172594], [127.46299709821828, 35.73084646168846], [127.46320039790575, 35.73073789068153], [127.46328465853091, 35.73069546280019], [127.46337814574112, 35.73065024776699], [127.46343599262369, 35.730619569443064], [127.4635499875592, 35.73058438117176], [127.46414250350728, 35.730409120028796], [127.46439612795928, 35.730209638764094], [127.46454859286118, 35.730139806058], [127.4646843382453, 35.7301162032176], [127.46492204837912, 35.730101439752026], [127.46513735437053, 35.73006991958772], [127.46548221136305, 35.730021333597236], [127.46564601950087, 35.72997400977393], [127.46578758799217, 35.729978081727566], [127.46650678024504, 35.730003007667065], [127.4669665189091, 35.729934856150344], [127.46711835863923, 35.72991592966079], [127.46725352804832, 35.729898562913256], [127.46739966363315, 35.72987576205163], [127.46803408205993, 35.729766284371244], [127.46842857060136, 35.72954008832292], [127.46863774535778, 35.72939924613006], [127.46876205740158, 35.72935721540697], [127.46906459576397, 35.72922764224512], [127.4693126550567, 35.729119845381675], [127.4694453807463, 35.72905911233862], [127.46998087679954, 35.72865540125353], [127.46999710232302, 35.72852607667087], [127.47007048598437, 35.728488858886706], [127.47020636363624, 35.728488331603764], [127.47032533785033, 35.72850171817279], [127.47039888309003, 35.72849219903131], [127.47054036768154, 35.72848241599363], [127.47064785540056, 35.72846814858791], [127.47089097721806, 35.728411804772854], [127.47126368437516, 35.7283833978421], [127.47135994256612, 35.72836961179504], [127.47145680681398, 35.728354202822324], [127.47156186303162, 35.72832145648232], [127.47178101922361, 35.72824891442674], [127.4718711727085, 35.728214348911315], [127.47205559845507, 35.7281256602959], [127.47213485883752, 35.72812535113224], [127.47288215439245, 35.72811781480582], [127.47308902371377, 35.72802083669995], [127.47317343101247, 35.72798851081478], [127.47322649714934, 35.72794565878627], [127.47329419135161, 35.72790384513655], [127.47336199253131, 35.727880497944064], [127.47345030902942, 35.72785770178229], [127.47353150951137, 35.72782443652807], [127.47397807773697, 35.72765424816045], [127.47403981616432, 35.7276147044043], [127.47415838040386, 35.72755884282327], [127.47441273713932, 35.72748859879623], [127.47492478338971, 35.72695569517007], [127.47496411319317, 35.72690475996832], [127.47500352516403, 35.72686767326565], [127.4751218397847, 35.726770262506726], [127.47529107893243, 35.726668036021444], [127.47548892716172, 35.726616477123976], [127.47577420482453, 35.72603368212855], [127.47541917881668, 35.72565763822313], [127.47527285305078, 35.725504760545114], [127.47527194926424, 35.725352420570104], [127.47537844452603, 35.72517196048136], [127.47551332781731, 35.725039479628386], [127.47559753803961, 35.72488487817604], [127.47563049195887, 35.72471393924844], [127.47566401983589, 35.7246399453353], [127.47569754875143, 35.72456595050676], [127.47577068018109, 35.724487182816624], [127.47600752108052, 35.72432929083955], [127.47622881763911, 35.724060290646236], [127.47626004554857, 35.72401578154513], [127.47644019705479, 35.72378284479294], [127.47655678404215, 35.72363116073334], [127.47668328492645, 35.72345671819078], [127.47680523597361, 35.72328744427158], [127.47710942803063, 35.723032339523996], [127.47732369901142, 35.72288838327097], [127.47791569676001, 35.722479797250955], [127.47823482636593, 35.721883012852636], [127.4783493536907, 35.72115315893305], [127.47829779685685, 35.72102405838016], [127.47813735956237, 35.720729282688396], [127.47803375303377, 35.72044347123236], [127.47800639906795, 35.720287605937585], [127.47785509567814, 35.719913284774094], [127.47710559773975, 35.71953769356116], [127.47692392566698, 35.719450697974466], [127.47671919802484, 35.71929454557645], [127.47663920300826, 35.719170215553504], [127.47662180887916, 35.71910103747561], [127.47640695757707, 35.718654960301556], [127.47630659006073, 35.71845135871446], [127.47622093602361, 35.71832705168954], [127.47611846547771, 35.71823050794288], [127.47606724404287, 35.718184546827565], [127.47601582934755, 35.71810626795096], [127.47598697771662, 35.71801405185615], [127.47598063087166, 35.717898667119826], [127.47596870590421, 35.71779715059569], [127.47594510204286, 35.717635667642845], [127.47597176053162, 35.71735857514867], [127.47600153173553, 35.71726651201387], [127.47601562199284, 35.71711834488131], [127.47611967421174, 35.716837309573386], [127.476277560783, 35.71642484484777], [127.47612990685951, 35.716015444806004], [127.47608107230359, 35.71587779560145], [127.476041631095, 35.71577946842751], [127.47597862391667, 35.71565507157952], [127.47594402947267, 35.715549030186025], [127.47592636226997, 35.71543368656244], [127.47596453293568, 35.715188865161586], [127.47590877918596, 35.71507319267728], [127.47565155497529, 35.71491310816838], [127.47558895942007, 35.71485795648921], [127.47558277690815, 35.71477026874689], [127.47566071057813, 35.71454837171486], [127.4756709359841, 35.7143636725633], [127.47572111217818, 35.71423421365672], [127.47576601322639, 35.71416940632215], [127.4758503469896, 35.714072129044446], [127.47591836930583, 35.7139676204565], [127.47596240518911, 35.713877796400695], [127.47605523948873, 35.713780068071735], [127.47614702754284, 35.7136746226569], [127.47623526500875, 35.71357629230254], [127.47638411755295, 35.71340064021576], [127.47645076195492, 35.71332013210317], [127.47652196848371, 35.71324025299926], [127.47661998141172, 35.71312589968526], [127.47672888975234, 35.71300923374225], [127.47681703519812, 35.71290497298418], [127.47694017065118, 35.712618354453944], [127.47700982348213, 35.71246782639013], [127.47716320011898, 35.71210034234015], [127.47731202890719, 35.711535440042205], [127.47735130906545, 35.71137019735547], [127.4774554158122, 35.71079272827373], [127.47748517085208, 35.71008629069261], [127.47725491173124, 35.709440894345484], [127.47715775256309, 35.70928431754813], [127.47709477528956, 35.709164537311636], [127.47705438486832, 35.70903543583127], [127.47701402208321, 35.708910950516724], [127.47698506273453, 35.70880026977106], [127.47696870664689, 35.70868537160951], [127.47695090036079, 35.708574664676746], [127.47693418043424, 35.70850885999175], [127.47688048747351, 35.70834826768542], [127.47689657633623, 35.70826918169595], [127.47688515741204, 35.708182056338586], [127.4772623247501, 35.70783433305536], [127.47733540980231, 35.7077509481502], [127.47752131233592, 35.707602487547696], [127.47769064805281, 35.70752333860838], [127.47778667661798, 35.707490644292214], [127.47806604473554, 35.70688016623325], [127.47808731781774, 35.706759976089245], [127.47810600847247, 35.70666255230788], [127.47812011238679, 35.70645523713389], [127.47817549947398, 35.706251892962584], [127.47829456076126, 35.70579756121661], [127.47832479383612, 35.70566039337123], [127.47831567658694, 35.70550852990581], [127.47830637197565, 35.705360995970366], [127.4782932679511, 35.70520875087932], [127.47827994079177, 35.705102387520164], [127.47826403514206, 35.70496354729602], [127.47824208670572, 35.704848805748824], [127.4781417063736, 35.70438235489538], [127.47766855573028, 35.70381639855244], [127.47759601535527, 35.703746460491004], [127.4775284419107, 35.70367615118438], [127.47740143242139, 35.7035594603954], [127.47730398094953, 35.70346334357756], [127.4772504128164, 35.703404253437306], [127.47719032893097, 35.70334740622464], [127.4771049374926, 35.70326464599106], [127.47698544982752, 35.70315893753293], [127.47687126566197, 35.702993196085195], [127.47677961304211, 35.70280889828507], [127.4764156597166, 35.702519492857014], [127.4763126327964, 35.702326008007354], [127.47616295781388, 35.701901881915624], [127.47613411206892, 35.70180966556453], [127.47611647419815, 35.70169893877957], [127.4760805961998, 35.70143135343795], [127.47600397906652, 35.70086379949478], [127.47571246397547, 35.70038021626297], [127.47561529269821, 35.700219021682294], [127.47551746169657, 35.69993194669452], [127.47534442125075, 35.69939835343053], [127.47524856091252, 35.69923002881192], [127.47515016515716, 35.69908981298393], [127.47501827396044, 35.69879949311184], [127.47426212493286, 35.698220783893824], [127.47413609336995, 35.69815819875609], [127.47399777789835, 35.69809393592646], [127.47385440686557, 35.69802260525678], [127.47368101475946, 35.6979351183365], [127.47358669209036, 35.69789104337884], [127.47354351483582, 35.69784533773815], [127.47345018423341, 35.697776165629485], [127.47335892641739, 35.69765649438601], [127.47329339607381, 35.697541329203496], [127.4731876456702, 35.697403257710825], [127.4726925316238, 35.69693892855738], [127.47254954683878, 35.69688626188443], [127.4723921255913, 35.69686162169287], [127.47229081675472, 35.696795648839], [127.4719552435082, 35.69667405167373], [127.4716436288108, 35.69661525298915], [127.47134828632282, 35.696436361400345], [127.47113802413945, 35.69628945293208], [127.47054737335105, 35.69593628267168], [127.46993676587986, 35.69580072055746], [127.46982107231845, 35.6957709859353], [127.46974267721201, 35.69575475088055], [127.46903966151568, 35.695540502508535], [127.4688583770656, 35.69550889100959], [127.4687080486591, 35.69544200738014], [127.46854329918638, 35.69539273643091], [127.46843516912664, 35.69536181920764], [127.46831235272177, 35.6953302001546], [127.46821201213909, 35.695303652424855], [127.4677760097673, 35.69526378995133], [127.4676060733664, 35.695236747865316], [127.46741336239118, 35.69518671154921], [127.46732410820925, 35.6951609050346], [127.46720640318429, 35.69512619077393], [127.46706195382887, 35.69509573862895], [127.46697880611761, 35.69505492274777], [127.46690636702535, 35.695034076170664], [127.46682492364819, 35.69500643104011], [127.46670467200467, 35.69496785610881], [127.46659695955043, 35.69493595682904], [127.4665231757499, 35.694899309660094], [127.46644375781078, 35.69486729968107], [127.46630745453031, 35.694784728862956], [127.46621653098819, 35.694720448264], [127.4660971263815, 35.69462396193716], [127.46571514620065, 35.69414070212987], [127.4656025238245, 35.69404333645692], [127.4654861027333, 35.69393959535956], [127.46534406485713, 35.69382035308986], [127.46524409166466, 35.693725880821894], [127.46514634029971, 35.69364431057989], [127.46505536649107, 35.69357079666506], [127.46499850849851, 35.6935248505428], [127.46494733503366, 35.69348349874384], [127.46487899777424, 35.6934098972592], [127.46482782554939, 35.69336854540337], [127.46478223179243, 35.69331332306705], [127.46473055193914, 35.69318425879517], [127.4647469401127, 35.693082634073654], [127.46496029664235, 35.69279097563471], [127.46506141106875, 35.692661325741184], [127.46516648155153, 35.69255680141287], [127.46526385011357, 35.69243895624104], [127.46542455957305, 35.69185204413154], [127.46541512279103, 35.69170910846708], [127.4653804704225, 35.691339323139616], [127.46537556389328, 35.691210540623835], [127.46546237538627, 35.69109973354893], [127.46553642305054, 35.69099197339697], [127.4655845512681, 35.69091769831382], [127.46563967864611, 35.69084311674425], [127.46569768698069, 35.69076716669029], [127.46575734129219, 35.690687408679864], [127.46579033569908, 35.69063857815516], [127.46586808653753, 35.69050872774102], [127.46608239073596, 35.69014141179692], [127.46613814791193, 35.689998085831284], [127.46623357046057, 35.689863840643675], [127.46627267073382, 35.68977597663114], [127.46643554125981, 35.68956299096284], [127.46656632478569, 35.689057962652676], [127.4665793418684, 35.68898999152668], [127.46654609990757, 35.68881910059871], [127.46652826930884, 35.688709091171084], [127.46649479288344, 35.688551398439586], [127.46647638246249, 35.68843684162982], [127.46645090287939, 35.68831186286956], [127.4664477960564, 35.688201184406616], [127.4664507668064, 35.68802111065988], [127.4664515477652, 35.68789186356173], [127.46645851419785, 35.68767475821861], [127.46634699968295, 35.686987331993095], [127.4663344202935, 35.68677040508219], [127.46635271220076, 35.68667641184734], [127.46635989614694, 35.68628557566652], [127.46633524919956, 35.68593943333679], [127.46630585544173, 35.68575027028879], [127.46635594992784, 35.685606966064135], [127.46648547856142, 35.68550028725198], [127.46675340756016, 35.684866795955095], [127.46661958453616, 35.68469163796631], [127.46632019599612, 35.68432371916714], [127.46601903105648, 35.68391998272063], [127.46593805066415, 35.683803528298455], [127.46588042197608, 35.68362370787309], [127.46584588091031, 35.683522278120925], [127.46583349247281, 35.68333766538699], [127.46584971635532, 35.6832083413109], [127.46586604752919, 35.6830974820717], [127.4656701255003, 35.68248885949561], [127.465602592757, 35.6823257588421], [127.46552511806257, 35.68213143056241], [127.46542888923182, 35.68187117818413], [127.46517807816282, 35.68155360463872], [127.46508674311293, 35.681415459922555], [127.4650405008497, 35.681291104374054], [127.46493231214012, 35.68112983039226], [127.46479744756365, 35.68092415717867], [127.46457928482835, 35.68060668158865], [127.46448709634811, 35.680462149661075], [127.46442234958361, 35.68032636680686], [127.46430037455532, 35.680097457146594], [127.46418947783988, 35.67987699642795], [127.46417607902761, 35.679516960928645], [127.46419716277556, 35.679249123319615], [127.4641248052777, 35.67847844746074], [127.46360347563598, 35.67807307987168], [127.46350530682903, 35.678000704401185], [127.46319123338468, 35.677857172296335], [127.46308282314264, 35.67780771197973], [127.46268274221269, 35.67762991665802], [127.46249801679673, 35.67756306337977], [127.46229058937412, 35.67749477834042], [127.4622355976763, 35.67747789232925], [127.46213293364615, 35.67746120730804], [127.46203462723598, 35.67741269865824], [127.46189471508998, 35.67736055338583], [127.4617982051258, 35.677299983125266], [127.46170747121586, 35.67726893796569], [127.4616279951742, 35.67722307681081], [127.46150301567428, 35.67713583954641], [127.4614199889976, 35.67704149977558], [127.4613380589395, 35.67698412415546], [127.46130166058954, 35.67693868354159], [127.46117878810108, 35.676837003974875], [127.4610989930139, 35.676735745142786], [127.46105896498408, 35.67666203280258], [127.46103024999995, 35.6765882789323], [127.46100135142203, 35.67648220881146], [127.46080476646306, 35.675748934827794], [127.46070773617201, 35.675601576661144], [127.46062175487778, 35.67540801112835], [127.46054677181448, 35.67515900489855], [127.46027210134409, 35.67461991943601], [127.46016367682948, 35.67445875358256], [127.46014601446507, 35.67433879310541], [127.46016663353045, 35.673987860298], [127.45995600393064, 35.67351274675701], [127.45991431674075, 35.67341640123653], [127.45988575620696, 35.67335185026071], [127.45989654126718, 35.67325947990513], [127.45990716850336, 35.673139410409355], [127.45996887395557, 35.673046845537556], [127.46015380288414, 35.672736837180295], [127.46025505810762, 35.67263488926099], [127.46039020495074, 35.67252357812453], [127.4605272788386, 35.67244130300755], [127.46073951820259, 35.672268342393515], [127.46090604518307, 35.67210104514957], [127.46109917182255, 35.671892852365104], [127.46115599114478, 35.67183300018943], [127.46121976143232, 35.67176474943027], [127.46128504158006, 35.67169843329494], [127.4613491271893, 35.6716351112257], [127.46142385964694, 35.67156208396433], [127.46148183481056, 35.67148532561802], [127.46159461135439, 35.67139662078549], [127.46176330342877, 35.67123957594765], [127.46190421052931, 35.67114670901233], [127.46205656471614, 35.67107688050785], [127.46227128413, 35.671029894919464], [127.46240693135354, 35.67100629425454], [127.4630500222499, 35.670680679298535], [127.46314577294044, 35.670606449852876], [127.46320216117901, 35.67057391867807], [127.46330922700747, 35.67049964467255], [127.46339384970324, 35.67045777121557], [127.46351230845666, 35.67039730395935], [127.46361421038189, 35.67035572253814], [127.46370412850378, 35.670304238921], [127.46382671573937, 35.6701705116379], [127.4639767038335, 35.6700027655169], [127.46413129275653, 35.669817868256715], [127.46457451471635, 35.669174473645256], [127.4645583812921, 35.66893463478947], [127.464546044085, 35.66880517472309], [127.46453157209723, 35.66859757612204], [127.46453094636225, 35.668528460732155], [127.46451366610007, 35.66843606749366], [127.46451886955458, 35.668357566278495], [127.46454295882582, 35.66828351930371], [127.46454061244269, 35.66820527523435], [127.46454443590801, 35.66809905164154], [127.46455056822298, 35.66796965909853], [127.46458336434341, 35.667771023336684], [127.46458301552082, 35.66771100973832], [127.46457647812845, 35.66755869078636], [127.46457049911822, 35.66750331523411], [127.46455309926475, 35.667429518436855], [127.46462069378875, 35.667378478051425], [127.46472233681462, 35.66734577153379], [127.46491376582853, 35.66731019744245], [127.46501999489392, 35.66729186451382], [127.46513796238301, 35.66727091030745], [127.4652927972646, 35.66723634579262], [127.46545063899683, 35.66720664895483], [127.46555304063509, 35.6671856166144], [127.46574563966047, 35.66714491563887], [127.46582426526443, 35.667129175379536], [127.46593815513023, 35.66710393438272], [127.46606998640607, 35.667072345561074], [127.46618222125518, 35.66705121874724], [127.46625370613408, 35.66703980853562], [127.46633830112742, 35.66702919560915], [127.46641733470628, 35.66701907553144], [127.46652918274576, 35.66700761605847], [127.46662547421707, 35.666994405205365], [127.46671620314878, 35.66698168449778], [127.46680749808425, 35.66696735095079], [127.46691491774834, 35.666953153993155], [127.4670112101812, 35.666939941025646], [127.46715550983981, 35.66691267293841], [127.46752816601409, 35.66683224617383], [127.46769275971377, 35.66679230063765], [127.46777396412875, 35.66677080166553], [127.46785990997066, 35.66673624998968], [127.46811920660677, 35.66661945014745], [127.46819706641467, 35.66658564978366], [127.46832276449155, 35.66652161484519], [127.46843413263943, 35.666472792249515], [127.46855053345297, 35.66640277002522], [127.4686466698427, 35.666347332564975], [127.46873312476424, 35.66630100764432], [127.46885309690975, 35.666235718236805], [127.4690656317205, 35.6661102578219], [127.46929110806981, 35.66597088950526], [127.46946719817453, 35.66586088756412], [127.46962932110979, 35.6657618344413], [127.46974229426236, 35.665638332904685], [127.46979223152003, 35.66558235372165], [127.47014074123125, 35.665182786246454], [127.4702299016385, 35.664951614548045], [127.47042089060355, 35.66472004682397], [127.47053324541695, 35.66458573075582], [127.47067837294128, 35.6643402846323], [127.47076231427859, 35.664095491226355], [127.47096455882482, 35.66385464596239], [127.47148762222773, 35.66333556047577], [127.47160008302268, 35.66321970919418], [127.4717181469233, 35.66309460410278], [127.47178565063452, 35.66302970925739], [127.47199430566795, 35.662918098827475], [127.47209577694392, 35.66285768969816], [127.4723831656615, 35.662667291420235], [127.47256350877979, 35.66255117383137], [127.47280044547959, 35.662439452819605], [127.47288513635249, 35.662411423206386], [127.47306378284817, 35.662304466678094], [127.47320635267688, 35.662218073637185], [127.47331880334326, 35.662152651605254], [127.47340347724854, 35.6621063005842], [127.4735398832374, 35.66203120993001], [127.47360676645968, 35.66199311500095], [127.47398285467148, 35.66188918921946], [127.47407494321915, 35.6618606645954], [127.47436352950193, 35.66177779155796], [127.47452703254089, 35.66168482171118], [127.4750748175598, 35.66152571034449], [127.4755518996578, 35.66132105671658], [127.4757832987636, 35.66122327009427], [127.47605666919358, 35.66111098324254], [127.4767855442943, 35.660965002480694], [127.47732261250596, 35.66012904260284], [127.47740548147685, 35.6599831807691], [127.47745809915011, 35.659909786849575], [127.47789031356265, 35.65934486762373], [127.47786979873244, 35.658749418130974], [127.4772290629161, 35.6584934228172], [127.47697981575284, 35.65843438986691], [127.47680407878528, 35.65837045174784], [127.47668485005563, 35.65829705704714], [127.47661068417221, 35.65819116957579], [127.47643488188078, 35.65799635881684], [127.4761779909258, 35.65772198843042], [127.47606977814208, 35.65759776900197], [127.47600703575523, 35.65751030220953], [127.47586941847001, 35.657196921102326], [127.47554322365087, 35.65656112422499], [127.47545761067697, 35.65643219863839], [127.475358436232, 35.656114357002124], [127.47528499392709, 35.65593890987267], [127.47494394195029, 35.65565864192269], [127.47473367176859, 35.65549327216652], [127.4745234035578, 35.65532790202766], [127.4743695090761, 35.655129995140555], [127.47438035712632, 35.65505147293446], [127.47443069270746, 35.65495432803783], [127.47463011866046, 35.65424260337465], [127.47463373701785, 35.653914785205274], [127.47463175695435, 35.6537116932103], [127.47463168226557, 35.65355012088525], [127.4745794383901, 35.65332411644006], [127.47462354322268, 35.65313005025052], [127.47469959149008, 35.65300028764944], [127.47471797956737, 35.65283883810977], [127.47466579167363, 35.65262206792768], [127.47461379412299, 35.652437611314156], [127.47462439801222, 35.65231754028965], [127.47465688787304, 35.65207273743126], [127.4746207683677, 35.65191006245255], [127.47457590157505, 35.65176836487974], [127.47454013723653, 35.651459199549485], [127.47418477035217, 35.65066655143002], [127.47401404837989, 35.650328070484626], [127.47389853529975, 35.650085991585726], [127.47359400620348, 35.64928220085768], [127.47354293466306, 35.649251793417825], [127.47349143341086, 35.6491504310446], [127.47347411126263, 35.649090484939535], [127.47350209198639, 35.649039593412425], [127.47374264763283, 35.648368210315375], [127.47378583345666, 35.648239825724914], [127.47388616822779, 35.647990140565746], [127.47397784756201, 35.64787763845897], [127.47407667147802, 35.64768470436083], [127.47376722428966, 35.6470026730546], [127.47326141000617, 35.646589163959156], [127.47288201182405, 35.64651216642928], [127.4727851292103, 35.646387898357666], [127.47271636424227, 35.64623582270874], [127.47266462128422, 35.646092911096424], [127.4724352145423, 35.64555367488659], [127.47174865084736, 35.64517779794499], [127.47156196807822, 35.645195895687856], [127.47124002016238, 35.64524441059233], [127.47097988490539, 35.64525003901477], [127.4704109303272, 35.645033851427165], [127.47029398093368, 35.64498494787043], [127.47018048976564, 35.64492075765421], [127.47013451460437, 35.644796290462175], [127.47005395867505, 35.64456116057731], [127.47003615452876, 35.64441811712347], [127.47008482645317, 35.644243384891176], [127.47010623015868, 35.64416118056055], [127.47024130379235, 35.64371560969396], [127.46984823428639, 35.6432324014219], [127.46970614342688, 35.64311292255667], [127.46952990677721, 35.64295664407565], [127.46945565558478, 35.642832286797095], [127.46939274420369, 35.642712500721544], [127.46906643627125, 35.642424622186155], [127.4689608775949, 35.64236331822215], [127.46888137722631, 35.642308228883444], [127.46885269579636, 35.64223909265502], [127.46881825029105, 35.64215151167219], [127.46877168789162, 35.64192548207953], [127.46877119696751, 35.64181004832589], [127.4687521852961, 35.64169094994961], [127.46873015968802, 35.64159325242287], [127.46827479396386, 35.64109181399395], [127.46813825662682, 35.64095384714153], [127.46801887556664, 35.6408481287929], [127.46790509494728, 35.64073315587561], [127.46781350874103, 35.640544232407436], [127.46755031574813, 35.64003014141981], [127.46740741323907, 35.639760991232706], [127.46726396675629, 35.63954028577491], [127.46706503532518, 35.63923602868615], [127.46701947122912, 35.639180806480304], [127.46693413353144, 35.639093421306164], [127.4669394125063, 35.639028770173994], [127.46682416270649, 35.638659891936584], [127.46645276790248, 35.63800577771099], [127.46648047993179, 35.63790872257112], [127.46657015925685, 35.637769882083475], [127.46667125418418, 35.637649462696295], [127.46683439523889, 35.63750110468462], [127.46707883301777, 35.63709309464026], [127.46714958114639, 35.636976567065936], [127.46719843548388, 35.636890319003065], [127.46723965546688, 35.63676939319292], [127.46728179915279, 35.636644061037174], [127.46732087721924, 35.63652392220892], [127.46739290097639, 35.63629403571206], [127.46778880807192, 35.635624691902], [127.46783762217373, 35.63553842659815], [127.46789133472741, 35.63545651885711], [127.4682403754656, 35.63509638783472], [127.46839721737085, 35.63492827900162], [127.46845546523636, 35.634249422813774], [127.46857809946786, 35.633945842115814], [127.46863717443593, 35.63382173691487], [127.4686757839269, 35.633729134402685], [127.46871438517874, 35.63362889537164], [127.46876775097684, 35.633495720212515], [127.46879396923755, 35.63323244108349], [127.46882648004546, 35.63289996156933], [127.4687024031428, 35.63234762586628], [127.46867565894324, 35.63224961395596], [127.46866874668066, 35.63211567019065], [127.46862234384822, 35.63183433251568], [127.468654952249, 35.63160799716335], [127.46866778551106, 35.631340311423166], [127.46866338333446, 35.63111399565724], [127.46869065924945, 35.63094307815744], [127.46871761497643, 35.63071676294666], [127.46878423173149, 35.6305041451566], [127.4688455711994, 35.63035617861842], [127.46891269955003, 35.63023127218418], [127.46905901931144, 35.630110675548714], [127.46919984508908, 35.6300177991582], [127.46941962020966, 35.62988768506014], [127.4695606082575, 35.62982250664084], [127.46985146216659, 35.6292766265769], [127.46984063677478, 35.62918075371434], [127.46983342128605, 35.62912582362314], [127.4698205042866, 35.62907905882861], [127.46978775080342, 35.62901834927997], [127.46976475579841, 35.62895380638029], [127.46974154368445, 35.628852332582746], [127.46975748228517, 35.62867684264068], [127.46978936872152, 35.62847956064627], [127.46978965417462, 35.62837664419676], [127.46983138837739, 35.628262166715935], [127.46988911507265, 35.62797923532218], [127.46979672776958, 35.6276518199758], [127.46977922525184, 35.62755955750952], [127.4697901846078, 35.627499499444106], [127.4698682110871, 35.62730530189179], [127.47001190765177, 35.626736910626825], [127.4697428600575, 35.626174738353065], [127.46955929818486, 35.62583404992761], [127.4694661144433, 35.625659585456965], [127.46941703134421, 35.625571235848156], [127.46933167760835, 35.625479235837126], [127.46908695356282, 35.62520780854476], [127.46903560739521, 35.62512952677252], [127.46902381419761, 35.62504647464049], [127.4690177299925, 35.62497263389767], [127.4690387772642, 35.624898474824725], [127.46909713547002, 35.62470278423248], [127.46912488831168, 35.6245801912624], [127.46914673610675, 35.62450156771138], [127.46917830718719, 35.62439032770657], [127.46922893686194, 35.62405733903192], [127.46925121413074, 35.62392284520917], [127.46926529880847, 35.62379445701998], [127.46915423279746, 35.6231716549813], [127.46909701837569, 35.62305646337892], [127.46905124652027, 35.62296431079772], [127.46901110269995, 35.62286751812586], [127.46899362804078, 35.622779871716354], [127.468978563245, 35.622653492397845], [127.46894702199495, 35.622544608878485], [127.46875723367772, 35.6219959762854], [127.46871459973737, 35.62186520228026], [127.46866297868351, 35.621690000329416], [127.46861967355723, 35.621516214363375], [127.46860823717012, 35.62145725469133], [127.46859099729102, 35.62143299347031], [127.4685554621735, 35.62141623806582], [127.46847266206593, 35.621397761137246], [127.4683720117813, 35.62137224874919], [127.46825369378092, 35.62133899264205], [127.46791600191457, 35.621237500024854], [127.46721319068942, 35.62094475697997], [127.46712142670958, 35.62092049791276], [127.46679491179825, 35.620842900428556], [127.46651108054745, 35.6207720351941], [127.46624403348461, 35.62071620980786], [127.46596213809701, 35.620686434201914], [127.46588850246127, 35.62066363535546], [127.46572804784859, 35.620610137386755], [127.46566197002262, 35.62059987484696], [127.46550936652407, 35.62060969368619], [127.46544157417686, 35.62061918742337], [127.46537959483207, 35.620656358643046], [127.46529518584076, 35.62072593098935], [127.46522776549757, 35.62080005494006], [127.465160157886, 35.62084186324023], [127.46506996230937, 35.62088837505882], [127.46494594824479, 35.6209534827709], [127.46477656778089, 35.620995682663576], [127.4646410868442, 35.62103313432405], [127.46452248670181, 35.62105667256395], [127.46446600008925, 35.621066122162425], [127.4643134489173, 35.6210851729131], [127.46416652577527, 35.62109958632755], [127.46391233613895, 35.62114210991373], [127.46385070113325, 35.621239291725736], [127.46377210382016, 35.62133654060327], [127.46371017644442, 35.62138294348799], [127.46360867091745, 35.62142949774367], [127.46346772035766, 35.621499285468296], [127.46338333544955, 35.62157347274377], [127.46317514667128, 35.621749697737414], [127.46311306002997, 35.62176840185611], [127.46299448494423, 35.621796553958504], [127.46286462782537, 35.621829365650555], [127.46269524549682, 35.62187156262884], [127.46259923295419, 35.621890394966925], [127.46251455441833, 35.62191380188245], [127.46222136741339, 35.622058034269514], [127.46208590892056, 35.6221000993363], [127.46196162502378, 35.622119039596114], [127.46188244382704, 35.622114725017084], [127.46179749941666, 35.62209196703025], [127.4617123969287, 35.62204150961662], [127.4616271618797, 35.62196796903882], [127.46158168992022, 35.621926594202264], [127.46137761525188, 35.62183504143745], [127.46113409420848, 35.62176672021994], [127.46106598123936, 35.62172081457898], [127.4609352767787, 35.621605898442134], [127.46081041179286, 35.62152327616359], [127.4605892179785, 35.62140408664818], [127.46031716588166, 35.6212897083105], [127.46022651618536, 35.62125773737968], [127.46011861461508, 35.62117505047559], [127.45998172997282, 35.620967824224046], [127.45988487316102, 35.62083893040539], [127.45973142510837, 35.62070101522703], [127.45954415699975, 35.620581697007765], [127.45936278288822, 35.620503904192226], [127.4591471937632, 35.62037545789476], [127.45911298065674, 35.62032480557188], [127.4590787664899, 35.62027415324274], [127.45902753986744, 35.62021433299379], [127.45891409171658, 35.62015013157379], [127.45877250644253, 35.62010911810757], [127.45868759248066, 35.62009097415728], [127.45859699859729, 35.62006823540312], [127.45849501739274, 35.62003168812033], [127.45839882161924, 35.62001820416349], [127.45827438309865, 35.620009441219565], [127.45817253267414, 35.61999597678759], [127.45805364361551, 35.61996872705559], [127.45796307635833, 35.61995060318465], [127.45789517726318, 35.61994162762718], [127.45779898057901, 35.61992814139132], [127.45766886236603, 35.619914783939414], [127.45749921941845, 35.619910808265416], [127.45734093623739, 35.61991602196052], [127.45722791028678, 35.61992568277339], [127.45709245269975, 35.619967742233385], [127.45685543357669, 35.62004711760953], [127.45655616959097, 35.62011749477879], [127.45647141461238, 35.620127047748895], [127.45636391071535, 35.62011360320689], [127.45617138858019, 35.620063546879216], [127.45607527286812, 35.62006390895453], [127.45596784773115, 35.62006431285338], [127.45573069843675, 35.62012060379008], [127.45536916045984, 35.62017736175754], [127.45506397949727, 35.62020159304298], [127.45487742415267, 35.62020690938446], [127.45469097552244, 35.62023069229501], [127.45465679140895, 35.620184655851396], [127.45466189738492, 35.62008768842036], [127.45466150543555, 35.62001844262717], [127.45464410042639, 35.619940026501965], [127.45459227529523, 35.61977402571191], [127.45444378673042, 35.619511440460805], [127.45441520328974, 35.61945614828358], [127.45434107807743, 35.6193456296606], [127.45426721193127, 35.619281275468396], [127.45406878076639, 35.61918507168305], [127.45397216926627, 35.61909771939589], [127.45393795885626, 35.619047065568715], [127.45386393790672, 35.61895501171076], [127.45377842753602, 35.61883068561709], [127.45371602690243, 35.618793987892374], [127.45361423198732, 35.61878975301964], [127.45348442679395, 35.61883178805087], [127.45337168956642, 35.61889222508244], [127.45329826636382, 35.61890634864205], [127.45314556133968, 35.6188976876366], [127.45260860371509, 35.618927395154486], [127.4525068335744, 35.618927774718166], [127.45230900101919, 35.618937746694755], [127.4522355538049, 35.61894725423286], [127.45212268444823, 35.618984608764514], [127.45202693256073, 35.61904959806783], [127.45189149962734, 35.6190962679641], [127.45182373061864, 35.61911037032036], [127.45171625698299, 35.619101537873604], [127.4516029719016, 35.61906502801647], [127.45153507422219, 35.61905604796129], [127.45138249657568, 35.61907046697603], [127.45128090779016, 35.61910316209177], [127.4511230416259, 35.61918223061307], [127.45099352067595, 35.61927504372922], [127.45086939386975, 35.61932167105769], [127.45078463790567, 35.61933122003146], [127.45064902247091, 35.61934557375262], [127.45036679493106, 35.61942972184116], [127.45027651350847, 35.61946237384341], [127.45003393887146, 35.61956022295221], [127.44992687743155, 35.61962525193119], [127.4497297395423, 35.61975986347114], [127.44962825255904, 35.61981102227862], [127.44952082877349, 35.619811421323924], [127.44943010747478, 35.61976559340933], [127.44936775971655, 35.61973812506701], [127.4491470275232, 35.61969739453592], [127.44905651191468, 35.61968849649991], [127.44895476766987, 35.61969349023732], [127.4487119081345, 35.619740555920785], [127.44865554943323, 35.61977308126836], [127.44850330605482, 35.6198475090575], [127.44841862544928, 35.61987090608789], [127.44817563736443, 35.61989488753734], [127.44766737528614, 35.62000294814076], [127.44759963157385, 35.62002166439631], [127.4473122064158, 35.62018892194246], [127.44721058992401, 35.62021699646641], [127.44713690851752, 35.620184952672446], [127.44700080394672, 35.62011159134828], [127.44687040348332, 35.62004743964199], [127.44676827347855, 35.61998318476713], [127.44663214391107, 35.619905205846614], [127.44649033535165, 35.61982263144956], [127.4463882059352, 35.61975837624584], [127.44625757681551, 35.61965267651461], [127.44612134573912, 35.61955623011525], [127.4460306522746, 35.619515015894684], [127.445877818651, 35.61948326341986], [127.44571948416129, 35.61947922930246], [127.44549905838753, 35.619493890050784], [127.44541990504491, 35.61949418180258], [127.44531263406647, 35.61952227473114], [127.44525056936502, 35.61954558594584], [127.44510950358787, 35.6195968872172], [127.4448441021509, 35.61965787658763], [127.4446405875662, 35.619663239691285], [127.44445961067318, 35.619654671111945], [127.44440294490984, 35.619631797402036], [127.4443405489742, 35.619595092993166], [127.4442438198201, 35.619484651472476], [127.44417576940145, 35.61944796872708], [127.44409083379394, 35.619425196382224], [127.44400592375528, 35.61940704115161], [127.44376835749696, 35.61938944642636], [127.44366648576472, 35.61937135342898], [127.4435476533829, 35.61935332278569], [127.44340042250127, 35.619312311998925], [127.44331553821948, 35.61929877435575], [127.44323067942736, 35.61928985112388], [127.44306669185883, 35.619285835215706], [127.44280666348205, 35.61929601849706], [127.4426994183783, 35.61932872627588], [127.44255290121369, 35.61941697553127], [127.44241761460871, 35.61949133516828], [127.4422595332942, 35.619533461051994], [127.44215223682664, 35.619556935797725], [127.4420561458368, 35.61956190296344], [127.44194301568467, 35.619553082551064], [127.44179598946785, 35.61954900269785], [127.44143439522985, 35.61959648634999], [127.44129887790808, 35.619629295565495], [127.44082443258637, 35.61971873799262], [127.44056478227526, 35.61979816417848], [127.4401983146058, 35.61998877475223], [127.44010833076258, 35.620076816275265], [127.44005810354615, 35.62019702800043], [127.43996256682316, 35.62030355516451], [127.43981049122392, 35.62041028955839], [127.43974839893428, 35.620428980775166], [127.43965793510911, 35.620429309125214], [127.43951080633349, 35.62040676049211], [127.43939767745194, 35.620397937689354], [127.43921114670313, 35.62040784695568], [127.43905303773447, 35.620445352371085], [127.4389344548084, 35.620473481751674], [127.43885002399942, 35.620543034831186], [127.43880512042445, 35.62060321296291], [127.43874933593014, 35.62074191165211], [127.43869915449613, 35.620871357176455], [127.43859849195506, 35.62107484923616], [127.43848646779189, 35.621269150725], [127.43842495298004, 35.62139401920422], [127.43838025018023, 35.621491128277626], [127.43835803621411, 35.62156507457837], [127.43833034591756, 35.62167135356313], [127.43833082460063, 35.621759068196724], [127.43833145332206, 35.621874477778874], [127.43830345949259, 35.621925361458466], [127.43821859844631, 35.62191643561732], [127.43813358632649, 35.62187981116479], [127.43801449855492, 35.62181561053928], [127.43784444961564, 35.621737743203475], [127.43756141923492, 35.621678751475336], [127.43745399387994, 35.62167913977547], [127.43717144248349, 35.62170785816486], [127.437052732529, 35.6217129043223], [127.43688306137659, 35.621704282463014], [127.43670775942432, 35.62170029894456], [127.43628981114028, 35.621784902375545], [127.43611476079118, 35.621827081655766], [127.43605834644602, 35.62185036768813], [127.43600208021203, 35.62190135136033], [127.43597976480667, 35.62195683032212], [127.4359574983843, 35.62202154273731], [127.43593528203161, 35.622095486799154], [127.43589072615042, 35.62222029351993], [127.43584624308511, 35.622358950861404], [127.43578494987645, 35.62252536718892], [127.43576838702938, 35.62259929076531], [127.43573531355149, 35.62275637225542], [127.43566823968509, 35.62289972668848], [127.4354890073804, 35.62321429570566], [127.43546679028209, 35.623288240573125], [127.43565490471303, 35.6235691723256], [127.43570664213946, 35.623725949774766], [127.43571269673215, 35.62379979243255], [127.4357074686022, 35.623878292259555], [127.43568540179207, 35.62397993661133], [127.43565197592048, 35.62407238659863], [127.43560744247291, 35.62420181036464], [127.43560801836982, 35.62430798828966], [127.4356083188483, 35.62436338719132], [127.43552973418582, 35.62446984950904], [127.43530473859815, 35.624687636344206], [127.43523726319086, 35.624757126505905], [127.43519257860643, 35.62485885066144], [127.43518732268271, 35.62493273328837], [127.43518219514817, 35.62502969997832], [127.435275087923, 35.62547717158896], [127.43526988318938, 35.62556028765691], [127.43525892435447, 35.62562495905526], [127.43515829615971, 35.62583768073565], [127.43508045979287, 35.62608263726964], [127.43506441970057, 35.62625350697157], [127.4350309693994, 35.62634134138323], [127.43496917145087, 35.62641542724359], [127.43486796655421, 35.62652197167325], [127.43467096127179, 35.62668887443497], [127.4345642014625, 35.62681390410376], [127.43448551313581, 35.62690189972882], [127.4342601606584, 35.62705505405419], [127.43406292712878, 35.62718040846685], [127.43391070706201, 35.62726405226531], [127.43379226185768, 35.62731987427762], [127.43365695379701, 35.6273942232298], [127.43353292995445, 35.62746391505942], [127.43349367160334, 35.62752407085444], [127.43348353344633, 35.62774108451403], [127.43344462377854, 35.627865870822205], [127.43341107137711, 35.62793523788211], [127.43303256793918, 35.628001224484876], [127.43293671509552, 35.62805234808155], [127.43286891021977, 35.62806182355825], [127.43264873301605, 35.628127242666785], [127.4323999590945, 35.62813274679299], [127.43223597980149, 35.62813333254172], [127.43215120997645, 35.6281428666796], [127.43205523331714, 35.62817090910655], [127.43185769675912, 35.62824086193381], [127.43167712357132, 35.62831075365445], [127.4315645797761, 35.62841271776302], [127.43146364069976, 35.628570041064584], [127.43135682379595, 35.62868583445543], [127.43117704240579, 35.62890345250626], [127.4311100544929, 35.62906526944379], [127.43103721269516, 35.629190175485206], [127.43101511379216, 35.62928720176868], [127.43085804748128, 35.629523203505876], [127.43068391829027, 35.629740800586276], [127.43056566521096, 35.629833551435595], [127.43053210841542, 35.62990291950066], [127.43052702229326, 35.63000911760771], [127.4305503326983, 35.63013829783896], [127.4306255259104, 35.63045195428817], [127.4307231143645, 35.630723983349306], [127.43077546612272, 35.630996173185736], [127.43075408465076, 35.63122707580499], [127.43070946514926, 35.63134264797176], [127.4306197564514, 35.63148608037148], [127.43054142946998, 35.631643321106615], [127.43050809578878, 35.63175423649623], [127.43046327764739, 35.63183287748832], [127.43050888677627, 35.631901962614315], [127.43053185117071, 35.63196651229398], [127.43056632479838, 35.63206795351809], [127.43061773719144, 35.63216471872264], [127.43066910018145, 35.632252250458286], [127.43077140543137, 35.63234883363732], [127.43089057752623, 35.632426890957085], [127.43111721567328, 35.63250918176862], [127.43129283752477, 35.63256857211291], [127.43138946350797, 35.63266055873142], [127.43144665583267, 35.63278038556902], [127.43145928082436, 35.63302501641929], [127.43148829781866, 35.63316340867588], [127.43153981018042, 35.63327863854202], [127.43156853184072, 35.633361634619774], [127.43159194421732, 35.63350928054089], [127.43161505885674, 35.633601527607894], [127.43162703923248, 35.63372613268159], [127.4317242876149, 35.63393352935119], [127.43183795737622, 35.63403930447451], [127.43193433850615, 35.634085127016725], [127.43209857842528, 35.634130706090055], [127.43226299473135, 35.63420860061675], [127.43242177938647, 35.6342911314913], [127.43255226633654, 35.634369146509165], [127.43266578742414, 35.63444722232182], [127.43269433540212, 35.634497902424535], [127.43267794151608, 35.6346041411496], [127.43256544001447, 35.63471533957822], [127.4324590134125, 35.63490499778015], [127.43236960118905, 35.635103828431916], [127.4323374846414, 35.6354409495211], [127.43231580829342, 35.63561645520505], [127.4323277132916, 35.635727209559164], [127.43233386524713, 35.635819518228175], [127.43233431275738, 35.63590261465491], [127.43230747763883, 35.63617046958256], [127.43226953055328, 35.63647529522229], [127.43223587309679, 35.636526198625056], [127.432196709927, 35.636604819010465], [127.43214616143811, 35.63666963115838], [127.43208432812025, 35.63673910012035], [127.43200540385725, 35.63678554676064], [127.43187022727373, 35.63688759221811], [127.43178029108859, 35.63698947717071], [127.43174673131104, 35.637058844608084], [127.4317362658297, 35.63721584363799], [127.43169166933296, 35.63733603233431], [127.43162437663842, 35.63744245327154], [127.43149490405528, 35.637553710575276], [127.43140496664857, 35.6376555943437], [127.43128667914898, 35.63774372958381], [127.43123032443786, 35.63778086309241], [127.43106637278419, 35.63779067992829], [127.43097591518166, 35.637795618158705], [127.43086286174761, 35.63780525350239], [127.43069350280972, 35.637861254533895], [127.43051298131233, 35.63794499335839], [127.43038348162737, 35.638051634108564], [127.43020337887391, 35.63821385262567], [127.43011388434458, 35.63839883275305], [127.43003569925523, 35.63858377063215], [127.42995217922925, 35.63882874462419], [127.42992429899851, 35.638902707623295], [127.42986828895009, 35.63900446913645], [127.42980077218952, 35.63906934083943], [127.42971636234175, 35.639148120934564], [127.42963200175468, 35.63923613530709], [127.42954769038525, 35.63933338125304], [127.42948614919217, 35.639458246786575], [127.42946394690472, 35.63953680488209], [127.42943087914668, 35.63969850150305], [127.42941998677803, 35.6397770210688], [127.42939781015467, 35.63986019811545], [127.42935878966314, 35.63996651606982], [127.42929218412884, 35.64020219565688], [127.42923609832687, 35.64029010806701], [127.42916872808198, 35.640382677912164], [127.42907863649695, 35.64045686053819], [127.42898881615736, 35.640581824730155], [127.4288764223501, 35.64071610283866], [127.42877524080494, 35.64083187461155], [127.42865687178517, 35.640906158476774], [127.42858949925025, 35.640998727099394], [127.4285278063237, 35.64109589363387], [127.4285059241677, 35.641234465700116], [127.42855756191337, 35.64137277890818], [127.42859786381139, 35.64150651607317], [127.42857022682426, 35.64162664320503], [127.42851982016005, 35.64171915321622], [127.42850339471754, 35.641820774127766], [127.42849260086396, 35.64191775954987], [127.42849872541849, 35.64200545207797], [127.42849336379264, 35.64206086919179], [127.42844288394363, 35.64213952946524], [127.4283692882512, 35.64212594036048], [127.42822763116588, 35.64207565877192], [127.42804068032105, 35.64201630527602], [127.42792734871193, 35.64197515717907], [127.42781389528179, 35.641910925838154], [127.4277005147321, 35.64186054409184], [127.42757589779417, 35.64182405298819], [127.42745698528661, 35.64179677241576], [127.42728722340631, 35.64177890572697], [127.42704386646564, 35.64174744797765], [127.42691359483875, 35.64171097533296], [127.42654535216757, 35.641592243009775], [127.42644340687843, 35.64156490224874], [127.42638672841503, 35.64154201932607], [127.42617125934544, 35.641436598519824], [127.42604086608318, 35.64137704178356], [127.42584826221919, 35.64131770396022], [127.42571774696205, 35.64123506553143], [127.42551907469806, 35.64109726699602], [127.42534896998882, 35.641014767111095], [127.42527523128142, 35.64097347758433], [127.42515076351435, 35.64096468155883], [127.42504894172346, 35.64096042184893], [127.42495279838874, 35.64096076017685], [127.42485097661637, 35.64095650120077], [127.42474352417791, 35.640956877447145], [127.42452274334174, 35.64091610226772], [127.42418866011988, 35.64083879220129], [127.42406977458687, 35.640816125432714], [127.42396220040729, 35.64079341963527], [127.42382649599944, 35.64079851085409], [127.42369088684154, 35.64082206790629], [127.42352139576414, 35.64085497755363], [127.42339134520952, 35.64086004840301], [127.42319879318468, 35.6408099388551], [127.42293832947824, 35.64075083295838], [127.4227572351626, 35.64072838330597], [127.42266674937117, 35.6407286999516], [127.42229327298153, 35.64068845278196], [127.42197067504937, 35.64064341257453], [127.42175011364507, 35.64064418053662], [127.42155203039317, 35.64061717039501], [127.42131982074055, 35.64055334665128], [127.42111028017649, 35.640498676820634], [127.42101979462481, 35.640498992227336], [127.4209406192086, 35.64049926714044], [127.42081649034625, 35.64055509623026], [127.42068126781577, 35.64065251384258], [127.4204840060523, 35.64078246147715], [127.42031470598417, 35.64085229679469], [127.42011698402476, 35.640894531071964], [127.41990816901435, 35.640978352700024], [127.4196823377426, 35.64105299964347], [127.41951267335907, 35.64105358706638], [127.41929172821736, 35.640980488373316], [127.41918990667608, 35.64097622551109], [127.41894696370933, 35.64102323069064], [127.41874928765586, 35.64107469617846], [127.41856282748451, 35.64110765514285], [127.4184273376413, 35.641154289441296], [127.4182748811594, 35.64120098070341], [127.41810553016867, 35.641261581286855], [127.41797576814426, 35.64132204336156], [127.41770488297469, 35.64143377468045], [127.41736030766712, 35.64151344265161], [127.41693118665853, 35.64164880128611], [127.41663770111616, 35.64176522388856], [127.41654752444497, 35.641825549297344], [127.41642432456985, 35.642061415727675], [127.41634579415594, 35.642186332399135], [127.41628379920994, 35.642228093870706], [127.41615978408372, 35.64230700044977], [127.4159680692908, 35.64241845610439], [127.4158835705213, 35.64248337866171], [127.41578783291307, 35.64256218721886], [127.41571471824093, 35.642640920325995], [127.4156531040433, 35.642756544543055], [127.41558075178773, 35.64298300280116], [127.41548537177908, 35.64313105880797], [127.41536755927106, 35.64331612473709], [127.41523876783155, 35.6435658591627], [127.41500796186286, 35.643774393283394], [127.41478268962454, 35.64395982703223], [127.41461929550903, 35.64408041480579], [127.41449553927129, 35.64421010227179], [127.41443346918017, 35.644238013981436], [127.41429792506192, 35.64427541021298], [127.41410567891833, 35.644285300421], [127.41399273323556, 35.64431800225873], [127.41390238614476, 35.64434600998164], [127.4135524948619, 35.64449493425905], [127.4133720841497, 35.64460634695747], [127.4131859213839, 35.644699312799986], [127.41290413264682, 35.64489416689611], [127.41277443093806, 35.644968474020416], [127.41266174376267, 35.64505195632183], [127.41254328117772, 35.645112373825974], [127.41242467827865, 35.6451450935711], [127.41234566423246, 35.64517767767478], [127.4122722332811, 35.645196393555146], [127.41217622918562, 35.64522442024865], [127.41196720493159, 35.64527129619666], [127.41147605466023, 35.64544839473611], [127.41115436134933, 35.64558336575232], [127.41084923592145, 35.645639799580934], [127.41070220814707, 35.64564491466242], [127.41052666918942, 35.64560396050293], [127.41023249791986, 35.64559110832333], [127.41000652770263, 35.645642654942236], [127.40986555833376, 35.645726229099324], [127.40971325199224, 35.64580522620348], [127.40949295873843, 35.64586136890276], [127.409142819402, 35.64596411498188], [127.40890009161424, 35.64605726543706], [127.40870805206018, 35.6461086953281], [127.40855565203272, 35.64616922406967], [127.40836344864653, 35.64618833858981], [127.40820503937455, 35.64617964015251], [127.40797852635313, 35.6461250041651], [127.40778613525376, 35.646107185765814], [127.4076224693556, 35.64617698417853], [127.40753817195154, 35.646283448280286], [127.40737513713088, 35.64647789118185], [127.4069756781901, 35.64689472153297], [127.40662634650559, 35.64715903715519], [127.40629959025635, 35.64741404290055], [127.40615277139024, 35.64746070071527], [127.40605676129468, 35.647488720753664], [127.40590416870795, 35.64751231506328], [127.40572322701212, 35.64752215471825], [127.40563850562012, 35.647545520944234], [127.40549717840204, 35.64755984318997], [127.40537298223339, 35.64760642479051], [127.40522052798362, 35.64765771679013], [127.40494369160957, 35.64771865685076], [127.40487598424863, 35.64775119894445], [127.40475171645495, 35.647783930184715], [127.40464437100403, 35.64780737173873], [127.40454835995625, 35.64783539057929], [127.40444666998113, 35.64785881386265], [127.40429977831879, 35.64789161970451], [127.40420935399624, 35.647905770461875], [127.40413596621568, 35.647933714850254], [127.40399472989937, 35.647966502245616], [127.40377424299244, 35.64798570251762], [127.40367243647147, 35.64798604196974], [127.40353115342994, 35.64800959446954], [127.4032943004974, 35.64814888018934], [127.40314221496025, 35.64827403268145], [127.40297320839387, 35.64840847430186], [127.40282126201875, 35.64856132494022], [127.40267476112506, 35.64867260910136], [127.4025959248988, 35.64874211884505], [127.40255102366257, 35.64881151602222], [127.40247779765748, 35.64887177332971], [127.4023764287469, 35.64895982543741], [127.40227501442241, 35.64903864310288], [127.40215095178807, 35.64911291995423], [127.40205512223922, 35.64917786792568], [127.40193117591265, 35.64927522682647], [127.40179570759936, 35.64933107416029], [127.40155875643215, 35.64945189047468], [127.40131039742545, 35.64955427712181], [127.40101658317374, 35.64961526383488], [127.40080193008976, 35.649671373677904], [127.4006324567462, 35.64971348290266], [127.40054244341547, 35.64981072839548], [127.40049763197405, 35.64989858991339], [127.40044730292445, 35.65001416967573], [127.40034096558468, 35.65024073075648], [127.40013877080644, 35.650527622820825], [127.39998693010213, 35.65070355397175], [127.39981844112407, 35.65094416912097], [127.39970048904122, 35.65111075289299], [127.39963882231075, 35.6512217526735], [127.399582674422, 35.651305036001986], [127.39951523659295, 35.65139297310634], [127.39942526709831, 35.65149944940343], [127.39932393746797, 35.65159673059581], [127.39922265353222, 35.6517032442532], [127.39912091113453, 35.65171742961517], [127.39904726550533, 35.65169458918831], [127.39895667525569, 35.65167642210007], [127.39887174091032, 35.651658234409524], [127.39881508707408, 35.65163995481726], [127.39874707563312, 35.651612479197574], [127.39863944801894, 35.65158051832064], [127.39853738462878, 35.65153007262746], [127.3983673331105, 35.65145676728573], [127.39827674217021, 35.651438598785], [127.39820879982081, 35.65142497258706], [127.39812961340311, 35.65142523347687], [127.39804481692698, 35.65143474465791], [127.39797128745556, 35.65143498584613], [127.39789209992148, 35.651435246583475], [127.3977790001214, 35.65144023472838], [127.39768847797777, 35.65143591551389], [127.3976262373402, 35.65143150286324], [127.39740010518818, 35.65145532738041], [127.39721351932756, 35.65146978925079], [127.3969702811956, 35.65146596946351], [127.39674394218191, 35.65144824446167], [127.39647251497797, 35.651462982834296], [127.3962915402778, 35.65146819119995], [127.39615574627774, 35.651459402534925], [127.3959913540133, 35.65138607521506], [127.39586091993186, 35.65131725331216], [127.39569098511653, 35.651267027359914], [127.39558342743886, 35.65124891257181], [127.39549326970788, 35.65131845484918], [127.39534643619913, 35.6513650986494], [127.39520498771269, 35.651356326571154], [127.39504082272097, 35.65132916433174], [127.39473518458047, 35.651288611163345], [127.39437300875402, 35.65125285871545], [127.39403352684621, 35.65123088089143], [127.39386924916735, 35.65118063205287], [127.39375026482784, 35.651139469427804], [127.39362571757985, 35.651116792079215], [127.39336542037097, 35.651094556249724], [127.3932466207355, 35.65109032424586], [127.39315630168696, 35.65112754993729], [127.39303792948567, 35.65121103154174], [127.39290292637547, 35.65136381437809], [127.39280760644615, 35.65153493575494], [127.39276887082826, 35.65171048888687], [127.3927072403199, 35.65183071862637], [127.39264540518924, 35.65190940002661], [127.39251008508329, 35.65199755271069], [127.39234666353164, 35.652122727608955], [127.3921723121562, 35.652326421268235], [127.39202033772115, 35.65247925745842], [127.3917889721421, 35.65259080187558], [127.39169308603265, 35.65264650998533], [127.39164240454413, 35.652692839225345], [127.39156923326884, 35.65276694147964], [127.39147922801875, 35.6528687956186], [127.39135541962428, 35.65299845854854], [127.39127683837805, 35.653123358070545], [127.3911421888322, 35.653350002985256], [127.39096810280823, 35.653609090231406], [127.39081026413805, 35.65372039675275], [127.39067482545198, 35.65378546509145], [127.39032480559155, 35.653925088736024], [127.39005370316013, 35.65400905868312], [127.38965822877965, 35.65410727863506], [127.38943801155531, 35.65418646710076], [127.38935888954217, 35.65420057107713], [127.38920661504623, 35.654293391201755], [127.38911063553883, 35.65433063214904], [127.38902603524383, 35.65438168621768], [127.38882327711029, 35.654562380488834], [127.38875569160496, 35.654622613036075], [127.38871710226692, 35.65483048059271], [127.38872372025367, 35.65502896952127], [127.38869020521832, 35.65511679105838], [127.38862257331458, 35.65516779007457], [127.38850403393393, 35.65521895238455], [127.38839101642877, 35.65524239686466], [127.38828935692176, 35.65527503822209], [127.38814805748508, 35.655298573655465], [127.38805762076218, 35.65531271324454], [127.38791064272262, 35.65533164944526], [127.3877748642174, 35.65532746765381], [127.38750317676596, 35.65529140592757], [127.38736733367752, 35.65527337393091], [127.38713504010605, 35.65519563389557], [127.38686301943721, 35.65509032382655], [127.38673281069005, 35.65506765576072], [127.38665348706631, 35.65504021054932], [127.3864664037129, 35.65495309316054], [127.38623932461662, 35.654783004926976], [127.3861144615787, 35.65469568922579], [127.38601808028676, 35.65464983107074], [127.38590493069628, 35.65464557463354], [127.38574672884575, 35.65468301046395], [127.3855212027732, 35.65483607400707], [127.38535787647461, 35.654984322667886], [127.38519439220032, 35.65510025625131], [127.38505335913263, 35.655179185220554], [127.38488941109404, 35.65519817199186], [127.38477610467532, 35.655161598736996], [127.38469099266375, 35.65510647171632], [127.38456584308983, 35.65495913915301], [127.38442368142438, 35.654802628956716], [127.38436123977668, 35.654756662035034], [127.38425356931562, 35.65471545484569], [127.38413476250831, 35.65471121479508], [127.38377845368741, 35.654721577145175], [127.38334268911638, 35.65467679064922], [127.38313331430523, 35.65465898699803], [127.38299199233981, 35.65467789920394], [127.38288456393715, 35.654687471691375], [127.38269224557007, 35.654688079354784], [127.38246015733785, 35.65465188039623], [127.38217143908994, 35.65460200984779], [127.38184875937085, 35.65454762813443], [127.38154866382546, 35.65448394220413], [127.38135040565271, 35.65442455125699], [127.38120307549933, 35.654369616948124], [127.3809935276358, 35.65431487659602], [127.38077834369764, 35.65426477185284], [127.38058015122483, 35.654219229383635], [127.38042155362093, 35.65417356152356], [127.38025164407696, 35.65412792916985], [127.38008752201507, 35.654109978230025], [127.37987821493545, 35.65410601865735], [127.37962931214547, 35.65410218173706], [127.37941417437723, 35.654061307110766], [127.37919333602056, 35.654011215539214], [127.37894417298331, 35.65395198088265], [127.37874630921601, 35.65397568235485], [127.37850876473085, 35.65398104010307], [127.37838432388567, 35.65398142933606], [127.37823743184735, 35.65401881977863], [127.37809610980109, 35.654037726241604], [127.3779605959996, 35.65408893238854], [127.37789876635686, 35.65417222167165], [127.37789339298784, 35.65423225382649], [127.37789389203294, 35.654338431986034], [127.37788873500156, 35.65444462879234], [127.37789500107397, 35.65457387151814], [127.37791851598823, 35.654763076305805], [127.37791877696172, 35.65481847442269], [127.37794744899881, 35.6549014823988], [127.37798750190832, 35.65499830460646], [127.3780392565487, 35.65517818711449], [127.378085551101, 35.65539963660923], [127.37811424639064, 35.65548726171688], [127.37822796273322, 35.65561155244899], [127.37840973105358, 35.65577256368311], [127.37848966140695, 35.6559292756773], [127.37849586214226, 35.65604467038863], [127.37849070581488, 35.656150866285145], [127.37848544167261, 35.65623397985989], [127.37847454088084, 35.65632172840015], [127.37849771140029, 35.656437068871064], [127.37850365079895, 35.65649706547477], [127.3785211205074, 35.65660319115219], [127.37856693904584, 35.65672307767008], [127.37862461497367, 35.65695834016926], [127.3786485028119, 35.65722602422583], [127.37862705216781, 35.65747538451342], [127.37857113839571, 35.6576140544101], [127.37849272876028, 35.65778049398476], [127.37844297293238, 35.658025325923454], [127.37839258525183, 35.65813627935964], [127.37829763891483, 35.65839510135625], [127.378225711537, 35.65873694977545], [127.37822647122569, 35.65889852593214], [127.3782381323318, 35.658972354503774], [127.37822712428114, 35.659037018870016], [127.3783076226012, 35.65931375959431], [127.37835418170117, 35.65959060598351], [127.37841183736188, 35.65982125128221], [127.37850397798489, 35.660167204083436], [127.37852693183866, 35.66023637986642], [127.37865816888362, 35.66047602911291], [127.37888546524066, 35.66069229608047], [127.37891414263615, 35.660775302818244], [127.37892014812486, 35.66084914819203], [127.37871182510001, 35.66105754276253], [127.37860541074902, 35.66128408651503], [127.3784258696734, 35.66159857058647], [127.37838096213414, 35.661672575959216], [127.37836427437287, 35.66173264270981], [127.37833133320804, 35.661945104484914], [127.37841192202671, 35.66224031100087], [127.37842384631259, 35.662369536648875], [127.37832819941642, 35.66248063130222], [127.37811954416775, 35.66261977885095], [127.37798453700916, 35.66278177932759], [127.37790087671762, 35.66303594815927], [127.3778346449815, 35.66338701091779], [127.37773949507965, 35.66360428399579], [127.37763272794436, 35.663756961878356], [127.37741858412907, 35.663933057075745], [127.37736231740072, 35.66399786315378], [127.37729519315866, 35.66415965008746], [127.37723961998968, 35.66437218420005], [127.37733095726558, 35.66454732726875], [127.37743345757747, 35.66469012085773], [127.37750203798095, 35.664837636138934], [127.37752503360157, 35.66491604461701], [127.37743434730253, 35.6648793945273], [127.3773323235263, 35.66483816445139], [127.37724733654858, 35.66481072995249], [127.37715680137426, 35.66480639539755], [127.37708885004805, 35.66479275646453], [127.37699257128246, 35.66476997439098], [127.37687929712267, 35.664742627284454], [127.37672631694616, 35.66469232166811], [127.37664128696042, 35.66465565328232], [127.37656197998768, 35.66463281597598], [127.37644313715587, 35.664623953055255], [127.37630155771825, 35.664592076638314], [127.37615991343183, 35.66454635122046], [127.37602964893907, 35.66451444003849], [127.37585399817742, 35.664454970506874], [127.37574629621767, 35.66440913955589], [127.37540643904951, 35.66431786270302], [127.37519129750709, 35.66428159613321], [127.37504401700038, 35.66424050420463], [127.37494201682914, 35.66420388746425], [127.37465296781515, 35.664089368538406], [127.37438594541668, 35.663845517331715], [127.37426090972382, 35.66372125833847], [127.37409080884417, 35.66363868543395], [127.37390952621153, 35.663583846889395], [127.37376784312006, 35.663528885166656], [127.37364319492126, 35.66348772126428], [127.37350157557788, 35.663446608970226], [127.37337709847907, 35.66344237593635], [127.3731452670478, 35.663466172656506], [127.3730322333261, 35.663489603690124], [127.37289102322868, 35.66353620360499], [127.37261391387584, 35.663555522252054], [127.3724046241571, 35.66356078150666], [127.37200820265346, 35.66346966903955], [127.37168551745374, 35.66341987752399], [127.37138533124156, 35.66334231587041], [127.37120400725544, 35.66327824067559], [127.37101141285645, 35.663223432624946], [127.37075648384356, 35.66314573085546], [127.37055253400447, 35.66308172343218], [127.3702240655716, 35.663004246798096], [127.36995201888267, 35.66289428150892], [127.36964052292196, 35.6628167502327], [127.36919906398198, 35.66277193110389], [127.3689727422857, 35.662763387561455], [127.36881991937473, 35.66274538671475], [127.36862179738618, 35.6627182898473], [127.36829935043212, 35.662719269239304], [127.36806167214426, 35.66270152601961], [127.36775049515005, 35.66269323860139], [127.36759203601311, 35.66267986885405], [127.36749008348866, 35.662652479228825], [127.36736457391946, 35.662422032133314], [127.36730171425108, 35.66228372710872], [127.36721048487719, 35.66212704226282], [127.36714760346855, 35.661984119965595], [127.36701074048707, 35.66174447528651], [127.366959216285, 35.66161075276774], [127.36691332882444, 35.66147239579864], [127.36685049180599, 35.661338706792826], [127.3667932060042, 35.66118191819317], [127.36671932960202, 35.661108277084175], [127.36663988008634, 35.6610531182955], [127.36656057727367, 35.66103027615965], [127.36650953949103, 35.66100273160101], [127.36641318384825, 35.66096147406416], [127.36633388228582, 35.660938629971874], [127.3661978855213, 35.660888260144006], [127.36612419959813, 35.660856167037615], [127.36601659334659, 35.66082879333712], [127.36589199538201, 35.66079685391648], [127.36577311610553, 35.66077874604742], [127.36563716314903, 35.66073760724921], [127.36554091346794, 35.66071943134108], [127.36542762892181, 35.66068745709689], [127.36526900592378, 35.66063715397034], [127.36504233341941, 35.66055012342254], [127.3647080572134, 35.660435715760734], [127.36425483971858, 35.66028934983035], [127.364039420524, 35.660188433391184], [127.36388641618582, 35.66012887874708], [127.3637842587584, 35.66005531946374], [127.36370481230172, 35.66000016051346], [127.36355729764207, 35.65990365535474], [127.36350603035726, 35.659825329441034], [127.36342069775166, 35.659719403696236], [127.36332979257115, 35.659631962810685], [127.36325594057264, 35.659562935822585], [127.3631648069268, 35.65942471292704], [127.3629882783656, 35.65916671592812], [127.36286289276757, 35.65895934804483], [127.36272084845531, 35.65882127728311], [127.36251119584028, 35.65874342336256], [127.3622732188718, 35.65865642157913], [127.36208057795216, 35.658587749334515], [127.3619333583661, 35.658555872902525], [127.36179187856742, 35.658542445358], [127.36157116343101, 35.65852002196107], [127.36130554866389, 35.65857621176936], [127.36107389374888, 35.6586369173321], [127.36093798724077, 35.65860500666395], [127.36073937975489, 35.65846710125618], [127.36041639065263, 35.65834341598419], [127.36020655491261, 35.65822400960378], [127.35995739242986, 35.658164734799215], [127.35978195257633, 35.65814678913568], [127.35967455908515, 35.65816557443773], [127.3596126658803, 35.6582396227255], [127.3595846911783, 35.6583089533563], [127.35957965566013, 35.65844746438916], [127.35954049335896, 35.65854452833128], [127.359523977215, 35.65864614010563], [127.35951305756556, 35.658733886110895], [127.35948533088988, 35.65885861490903], [127.3594180081153, 35.6589834609787], [127.35926071442526, 35.659228603311945], [127.3590750537606, 35.65945536460811], [127.35894538043496, 35.65955269457977], [127.35880984603219, 35.65960387835261], [127.35854438968322, 35.65969699422419], [127.35834088911126, 35.659729911692345], [127.35804739561009, 35.65987850882242], [127.35785611359546, 35.6601145158433], [127.35761990548319, 35.66042451940748], [127.35742855809987, 35.660646677775645], [127.35722573427623, 35.66083193726407], [127.35702249741203, 35.66092486609739], [127.35670651123309, 35.66110584109073], [127.35645227963147, 35.66118045369377], [127.35624850894403, 35.661153353158554], [127.35599337737519, 35.66102483987963], [127.35581211169803, 35.66096997396388], [127.35569311261935, 35.66092415748123], [127.35556857992412, 35.66090605713193], [127.35543285692475, 35.66091568779259], [127.35527466795469, 35.66096231719738], [127.35514488756905, 35.66103656253089], [127.35498651429165, 35.661041642231844], [127.35485648840397, 35.661060489054236], [127.35465857924203, 35.661079534774665], [127.35443822511219, 35.6611401942998], [127.3542404379825, 35.66118693708477], [127.35401994169726, 35.66121527999872], [127.35377671602055, 35.66122060662449], [127.35330153704639, 35.6612219935297], [127.35310360676742, 35.66123641950501], [127.35292283008312, 35.66129234385441], [127.3525895183182, 35.661394877252235], [127.35235241503926, 35.66150636367502], [127.35216034317688, 35.661566936280515], [127.35205294326951, 35.66158571481154], [127.35196269434856, 35.66164599118797], [127.35188935767803, 35.66169236902355], [127.35163552335548, 35.66185930094512], [127.35158483414934, 35.66191022971512], [127.35148890765252, 35.66196590686087], [127.35140421558613, 35.662003083939034], [127.35135350481825, 35.66204939722379], [127.35126311441648, 35.66207735722394], [127.35119541227223, 35.662119102750104], [127.35111080075325, 35.66217474659531], [127.35103188617225, 35.66223960557609], [127.35095848781593, 35.662272133968806], [127.35086799604488, 35.6622770122108], [127.35061914949426, 35.66229158244862], [127.35043220772933, 35.662232107717145], [127.3501490372696, 35.66215906167469], [127.34998484470047, 35.66212722000943], [127.34989413258883, 35.662081316488496], [127.3497238005083, 35.661938695354536], [127.34958785365691, 35.661897538409264], [127.3494802504216, 35.66187015081725], [127.34932751490788, 35.66187059036712], [127.34922566891534, 35.66186626580376], [127.34908992227979, 35.66187127483962], [127.34897112651296, 35.66187161644786], [127.34883532070738, 35.66186277360825], [127.34876745575951, 35.66186758562646], [127.34868822065164, 35.66185858057186], [127.34856368692236, 35.66184047388513], [127.34838254469432, 35.66181329363868], [127.3482069189151, 35.66175378360423], [127.34797428439772, 35.661592872897224], [127.34780385775967, 35.66142716663294], [127.34775834257313, 35.661367282791616], [127.34770151427846, 35.6613074306959], [127.34763335179159, 35.66124299493909], [127.34750866032827, 35.66118795408548], [127.34738408900542, 35.66116061177352], [127.34729917486621, 35.66114700583063], [127.34721989954953, 35.66112876631534], [127.3471236723211, 35.66111519196561], [127.34703865950095, 35.66107850345715], [127.34697073739711, 35.661069465567735], [127.34690841086075, 35.66104655975811], [127.34683467362572, 35.66100060591658], [127.34673272907503, 35.660973198660585], [127.34665339309528, 35.660941109886366], [127.34659102795936, 35.66090897221759], [127.34652300631669, 35.66087685079292], [127.34641528693959, 35.660821759961884], [127.34627348779715, 35.66073445165758], [127.34610336420282, 35.660637990082726], [127.34599572398868, 35.660601364960215], [127.34587097491179, 35.66053247260281], [127.34573503239051, 35.660491311273944], [127.34565006065301, 35.66046385526845], [127.34545746915127, 35.6604043889902], [127.34528188945038, 35.66035410723684], [127.34502691461554, 35.660257886481425], [127.34498146172675, 35.6602118495535], [127.34493597029292, 35.66015658091165], [127.34486777130302, 35.66008291096485], [127.34473653413713, 35.65982014101368], [127.3446056361271, 35.65963585246743], [127.34457132049491, 35.65954823631783], [127.34440102195065, 35.65941022381305], [127.34430471908175, 35.65937818109628], [127.3441972200423, 35.65937386933226], [127.34400469272603, 35.6593282504919], [127.34377824342054, 35.659287343636564], [127.34339868931822, 35.65915915687803], [127.34325149456724, 35.6591318747779], [127.343092652457, 35.6590261440389], [127.34303598613872, 35.65900322098541], [127.34293408598127, 35.658985043078054], [127.34280955906877, 35.65896692949566], [127.34262846466581, 35.65894897583598], [127.3424473506292, 35.65892640470294], [127.34238510807195, 35.658921963521095], [127.34226625638667, 35.658908448694966], [127.3422094733159, 35.65885782654946], [127.34213004276899, 35.658802653264814], [127.34207322048906, 35.65874279935539], [127.34202772967919, 35.658687528690706], [127.34197086929599, 35.65861844122713], [127.34190269290774, 35.658549385862905], [127.34177785216845, 35.65845740770508], [127.3416698836416, 35.65834229796656], [127.34163001149673, 35.65827777849385], [127.34166939314196, 35.658226885953695], [127.34174267471637, 35.65816666359369], [127.34177632008537, 35.65809732097028], [127.34186665035261, 35.65805551827705], [127.34193429384047, 35.65799992816054], [127.34204116210931, 35.65785651493838], [127.3421590461828, 35.65764382137214], [127.3421814177114, 35.65758374427527], [127.34220373011838, 35.65750981646989], [127.34222600198704, 35.65742665516051], [127.34226526465326, 35.65734806371809], [127.34228188011402, 35.657264919373205], [127.34231546664506, 35.65718172678706], [127.34234345370982, 35.657112399178246], [127.3423545112683, 35.65705235330469], [127.34235421573243, 35.656983106990474], [127.34234828361176, 35.656918491253016], [127.34234219499697, 35.65681694510394], [127.34232985910351, 35.65657692059125], [127.34229552537383, 35.65648468563009], [127.34226679109389, 35.65637858747471], [127.34223192686305, 35.65616170784312], [127.34221440675515, 35.65603249511209], [127.34219684620939, 35.65589404797261], [127.34214525009358, 35.655732615737215], [127.3420259318935, 35.65560830488386], [127.34189555749198, 35.65554404245708], [127.34178211248773, 35.655470496424385], [127.34165166095978, 35.655387766714746], [127.34149832624179, 35.65524508639025], [127.34123738438726, 35.65507039179372], [127.34102766401784, 35.65496941783633], [127.34086818689646, 35.65471134061268], [127.34078862411607, 35.65462385045153], [127.34063545031259, 35.65451810032002], [127.34044790817744, 35.65431088274232], [127.34033986884369, 35.654177306475184], [127.3402827183127, 35.654038970875995], [127.34028220920169, 35.6539189424628], [127.34028127151798, 35.653697350840275], [127.34019574222742, 35.65353601176483], [127.34011046660207, 35.6534346872896], [127.34004797295056, 35.653370231111616], [127.33994024743447, 35.653310518939406], [127.33983806297199, 35.65322309017033], [127.33962834919208, 35.65312211370884], [127.33939002390586, 35.65294273577904], [127.33924227690838, 35.65278157041126], [127.33911709809196, 35.65260649223064], [127.33900293916179, 35.65236213568022], [127.33897399619323, 35.652205253662544], [127.33899045800582, 35.6520851783372], [127.33900709642558, 35.65200664976062], [127.33903487000065, 35.65188654168345], [127.33907399656212, 35.65177563525966], [127.33909043973614, 35.651650943603805], [127.33911265583062, 35.651553933857734], [127.33920182864348, 35.6512397593424], [127.33923506457077, 35.65107347220311], [127.33924034957205, 35.65098574193539], [127.3391607348455, 35.65088440078916], [127.33902475247667, 35.65082938369355], [127.33894537219626, 35.650783438987816], [127.33875277099874, 35.65071472911849], [127.33850310202733, 35.65052614851794], [127.33833265903722, 35.65034657848651], [127.33821244352417, 35.650005290870766], [127.3381836186279, 35.64987610734259], [127.33800171061854, 35.6496596363025], [127.33771828482409, 35.649512697829486], [127.33759917812024, 35.6494345481631], [127.33749702058427, 35.64935173452069], [127.33743995610735, 35.64923186355369], [127.33738874054286, 35.64915814161108], [127.33728633130647, 35.64901531305813], [127.33713311355962, 35.64889570936443], [127.33701398895303, 35.64881294279357], [127.33668516736417, 35.64862919345187], [127.33653762630446, 35.64851419038533], [127.33645230259106, 35.64839901244781], [127.33640668829415, 35.64831142533344], [127.3363212875923, 35.648177782055285], [127.33619645119971, 35.64808118061516], [127.33609429573198, 35.64799836575013], [127.33603754254511, 35.647952358655715], [127.33585614818458, 35.64785591373953], [127.33572561637781, 35.647750094955036], [127.33549847264538, 35.64753374520752], [127.33533960588204, 35.64741415492344], [127.33523754857852, 35.647354421772384], [127.33512414055323, 35.647285487385915], [127.33502772100482, 35.6472211220029], [127.33489701902427, 35.64707375278336], [127.33474956152023, 35.64697721271262], [127.33466457042142, 35.64694051436593], [127.33446051479669, 35.646834897553276], [127.33431304012326, 35.64673373972222], [127.33420525308185, 35.64665555522381], [127.3341258967038, 35.64661422539369], [127.3340579113776, 35.646586713071635], [127.3339053753906, 35.64662868243007], [127.33393279202355, 35.6464208618344], [127.33397755827143, 35.646305325853085], [127.33408287089307, 35.645787982722744], [127.33411525145763, 35.645413953674904], [127.33411929462714, 35.645026153203744], [127.33409550049146, 35.644744609081265], [127.3340490453657, 35.644453894153514], [127.33404797149714, 35.644195370622], [127.33391700737273, 35.643983370019185], [127.33370067278257, 35.64364234028796], [127.33349551862526, 35.643268965509435], [127.33332989483957, 35.642881630956886], [127.33328317743965, 35.64252628448627], [127.33315758700329, 35.64224501987162], [127.33301489768009, 35.641931486895736], [127.33290102055042, 35.64174713787217], [127.33279305019528, 35.64162278702788], [127.33267963435647, 35.64154923299742], [127.33256061980974, 35.641489544328294], [127.33245863060124, 35.64144365946375], [127.332396246965, 35.64140228069383], [127.33233390272929, 35.64137013542434], [127.33226024927225, 35.64133802131846], [127.33218659366574, 35.64130590717312], [127.33212426869409, 35.64127837901275], [127.33200533023596, 35.64123715506217], [127.33185246083244, 35.6411960244793], [127.33163719059563, 35.6411088991131], [127.3313593115536, 35.64092499641531], [127.3311151551762, 35.64069021938984], [127.33100187545402, 35.64064897978657], [127.33093370481106, 35.640575300653396], [127.33086546038508, 35.64048315619827], [127.33080269889372, 35.64034944659952], [127.33071152892164, 35.64018349946292], [127.33060369496161, 35.640091462638374], [127.33051859789106, 35.64002706246006], [127.33036575165174, 35.63999054718342], [127.33006601509082, 35.639991362575365], [127.32986832238413, 35.640051916054894], [127.32968209126898, 35.64014936881367], [127.32957528212255, 35.64030662224174], [127.3294907341081, 35.64037610001812], [127.32923058414791, 35.640376806845616], [127.32906065668617, 35.64031263566767], [127.32892468019614, 35.64025298881648], [127.32877758278926, 35.640239538586485], [127.32861344338708, 35.64020766738088], [127.32847761854387, 35.640184952385894], [127.32829083895898, 35.64014852610523], [127.3280529727113, 35.64006607045181], [127.32766216556448, 35.639924014012294], [127.3273957782011, 35.63978161999283], [127.3271577999566, 35.639671465532864], [127.32679535010398, 35.63954779473074], [127.32664235503913, 35.63947434234007], [127.3263756518592, 35.639253464959275], [127.32619962374181, 35.639078509695125], [127.32608048636682, 35.63898649939652], [127.32608586229134, 35.63891723654334], [127.3261758228923, 35.638787730925046], [127.32628261796096, 35.63862586412458], [127.32634924474834, 35.63832099307374], [127.32635928061357, 35.638007040758616], [127.32633023637051, 35.637817840006214], [127.32627271011135, 35.63757793357137], [127.32613600994817, 35.63733824058313], [127.32608998083724, 35.63714446935983], [127.32608374571804, 35.63700137322048], [127.32611709695959, 35.63685816991242], [127.32613351879236, 35.636724246079005], [127.32628534698985, 35.63651147717208], [127.32626755687983, 35.63630839674638], [127.32618164307429, 35.636040867936195], [127.32614099030661, 35.635777832893545], [127.32620795190262, 35.6355560583416], [127.32623557252766, 35.63539440408245], [127.32623497221235, 35.63524667717473], [127.32617808476027, 35.63516373195107], [127.32599154173674, 35.63518269971586], [127.32573182059602, 35.63528496166033], [127.32559038755996, 35.63527149038275], [127.32542609004079, 35.63519806691964], [127.32531274724734, 35.63513835566541], [127.32513732771294, 35.63511112560238], [127.32501284065232, 35.63509299333165], [127.32482030874407, 35.63502887706379], [127.32450894516059, 35.63494661245335], [127.32415820189092, 35.63491523495467], [127.32382457206351, 35.63492074144314], [127.32351371108159, 35.634963119577726], [127.32334409711886, 35.63497280502456], [127.32325919607607, 35.634954565577445], [127.3231855510047, 35.63492244494001], [127.32310048393859, 35.63486265663368], [127.32294154821841, 35.63471534975398], [127.32289604935347, 35.634650838840415], [127.32280508676598, 35.634531051421405], [127.32274818479594, 35.634443487318286], [127.32261754370113, 35.634300722365566], [127.32249243015349, 35.634125625123914], [127.3224346967013, 35.633830318894766], [127.3224847575511, 35.633622441588685], [127.32250107356444, 35.63346081927987], [127.32252247254877, 35.63315606842781], [127.32252751517305, 35.63300370904163], [127.32252710718066, 35.632902146208295], [127.32248153551593, 35.63281916889566], [127.32213445867548, 35.63228918693744], [127.32202644369778, 35.632146360774925], [127.3217880721093, 35.63193001441516], [127.3216516713506, 35.631759563647606], [127.32159477262577, 35.63167199984379], [127.32149771834081, 35.631441430013126], [127.32140653863989, 35.631266241878265], [127.32129826771256, 35.63105878279214], [127.32121259780887, 35.63084664786063], [127.32125682198179, 35.6305926200156], [127.32126774517418, 35.630495644197005], [127.32123296791137, 35.630283374427506], [127.32118719485592, 35.630149615130605], [127.32109568723504, 35.62989133003479], [127.32106115066495, 35.629739075206686], [127.32106072721871, 35.62963289506753], [127.32112246704827, 35.6295173182813], [127.32117796366923, 35.62925402759975], [127.32116000358518, 35.62900478097455], [127.32109719460792, 35.62885260059997], [127.32101745766467, 35.62870969896185], [127.32096628991803, 35.628640584163904], [127.32081291523664, 35.62846556207614], [127.32070514637198, 35.62838274783104], [127.32062568819114, 35.628309093612266], [127.32048412086753, 35.62825868468966], [127.32020089471325, 35.62813478467485], [127.32004229158825, 35.628065955880324], [127.31993459762413, 35.62800160716889], [127.31968554093248, 35.62793763176223], [127.31943091889441, 35.62789675340959], [127.31912548117748, 35.62787447376641], [127.31893331851396, 35.62789806185373], [127.31867926601115, 35.628000293671874], [127.31860586616384, 35.628028186106604], [127.3184985568081, 35.62806078453263], [127.31831773752539, 35.62809357441424], [127.31809195716946, 35.6281957302882], [127.3178547203901, 35.628260983103864], [127.31774744694688, 35.628302813531306], [127.31758942871753, 35.6283817087081], [127.31737477163894, 35.62843766918812], [127.31713162511683, 35.628438304091404], [127.31692791394873, 35.62840190370643], [127.3167977483822, 35.628374545068226], [127.316684566157, 35.62835175712716], [127.31650905512406, 35.628296816368376], [127.31644101854975, 35.62825082766674], [127.31642381813653, 35.62819085716646], [127.31624778259747, 35.628002037792506], [127.31603118488292, 35.62756402815728], [127.3159515330848, 35.6274395884197], [127.31579815233334, 35.62725994170893], [127.31565091750407, 35.62720492555813], [127.31551520893032, 35.62720527834768], [127.31540221003037, 35.62722865525254], [127.31521573711656, 35.62726145618369], [127.31502910215568, 35.62725270709351], [127.31453135979976, 35.62721706574549], [127.31424870643565, 35.627236264395655], [127.31397793783277, 35.62740316109706], [127.31362305451387, 35.627750319656194], [127.3134482305083, 35.627870803319404], [127.31303564392046, 35.62792265000403], [127.31278149492933, 35.62800178593423], [127.31248874702061, 35.628334932450684], [127.311692345963, 35.6285678084425], [127.31047137700773, 35.62868173461446], [127.30953242510681, 35.628610267009336], [127.30854793666862, 35.628460427491106], [127.3075961971664, 35.62800118685594], [127.3074307323314, 35.62761381400798], [127.30733816094971, 35.627064677893465], [127.3072693192005, 35.62680632421848], [127.30718370856638, 35.626598796192454], [127.30713234217926, 35.62647427934371], [127.30668424686932, 35.62611070297511], [127.30631605925593, 35.62594081988878], [127.3057329676594, 35.6257622439497], [127.30530802768392, 35.62553710243267], [127.30527368087938, 35.62542639078806], [127.30522193331917, 35.625200309046186], [127.30528178428352, 35.624581538129675], [127.30533226902328, 35.62447523058577], [127.30489569600907, 35.624162402062545], [127.30468547252536, 35.62389516809621], [127.30463346498665, 35.62359983907415], [127.30451807323237, 35.62299074051359], [127.30450988586259, 35.62232136051608], [127.30470079837332, 35.621970022357864], [127.3049240241715, 35.621193878941746], [127.3050232952963, 35.62053346045893], [127.30510141856999, 35.62026088570762], [127.30484035314632, 35.62000301423521], [127.30462520384998, 35.619925071649085], [127.3045175692112, 35.6198699434457], [127.30458419368196, 35.61954661685689], [127.30480389420049, 35.619333702755284], [127.30520474794358, 35.61918034889214], [127.306028907015, 35.618832032617455], [127.30627120076323, 35.618614442950445], [127.30624236846499, 35.61846678539877], [127.3059923145764, 35.61813040608428], [127.30585000424054, 35.617876853238954], [127.30572498701184, 35.61771097139319], [127.30565608732778, 35.61743415184176], [127.30567794826021, 35.6172355833896], [127.30561456434742, 35.61692181595054], [127.3055739177031, 35.61664030735247], [127.3053574629014, 35.61621612720235], [127.3052372980868, 35.61583787117776], [127.30516222448551, 35.61542256785812], [127.30493973523973, 35.61489683785741], [127.30523209662103, 35.614466762068346], [127.30545055525036, 35.61393068951752], [127.30563480839686, 35.61332083916602], [127.30583203450831, 35.613149529387464], [127.30619347325903, 35.61304705344789], [127.30656616574838, 35.61293069860523], [127.3068593212421, 35.61271297907474], [127.30696050320539, 35.6125603766804], [127.30710141794981, 35.612449222306054], [127.3075823701651, 35.61255418617603], [127.30843071171628, 35.61263513259486], [127.3086903987899, 35.61253752507796], [127.30884720918546, 35.61214933336841], [127.30888003217188, 35.61186302185273], [127.30915065164697, 35.61166843828581], [127.30946103927494, 35.611524533243255], [127.30967551343171, 35.61143165520158], [127.30982771190541, 35.61131585223554], [127.30994024494305, 35.611177068225835], [127.3100864688088, 35.61097818245183], [127.3100964420471, 35.61063191259385], [127.31004970363776, 35.61023962377797], [127.31038018630885, 35.60944472913297], [127.31087137910998, 35.6092772743889], [127.31113103558816, 35.609175045272465], [127.31182565187164, 35.60898398463926], [127.31195460260795, 35.60870665706692], [127.31180030179284, 35.60827771334561], [127.31123681695259, 35.60729121109954], [127.31083912105362, 35.60677978932302], [127.31068605918186, 35.60666938324448], [127.31058355466921, 35.606475749666416], [127.31068370561657, 35.60606000104328], [127.31092309526026, 35.60510375618533], [127.31093864554526, 35.60473900683657], [127.31065933512228, 35.6041395679521], [127.31050373370742, 35.60336899645586], [127.31043463521466, 35.60304139546467], [127.31017353785843, 35.602765068284796], [127.31004869575266, 35.60264073945457], [127.30988984912968, 35.602493414120666], [127.30974719768146, 35.60214753348181], [127.30946182741448, 35.601437307987624], [127.30946074545899, 35.60115569928679], [127.30939734107619, 35.60083731755521], [127.30933384947832, 35.600495852168784], [127.30926530779995, 35.60031136287162], [127.30907233931975, 35.600108724382586], [127.30864782759917, 35.5999620729756], [127.30824433554544, 35.59939987536211], [127.30828838946219, 35.59909506995972], [127.30836621571993, 35.598753244160434], [127.30835939808551, 35.598448566155156], [127.30826773727043, 35.59813025596673], [127.3081368827053, 35.59790899135988], [127.30797149600821, 35.597526235186436], [127.30763055160249, 35.59705620805961], [127.30753967232673, 35.59694102349932], [127.3073634254201, 35.596673707040146], [127.30712979402819, 35.596180323534774], [127.30702602795905, 35.59564967838873], [127.30695024213794, 35.5950450974897], [127.30707885272932, 35.59468006088588], [127.30746070170308, 35.594023540008145], [127.30726164241327, 35.593700882721556], [127.30672247126282, 35.593120555908506], [127.30661941394291, 35.59277457108494], [127.30662996380893, 35.59257603134742], [127.30551800323903, 35.59148470161867], [127.3052108009127, 35.59095918278371], [127.30505112931223, 35.59058564044613], [127.30508276770968, 35.58998540319321], [127.30490526988864, 35.58938107600464], [127.30442282051852, 35.5888421453053], [127.30417869338707, 35.5885519113139], [127.3036526055525, 35.58842858024139], [127.30293239758664, 35.5877840547448], [127.30222563453492, 35.587707333731764], [127.3011517338885, 35.58769153445134], [127.3010104231302, 35.58768726832529], [127.3009559529254, 35.58672253548701], [127.30103271240105, 35.586089871250906], [127.3008380387307, 35.58541633061383], [127.30067746884977, 35.58479348781425], [127.30038217693256, 35.58441565794214], [127.29970209034163, 35.58390489413229], [127.29962094259788, 35.58336033677588], [127.29937649088386, 35.58297314509972], [127.29921095268564, 35.58253035999258], [127.29829940537489, 35.582080174955315], [127.2977382846538, 35.58163835884611], [127.29673732114931, 35.581456143268035], [127.29558343861063, 35.58118195970482], [127.29467342852077, 35.58114262106836], [127.29422166296476, 35.58123604675497], [127.29395149591483, 35.58153678052372], [127.2936077085824, 35.5817961407258], [127.29344940383349, 35.58177805693286], [127.29317733295335, 35.58155711722841], [127.29269891643474, 35.58053800104209], [127.29207929882787, 35.57953769067352], [127.29066567827736, 35.577745222225055], [127.28992792056218, 35.576879063184364], [127.28959762344488, 35.57617351061985], [127.28950510264141, 35.5755874214521], [127.28929121291357, 35.574249116051845], [127.28899369643246, 35.57322493753347], [127.28865726116507, 35.57237628100999], [127.28824283015756, 35.57183712154505], [127.28794121882137, 35.571242294914065], [127.28784767787936, 35.57036536133323], [127.28796407923875, 35.5697326088385], [127.28798997317773, 35.56907237291961], [127.28765868929334, 35.568075970302495], [127.28706211108872, 35.56715405880937], [127.28664242962515, 35.56671647094302], [127.28622162214906, 35.56596033765364], [127.28603875004116, 35.56537907475077], [127.28489857712468, 35.564112184392464], [127.28466102812676, 35.564043491751086], [127.28433366472188, 35.56414120670157], [127.28427766900555, 35.56428445277486], [127.28403481232934, 35.56431271927903], [127.28374040642163, 35.564142593560156], [127.28320038779948, 35.563215911725685], [127.2823617408486, 35.562520753448375], [127.28196976014786, 35.56191227037025], [127.28187790898254, 35.56149698857192], [127.28193904146859, 35.56120599918286], [127.28175764823419, 35.561035605073684], [127.28068187222561, 35.560377918411895], [127.28002767843512, 35.560721056119206], [127.27979115219294, 35.560943197929674], [127.27885528568075, 35.561527041925466], [127.27790339365156, 35.5623832944524], [127.27733931551877, 35.56265234675842], [127.27698344611768, 35.56267624073366], [127.2762939103781, 35.562608560090204], [127.2759101203123, 35.56272946369037], [127.27534071494105, 35.56309546674685], [127.27403372272852, 35.564220257859056], [127.27361602052099, 35.56434123032322], [127.272453080222, 35.564634686942846], [127.27233497287001, 35.56479653360188], [127.27231058940944, 35.56594150826162], [127.27192400966804, 35.566916478555214], [127.27174778975355, 35.568278773833505], [127.27145627027295, 35.568962683616526], [127.27103986005699, 35.569476056419624], [127.27065070628099, 35.56969390309856], [127.27026106977766, 35.56976863565182], [127.26972394843357, 35.56967287995175], [127.26912845854244, 35.5690186402035], [127.26810577227579, 35.56733583535689], [127.2677023165615, 35.56664884778455], [127.26623639289875, 35.56589494063896], [127.26438422701536, 35.56451399690671], [127.26294487817798, 35.56322446334759], [127.26244154403055, 35.56307781865388], [127.26121321464906, 35.562378736818104], [127.26025443339802, 35.561162004052285], [127.2593874885348, 35.560383646766724], [127.25749566534452, 35.55889187979008], [127.25651014394347, 35.55811837013584], [127.25588209226613, 35.55782422877343], [127.25495592522178, 35.557946204802676], [127.2541546030376, 35.558243343625385], [127.25293076129931, 35.55892915453698], [127.25078809306497, 35.56029549208539], [127.24915326127329, 35.561471470666994], [127.24882660553136, 35.56180915187167], [127.2487370309791, 35.56207709936555], [127.24876626476798, 35.56239558616591], [127.2492141539266, 35.56289326572786], [127.2493417652891, 35.56396405945739], [127.24954894065728, 35.565182422374725], [127.24940534839443, 35.56625377127031], [127.249052248708, 35.56718243510609], [127.24878314128482, 35.567866243376635], [127.24839972604232, 35.56813017453368], [127.2479042228956, 35.56869441063833], [127.24641717205017, 35.56837426725965], [127.24608913808139, 35.56827336576961], [127.24536459386621, 35.5678501005499], [127.24516654936694, 35.56775816658237], [127.24503638061216, 35.56768917924262], [127.24484368015595, 35.56749566953076], [127.24469691180217, 35.567542130998625], [127.2444487281068, 35.56768574497245], [127.24422360938074, 35.56798165957842], [127.2439032831493, 35.568559379028464], [127.24354401156685, 35.56934030671169], [127.24309858512734, 35.56965974259246], [127.24216205689865, 35.57014635423012], [127.24173850256791, 35.57022567741001], [127.24064226938674, 35.57021861701707], [127.24033804923032, 35.57052391502842], [127.24024262229632, 35.57073646762418], [127.24022685228161, 35.57113352699146], [127.24011470648455, 35.57142459489626], [127.24001398448146, 35.571757189664375], [127.23998651425937, 35.572020391095705], [127.2399816602375, 35.57228816392493], [127.23996529999232, 35.57248671041626], [127.23994358991486, 35.572786833622494], [127.2397926961912, 35.573350357826996], [127.2393808619368, 35.57357738161464], [127.23863621570435, 35.57400357174959], [127.23845054433194, 35.574276315975844], [127.2382597679873, 35.57473373455298], [127.23813673034674, 35.57516793593364], [127.23761887538495, 35.575856822575], [127.23737125380683, 35.576203551893435], [127.23715720977125, 35.57643941574933], [127.2369771116032, 35.57668906449022], [127.23693786728644, 35.576795322277846], [127.23694445390873, 35.577113855759784], [127.23677043907676, 35.5775112225307], [127.23680505014683, 35.57775121889709], [127.2368904254833, 35.57795879957274], [127.23721893683239, 35.57821207257267], [127.2374235186806, 35.578599468918526], [127.2373230343864, 35.57901977639596], [127.23672055653779, 35.57976884076703], [127.23675655213539, 35.58047972817528], [127.23719894122668, 35.581019009496615], [127.23811064188877, 35.581640472201904], [127.23848445011684, 35.58191673601707], [127.2385187682159, 35.58205516816424], [127.23854736579646, 35.582170525875], [127.23850266148526, 35.58234142847581], [127.23833347469727, 35.58246179204438], [127.23810778674854, 35.58258688072315], [127.2375835795759, 35.5830541823864], [127.23739272216157, 35.58349313252449], [127.2375996607392, 35.58467457863854], [127.2376170634578, 35.584826893600486], [127.2372504449442, 35.58507690458612], [127.2368777399753, 35.585179195382494], [127.23651619977515, 35.58523529796037], [127.2362565505588, 35.58534660049428], [127.23564756739995, 35.58582329076675], [127.2349710394947, 35.58639705816399], [127.23403436150177, 35.58691592193415], [127.23375784308952, 35.58705956679719], [127.2331761691294, 35.587217647429206], [127.23213739159536, 35.587616659661336], [127.2317200241306, 35.58791753396477], [127.23158014968763, 35.58841177638883], [127.231417612006, 35.58888759553438], [127.23120927465669, 35.5891603706591], [127.23098906362895, 35.58923465386166], [127.23068380927789, 35.58921676558768], [127.23037290349274, 35.589198888243715], [127.2302826700764, 35.589268308832445], [127.22990014582788, 35.589901505275975], [127.22969802048361, 35.59037278019098], [127.22922497590709, 35.59097844563816], [127.22907854799631, 35.59116338542775], [127.22883027893315, 35.591311582554454], [127.22869514094693, 35.59149188491439], [127.22858806752087, 35.59160288396366], [127.22859989376819, 35.591787525608716], [127.22869660930054, 35.59200894117322], [127.22880500768535, 35.592364216093465], [127.22891978173317, 35.59297339003462], [127.22884702503308, 35.59322744034879], [127.22864957767649, 35.593361693095105], [127.22839065297764, 35.593740739512555], [127.22804222691153, 35.59445234867262], [127.22798048425362, 35.594604811834124], [127.22783973922546, 35.594803588532336], [127.22758036069625, 35.59502567123491], [127.22732096657361, 35.59524313518145], [127.22678398536478, 35.59523951959748], [127.22607157473637, 35.59516236270743], [127.22588004235325, 35.59539354729994], [127.22565455786757, 35.595610944998704], [127.2249887552737, 35.5960322875067], [127.22488317714338, 35.5966834229931], [127.22476541647332, 35.59702065110959], [127.2247205973352, 35.597163848151105], [127.22452892959379, 35.59734886570912], [127.22426948108567, 35.597552473880775], [127.22407203053835, 35.59769133638878], [127.22386368411607, 35.59797794777223], [127.22398342633893, 35.598351671296726], [127.22473731202237, 35.59910278697027], [127.22476721047165, 35.59968903949237], [127.22471097979317, 35.59979532552485], [127.22460394034398, 35.59992478741219], [127.22453652067647, 35.60007264285485], [127.22440738450653, 35.60038680865916], [127.22427818182899, 35.60067789235839], [127.22423342420912, 35.60084417199917], [127.22424517974652, 35.601005730959436], [127.22417197626035, 35.60110743098561], [127.22398011780733, 35.601227816314015], [127.22386710141929, 35.6012418719522], [127.2236750505939, 35.60129300732444], [127.22351112044355, 35.60129330877441], [127.22323384366865, 35.601187636167616], [127.22299623581769, 35.60111882174297], [127.22276990980212, 35.60104075406497], [127.22261144188757, 35.60097179526232], [127.22244177276012, 35.60093978914881], [127.22232860438673, 35.600898447544004], [127.22212491470101, 35.600829569716616], [127.2219834581083, 35.600779045290416], [127.22181364840021, 35.60069625617724], [127.22164952960246, 35.60062730560271], [127.22144566533959, 35.60049379532204], [127.22120798482999, 35.60039727809517], [127.22089113279468, 35.60028705539122], [127.2203255503782, 35.60017266412321], [127.22003700112415, 35.6000762384688], [127.21961913272419, 35.60023395705375], [127.2190935477574, 35.60027645245867], [127.21831274264923, 35.600005474760515], [127.21815984519917, 35.59990418417463], [127.21794988782763, 35.59960448077322], [127.21796651928346, 35.599484419353054], [127.21797157293183, 35.59926281409316], [127.21808389876286, 35.5989948496783], [127.21817391558122, 35.59883772495965], [127.21828647943215, 35.59865747634506], [127.21847836544356, 35.59854633461309], [127.21890790891999, 35.598527096675234], [127.21935447184991, 35.59853091011913], [127.21982321783032, 35.598377716948505], [127.21997554489225, 35.5982712614004], [127.22010474450725, 35.597975565765005], [127.2199740702286, 35.59773112069107], [127.21950356691401, 35.597237994794476], [127.21876765962425, 35.59683767474738], [127.21856340814854, 35.59655642937285], [127.21837641526575, 35.59638595002945], [127.21778256486985, 35.59625774865888], [127.21670289773188, 35.596236591121695], [127.21598530573766, 35.59633481328214], [127.21440331331063, 35.59659152040753], [127.21400208974467, 35.59662915767296], [127.21382128637731, 35.596657175303626], [127.21342555608828, 35.59663478655103], [127.21291681524647, 35.59662644276128], [127.2124254699224, 35.59678426447296], [127.2123632690305, 35.59677514035359], [127.21222754977886, 35.596752292825535], [127.21192185815366, 35.596577394195535], [127.21169541082378, 35.59644390699426], [127.21143472067335, 35.59618583069931], [127.2107836226476, 35.595776080085464], [127.21018879024729, 35.595264665642176], [127.2090636917919, 35.595155802359855], [127.20871262614489, 35.59491634162323], [127.20832226090305, 35.59477851085991], [127.20751879224343, 35.59445210313915], [127.20737173976057, 35.59441542037382], [127.20667577738143, 35.59413037247544], [127.20643256546386, 35.594066152186215], [127.20591195829654, 35.59383158722314], [127.20545374055769, 35.59368001196514], [127.2050696616879, 35.593786841108134], [127.20476451304758, 35.593815053066905], [127.20393888017355, 35.59365485656653], [127.2033111007624, 35.59350355724869], [127.20255308092878, 35.593255522419085], [127.20202649042514, 35.59288245166153], [127.20147004121876, 35.591867718524824], [127.20131107900046, 35.59158636964489], [127.20109036230649, 35.591471319382045], [127.20074561050461, 35.59148111883217], [127.20013507347485, 35.59143595733403], [127.19960351903246, 35.591330645737145], [127.1990039695145, 35.59115619500333], [127.19885714050898, 35.591207218024316], [127.19868796677514, 35.59136445817959], [127.19825968235774, 35.59188221383371], [127.19752142248109, 35.5927651828453], [127.19664138862939, 35.593463711784544], [127.19610015877242, 35.59403242450418], [127.19592582690997, 35.594397416257245], [127.19567203562421, 35.5946286542103], [127.19493325096461, 35.59531771006367], [127.19454412148018, 35.59568304248084], [127.19420008450993, 35.595997519432785], [127.19387255800042, 35.59612730566186], [127.19353953393697, 35.59632173063055], [127.19313253863163, 35.5963131434857], [127.19242550464675, 35.59611112936823], [127.19134471667634, 35.59561423693545], [127.1903942288723, 35.59523716227043], [127.19008319689951, 35.59517301520466], [127.18974941799284, 35.59504888695071], [127.18967020942009, 35.59501669306847], [127.18933659266034, 35.594961811557035], [127.18904777440672, 35.594726813853825], [127.18881544707365, 35.59447787588477], [127.18863392584032, 35.594201161207884], [127.1884013741468, 35.59385527516273], [127.18817476806312, 35.59363402822004], [127.18786902060363, 35.59340828600601], [127.18749509613872, 35.593030298968216], [127.18655486059568, 35.59217766893194], [127.18641308932328, 35.59197475476184], [127.18639575833092, 35.59181320126659], [127.18629333867722, 35.591517893956315], [127.18605485403666, 35.59104274793525], [127.18584497425373, 35.59071528835214], [127.18565782965861, 35.59044319408945], [127.18551591461537, 35.59017564543802], [127.18550949727434, 35.58984326085432], [127.18549759986965, 35.58958474842513], [127.18542194788434, 35.58863846020206], [127.18532452783151, 35.58805691483313], [127.18522232850347, 35.58785393915764], [127.18509169169106, 35.58757252506647], [127.18491060118693, 35.587471234374426], [127.18473538638848, 35.58746688211654], [127.18439637400387, 35.587508944595996], [127.18394423242877, 35.58750962645716], [127.18360478952489, 35.587362406563294], [127.1834858706066, 35.58726101990248], [127.183299048303, 35.58712280226767], [127.18262516254487, 35.58653750348739], [127.18228524483287, 35.5861779157644], [127.18215503705376, 35.58608116126798], [127.18196240130447, 35.58586908382003], [127.18177557331772, 35.585726248262624], [127.18148712067516, 35.585629727975764], [127.18081982303899, 35.5854506702539], [127.1803447645476, 35.5853082582046], [127.17984133876853, 35.58511510225727], [127.17963791189051, 35.58512925219762], [127.17947995400267, 35.58525875028543], [127.17933952491822, 35.58564675123157], [127.17921090237057, 35.58626094764308], [127.17861334730821, 35.58694969894934], [127.17839353141811, 35.58722239926007], [127.17819070023278, 35.587508925142004], [127.1779424094456, 35.587684718981855], [127.17695364988505, 35.58782465312989], [127.176637129575, 35.587815878240804], [127.17640557738576, 35.587894694857475], [127.1761119762336, 35.588029000662424], [127.1758522226156, 35.58813555599372], [127.17558668796075, 35.588182103804], [127.1754963085563, 35.58820531667963], [127.17539463723246, 35.58823316234923], [127.17521386808856, 35.588274972231694], [127.1750048802057, 35.588335287634585], [127.17442306131241, 35.5884838513416], [127.17382448076859, 35.588724766796254], [127.17363815781613, 35.588812748415975], [127.17348000707184, 35.58885913863741], [127.17329933389271, 35.588947109797694], [127.17290427757656, 35.58921543274736], [127.17245250012299, 35.589391503389315], [127.17227196418027, 35.58954410551107], [127.17193365581085, 35.58992314382194], [127.17144816792508, 35.590196205562535], [127.17033486507457, 35.59026239515619], [127.1701596448931, 35.590258021726086], [127.1699562617797, 35.590299854742135], [127.16973601868114, 35.59038787634143], [127.16943111222258, 35.59053141462069], [127.16914910277339, 35.59081341823536], [127.16908735564927, 35.59101663400281], [127.16891822090076, 35.591219998483595], [127.16865836356156, 35.59128498967937], [127.16749442427675, 35.591471254612536], [127.16686178465446, 35.59166140025206], [127.16638703981158, 35.59167589775598], [127.16593510080767, 35.591787309669805], [127.16521741039017, 35.59184829837391], [127.16452758214338, 35.59171534671517], [127.16392238748264, 35.59150841318279], [127.1635659994688, 35.59135654173835], [127.16335103243601, 35.59126449751616], [127.16302863291254, 35.59114951162947], [127.16280807250872, 35.59108517346921], [127.16245197648581, 35.591076413899835], [127.16190971366451, 35.59124333048088], [127.16136755159906, 35.59146102879688], [127.16039045256, 35.59181779167959], [127.15975212423983, 35.59199867472947], [127.15946961784523, 35.59204982595325], [127.15934536327057, 35.59209615366893], [127.15924349853171, 35.592031653810714], [127.15916411317285, 35.59190249329343], [127.15880083373436, 35.59111814188629], [127.15864092445798, 35.59027812641705], [127.15817090476101, 35.58981707510737], [127.1575651899685, 35.589328497209344], [127.15727622272426, 35.58895954040955], [127.15710022140514, 35.588553505159695], [127.15709368148232, 35.588096468134566], [127.1570757542197, 35.58759789803534], [127.15699015072354, 35.58717328076423], [127.15689371029868, 35.58698873916454], [127.15675164612361, 35.586591892849796], [127.15641096813309, 35.58577980549731], [127.1562293537761, 35.58538762623064], [127.15615562440615, 35.58525383800826], [127.15606491118038, 35.58510622242992], [127.15590064086139, 35.58491253400458], [127.15581004585543, 35.5848249344092], [127.15525575337918, 35.58459942458298], [127.15444130800283, 35.58427729168853], [127.15383027903172, 35.583931815266226], [127.15342873057885, 35.58377997211715], [127.15267063088363, 35.583360807629596], [127.15242160687569, 35.583171837244535], [127.15212185237748, 35.583052178698985], [127.15185624211696, 35.58305712464429], [127.15175451567073, 35.583057250957474], [127.15155095950085, 35.583002103532515], [127.1512795657618, 35.5829378062489], [127.15110975454719, 35.58279490165013], [127.15078175415876, 35.582679889799905], [127.15043688766289, 35.58261106516263], [127.15017683506338, 35.58256521787749], [127.14934591961394, 35.582483136383004], [127.14880905874311, 35.58249763885028], [127.14834017624638, 35.582599772971065], [127.14761712099094, 35.58278069531312], [127.14709737053671, 35.58288288598255], [127.14604134183027, 35.58332272693137], [127.14575888435793, 35.58338769621326], [127.14551021776165, 35.58338799215185], [127.14523889528955, 35.58336061356382], [127.14497327631766, 35.58336092882002], [127.14449305550117, 35.58344921230361], [127.14399578911653, 35.58348673074808], [127.143600143291, 35.583464110659044], [127.14336292693237, 35.58354748796444], [127.14316520609086, 35.5835938855163], [127.14283219045913, 35.583834337918574], [127.14265713301818, 35.58391302462512], [127.14250450949665, 35.58389473581818], [127.14238015960329, 35.58388564629334], [127.14208050588896, 35.58381674434365], [127.14185994152545, 35.583729284654474], [127.14174682226724, 35.583678633341506], [127.14147533877002, 35.58355891506396], [127.14136221077462, 35.58350364606172], [127.14113598175979, 35.58340695881389], [127.14083625115589, 35.58329188769491], [127.14063260385147, 35.583181322902554], [127.14037810941026, 35.58308004896142], [127.14000494376344, 35.582983527010384], [127.13977302656906, 35.582863758916076], [127.13955234717557, 35.582707045874194], [127.13929209363785, 35.58254114438776], [127.13908274445535, 35.58239826669096], [127.13890170736799, 35.5822876728616], [127.13882800854027, 35.58215387480005], [127.13873740445361, 35.58204779566993], [127.13847156611621, 35.581918830311075], [127.13825098706147, 35.58181751378543], [127.13814349211884, 35.58174838596964], [127.13792297837041, 35.581684001161804], [127.13778155267273, 35.581601061628525], [127.13748756133336, 35.58153214264949], [127.1371594606081, 35.5813432289951], [127.13684831452028, 35.58115429519262], [127.13666744126945, 35.58113603014641], [127.13647524144022, 35.58110392834087], [127.1361813713613, 35.5811042543949], [127.13559368676711, 35.58113722205743], [127.13527716474417, 35.581109871859645], [127.13501721076516, 35.58111477434667], [127.1347683831324, 35.581013483065504], [127.13449118967485, 35.58084758918697], [127.13386887798174, 35.58044662477844], [127.13364274979551, 35.58040070410662], [127.13351264036596, 35.5803223634312], [127.13317309036374, 35.58003650274123], [127.13263028946136, 35.57986627585195], [127.13202526557767, 35.57965918046373], [127.13165591715456, 35.57842232371466], [127.13148048324092, 35.57827016366531], [127.13126574704232, 35.57827501052846], [127.13099435746348, 35.57819220082008], [127.13081335595452, 35.57809082848632], [127.13096544198848, 35.577785969280065], [127.13105475167927, 35.57710261467385], [127.13160716335283, 35.57624794868969], [127.13172404111423, 35.57514906910565], [127.13191584859524, 35.57495034783404], [127.13198331941062, 35.574742527759014], [127.13214085794549, 35.574322246264636], [127.13199246347658, 35.57342216364323], [127.13204746201272, 35.57249878036871], [127.13191123326698, 35.57212498038431], [127.13195026057194, 35.57180177572592], [127.13176332708063, 35.571520361722214], [127.13140076043832, 35.570952906743365], [127.13125913443156, 35.570731459921554], [127.13086760509002, 35.56972083701091], [127.13062326395125, 35.56887625527568], [127.13047011253424, 35.56851170555512], [127.13000035911524, 35.56803669096713], [127.12988109140485, 35.56765825455618], [127.12973846027263, 35.566804329107654], [127.1297097042118, 35.566490428902746], [127.12966417582425, 35.56628734510212], [127.12968080815563, 35.56608881358345], [127.12984945562526, 35.565553105883346], [127.12987739465066, 35.56535917768437], [127.12989395921889, 35.56511909632599], [127.12983734622433, 35.56504990695038], [127.12944165383104, 35.56493952501134], [127.12896685117329, 35.56482460906971], [127.12820999009435, 35.56499160041736], [127.12766759078767, 35.56500601543981], [127.127096744945, 35.56489580844528], [127.12667874592266, 35.56497010617409], [127.12636823642451, 35.565132008701056], [127.12618207509136, 35.56532148084811], [127.12582659971442, 35.565635776383736], [127.12532976400621, 35.56588558218785], [127.12435779610867, 35.56580808740473], [127.1235217320048, 35.56592434552866], [127.12291138974537, 35.56585109169542], [127.12252139385595, 35.56576838174777], [127.12222736449503, 35.565625559430195], [127.12174680155898, 35.56543213854143], [127.12118735092504, 35.56538190771979], [127.12091601516974, 35.56529907593832], [127.12046950187894, 35.56520256395539], [127.119661232559, 35.56500945543315], [127.11929389948973, 35.564963646841456], [127.11898875423182, 35.564940858925446], [127.11870070861517, 35.565019619828036], [127.11833346537153, 35.56503382298369], [127.11791517450513, 35.56491419247453], [127.1169993192862, 35.56455497000721], [127.11675605463554, 35.564342836454834], [127.11673868324944, 35.564052005111], [127.11659713758799, 35.563849009192474], [127.11637041952946, 35.56335524263323], [127.11651083439902, 35.56277341598727], [127.11681551069307, 35.562477661886156], [127.11689424365125, 35.56222367255142], [127.11696162978008, 35.56193737718758], [127.11695532608583, 35.561484953738926], [127.11708884387616, 35.5600490546229], [127.11733125302246, 35.559679492664976], [127.11766965868102, 35.559277522264644], [127.11816071175613, 35.558949270989345], [127.11875339854649, 35.558579369539835], [127.11887185960953, 35.55845460669742], [127.11893366118171, 35.5582190983866], [127.11889898739003, 35.55769283584368], [127.11883597190034, 35.55710196627833], [127.11906134684695, 35.55668625199141], [127.11936002777142, 35.556178132856864], [127.11962492273965, 35.55574852805467], [127.12011015359357, 35.55532332522541], [127.12048276186694, 35.5551475280683], [127.12066322247877, 35.55493036956256], [127.12085489732883, 35.554657800234054], [127.12099585917166, 35.554472996009686], [127.12101788214379, 35.5540897933958], [127.12099473284748, 35.55372048546853], [127.1210618833016, 35.55329107110799], [127.12103871796026, 35.552912530236284], [127.12102712259964, 35.552714026882214], [127.12073857917251, 35.552428078489896], [127.12047239206636, 35.551980525526126], [127.12070273810271, 35.55112622103226], [127.12120439326361, 35.550373216559194], [127.12176284137725, 35.54982790059725], [127.12251291189222, 35.548991544007364], [127.12291347914135, 35.548649513601084], [127.12350485292451, 35.547485525392595], [127.12368385465251, 35.5463311861599], [127.1238912997716, 35.545310699238584], [127.12374870262951, 35.54441059783024], [127.12345426806547, 35.54395384599201], [127.1229116947381, 35.543760490588895], [127.12271956849125, 35.543714516179826], [127.12244831125719, 35.543636303865725], [127.12217141204837, 35.54356271222169], [127.12168551876343, 35.54349394477235], [127.12127311646418, 35.54346203502107], [127.12071955601128, 35.54347181435446], [127.12029595063085, 35.54350454572081], [127.11984994253567, 35.543666562552595], [127.1191160868757, 35.54399044144793], [127.11872672932127, 35.544267816125526], [127.11834837088198, 35.54434204699979], [127.11807733686436, 35.544416174351596], [127.1177723789161, 35.5444672491924], [127.1167165831904, 35.54483297113399], [127.115891951713, 35.54489838256063], [127.11556431376378, 35.54489407330976], [127.11515778505388, 35.54502372146436], [127.11432738387684, 35.545006028603865], [127.11374549766008, 35.54496501714567], [127.11344605982251, 35.54492836117295], [127.11328784118894, 35.54489157367471], [127.11319735598646, 35.54481778977289], [127.11313502479078, 35.544679347957086], [127.1130671177268, 35.54459169427132], [127.11302183058437, 35.54452248701804], [127.11293128889278, 35.54440715386075], [127.11283503434046, 35.54424565860413], [127.11272737347392, 35.544005692183426], [127.1124898371391, 35.5437981603449], [127.11232004973901, 35.54356286614232], [127.112060074148, 35.543466154070174], [127.11187348131897, 35.54333244073734], [127.1117151844053, 35.54323563444876], [127.11155686119679, 35.54312036210287], [127.11148901995782, 35.54307887392527], [127.11142682825435, 35.54303738048919], [127.11133634046097, 35.542958979600414], [127.11117758838328, 35.542529773778774], [127.11060630531122, 35.541967057468916], [127.11018754176361, 35.5414042027389], [127.10955964489479, 35.54073534794975], [127.10901657375992, 35.54013104915206], [127.10858141208139, 35.53996061700835], [127.1085078200852, 35.539840649601004], [127.10842845190402, 35.53962373694625], [127.10841117317439, 35.53937445313518], [127.10850129970355, 35.53918970783138], [127.10854626384747, 35.53902346899729], [127.10869285609357, 35.53882482329045], [127.10879431487977, 35.53866776817001], [127.10885059403458, 35.53851536841595], [127.10882782101062, 35.538381506781725], [127.10877679214796, 35.53823843498142], [127.10873700563238, 35.53805380387067], [127.10868586102238, 35.53782301645293], [127.10865741045428, 35.53766607572298], [127.10861765963534, 35.53750914516004], [127.10859476394269, 35.537282948709695], [127.10855499076224, 35.53710755134363], [127.10851520421733, 35.53692292012412], [127.1084867645312, 35.53677521316744], [127.10844686867034, 35.5365074827918], [127.10836741703457, 35.536225936716974], [127.10832762004868, 35.536032071568684], [127.10822565119868, 35.53580594599001], [127.10811800809687, 35.5355613577046], [127.10800480445984, 35.5353814076342], [127.10785771223722, 35.53520148686197], [127.1076825101179, 35.535118539671316], [127.10760904214234, 35.53508628812201], [127.10746772953794, 35.53500331127618], [127.10738852671605, 35.53490643135509], [127.10726978122219, 35.5348049673786], [127.10703243327676, 35.53470822507095], [127.10693065855311, 35.534625213396176], [127.10674984646451, 35.53456997046599], [127.1066141956304, 35.53449622145103], [127.10652381366731, 35.534487065660116], [127.10611141968813, 35.53442278863436], [127.10597017436415, 35.53439059299071], [127.10589664816744, 35.53431217299027], [127.1058344346955, 35.534247593343814], [127.105772239502, 35.5341968630739], [127.10568180347936, 35.53414615842214], [127.10551789531382, 35.53405858169641], [127.10533135434936, 35.533938708286044], [127.10451159688226, 35.53332539051648], [127.10432509984444, 35.53323783172737], [127.103866048348, 35.532019423175164], [127.10378092798643, 35.531705562492036], [127.10367885750028, 35.53138709802376], [127.10359406272684, 35.53132715397481], [127.10342445095857, 35.531188796199615], [127.10306841911479, 35.53101827778196], [127.10247508142525, 35.5307694728289], [127.10200607943484, 35.530585195052005], [127.10181392064331, 35.53047917030678], [127.10142408382124, 35.53036869156177], [127.10105128419188, 35.53033206453974], [127.10030569168465, 35.53026342170745], [127.0999100205367, 35.53000059371357], [127.09965558306729, 35.52976534937413], [127.09929958142668, 35.52960866919126], [127.0991413141188, 35.529502613160076], [127.09899431700171, 35.529373465273736], [127.09872297828785, 35.529170549065945], [127.09853638536272, 35.52899064903844], [127.09819727175922, 35.52878316960228], [127.09796560538263, 35.52869102028426], [127.09712374193344, 35.528391601994876], [127.09627007507032, 35.52765822184815], [127.09601558852162, 35.5273675701913], [127.09589676519307, 35.52717837909001], [127.09535393927482, 35.526620183673465], [127.09467581740286, 35.526260604352146], [127.09425767003896, 35.52606240780102], [127.09390740265707, 35.525956491110485], [127.09373787786477, 35.52586890350729], [127.09364164106911, 35.525670459611995], [127.09359027960946, 35.52520883320858], [127.09343194393533, 35.52502890322169], [127.09308135381605, 35.524636750701085], [127.0929906575433, 35.524341352214584], [127.0928939999223, 35.52377357669009], [127.09260569076913, 35.5235152590633], [127.09243612488481, 35.52338612036422], [127.0920180675421, 35.52324793016452], [127.09188241129225, 35.52314184812964], [127.09163903468148, 35.52266189635929], [127.09151458799498, 35.5224773224383], [127.09141281631638, 35.522371214147924], [127.09110758144378, 35.522117522183734], [127.09065561935832, 35.52195165482011], [127.09032232037532, 35.52185033136124], [127.08997771927767, 35.5217397833408], [127.08961056537092, 35.52166156558663], [127.08897793921506, 35.52153275427792], [127.08854862794534, 35.52141764633453], [127.08814752403542, 35.52127481553314], [127.08781423209206, 35.52117348512332], [127.08734538829206, 35.52105378427368], [127.08711370273619, 35.5209108299315], [127.08685378563507, 35.52077251195743], [127.08668419997933, 35.520611048811226], [127.08658800667243, 35.52043106591406], [127.08654823029273, 35.520200260214125], [127.0865254599059, 35.52002945932812], [127.08653662678586, 35.51990941815184], [127.08663244840572, 35.51974315133366], [127.08675085872913, 35.519576869093484], [127.08701580289824, 35.519142716736965], [127.08743323795137, 35.518731540283675], [127.08803112511087, 35.51809401657755], [127.08820607527014, 35.517996942523816], [127.08843169982629, 35.51776594840542], [127.08864039857679, 35.517548816662824], [127.0889225059652, 35.51733163046148], [127.0891537782631, 35.51710524819674], [127.0893905802857, 35.51677267672433], [127.08993766730799, 35.51618134771516], [127.09010097244474, 35.51577496303185], [127.09000447034032, 35.51531798271805], [127.08987421116103, 35.51497182682624], [127.08934300365286, 35.514593643936415], [127.08922975905539, 35.51431211008446], [127.08916181794342, 35.5141459585247], [127.08909946623191, 35.51392901958573], [127.08915007613197, 35.51373969973511], [127.08936434855889, 35.51346716187981], [127.08971920597706, 35.51267283842057], [127.08983196253203, 35.512515789260945], [127.08979207912378, 35.51219265185304], [127.08962223376547, 35.51178650875113], [127.0893111644253, 35.5113204492915], [127.08885906201978, 35.510969907099806], [127.08854269152982, 35.51081316720756], [127.08818571035356, 35.50965925283491], [127.08809503888916, 35.50935461780071], [127.0880043227771, 35.50900843245543], [127.08790796431296, 35.508666865825866], [127.08793026961648, 35.50840831680398], [127.08802023847818, 35.5080666196901], [127.08800887612226, 35.50800199433169], [127.0876417415385, 35.507882220980406], [127.08734232431222, 35.50772546463152], [127.08680011380356, 35.50756426235982], [127.08625232102943, 35.50745846049599], [127.08551820503824, 35.50735278565586], [127.08521890387291, 35.507302208768614], [127.08504951316347, 35.50729770819889], [127.08459205401093, 35.50718260388299], [127.08442261637059, 35.507131936596366], [127.08434917726073, 35.507095052383846], [127.08413451319811, 35.506989014734984], [127.08391415953791, 35.50684143038338], [127.08369387963693, 35.50676309573526], [127.08346786725147, 35.50660166409437], [127.08328711241286, 35.50652330224946], [127.08303872047307, 35.50656040274406], [127.08286942519072, 35.50664823169565], [127.08268888631882, 35.506782235791015], [127.0824461957585, 35.506874730925], [127.08227127326785, 35.5069810306696], [127.08200039242014, 35.50711509259738], [127.08164488019997, 35.50730922657728], [127.08141349833791, 35.50742017886226], [127.08118782102538, 35.507591144023], [127.08092272690408, 35.50786831822594], [127.08074220406911, 35.508025401855626], [127.08057300927736, 35.508219411418324], [127.08042066624832, 35.50832569427881], [127.08009350868373, 35.50865368853756], [127.07993560406469, 35.50884769149461], [127.07967048562719, 35.50911101162064], [127.0793601519554, 35.5093281932484], [127.07919094314587, 35.509512967853595], [127.07901604119924, 35.5096515800932], [127.07851374062814, 35.50988273188684], [127.07831048092815, 35.50989209338244], [127.07790392014934, 35.50986926511586], [127.07763290900259, 35.50988328479496], [127.0772998886032, 35.51000352570034], [127.0769499455382, 35.51014224336035], [127.07634599444567, 35.51036883171105], [127.07614286837612, 35.510521307111354], [127.07588911225027, 35.51087694518482], [127.07575385793936, 35.511154027952955], [127.07562982574082, 35.5113572369166], [127.07546051231334, 35.511445056325705], [127.07515577867315, 35.51163452370018], [127.07496388803068, 35.5117315903606], [127.0748567486716, 35.51188862037442], [127.07477226119921, 35.5121148890601], [127.0745864601715, 35.51269670023915], [127.07457550164129, 35.513061424364054], [127.07462093774411, 35.5133476305211], [127.07479065205726, 35.513689161173644], [127.07482482868072, 35.514012307941336], [127.07474580125276, 35.514040054982765], [127.07461593632551, 35.514049366558545], [127.07405115831554, 35.51392505396132], [127.07324358012079, 35.51380549836181], [127.07278624860578, 35.51385654936531], [127.07239678765795, 35.51403220951642], [127.07219359529883, 35.514129277617656], [127.07192837355704, 35.5143233314078], [127.07184942598865, 35.51444340994282], [127.07173657419584, 35.514535806936735], [127.07150514567275, 35.51463289065909], [127.0713245006208, 35.514688393695465], [127.07120598408765, 35.514762329375785], [127.0709801611345, 35.51481324116133], [127.07047212666261, 35.515007428046644], [127.07026890720714, 35.51508141045276], [127.06994714938335, 35.51520162441535], [127.06931493232433, 35.515455893643015], [127.06850204899187, 35.515751807989666], [127.06799966856413, 35.51596906638511], [127.06746907782033, 35.51621865479773], [127.06726588831319, 35.51633418143122], [127.0671190831586, 35.51634810996946], [127.0669552760136, 35.51628818031567], [127.066695368535, 35.51609903646698], [127.06607966837815, 35.51585467966789], [127.0654298085673, 35.51525947140304], [127.06447484006718, 35.51441511714848], [127.06390973954674, 35.513866022837846], [127.06362154878941, 35.51359378589072], [127.06300009121863, 35.51316936676328], [127.06273455929077, 35.51298483280179], [127.0624971833324, 35.51269871811085], [127.06234461033672, 35.51254644376234], [127.06222024299976, 35.512361839217775], [127.06180753111302, 35.51168339252963], [127.06131040271974, 35.511369702963364], [127.06090366471913, 35.511111368172934], [127.06072272350758, 35.51076982165156], [127.06031606761776, 35.51061766689933], [127.05983608847741, 35.51057173015259], [127.059316703864, 35.51068739360942], [127.05876336487773, 35.51070150397838], [127.05853746498323, 35.51064159305835], [127.05826067721131, 35.51048475449615], [127.0575263714147, 35.510097292433464], [127.05697863113491, 35.51003752531497], [127.05650995914453, 35.51000541947368], [127.0562332633872, 35.50996861049103], [127.0560186552095, 35.50990407218466], [127.05586052723001, 35.50985797514214], [127.0556854600796, 35.509816502207535], [127.05555557220447, 35.50978424391723], [127.05543699030504, 35.50977044537372], [127.05524497390282, 35.50971051270204], [127.05490047153654, 35.50959986415267], [127.05476491838552, 35.50953990590819], [127.05469144163084, 35.50942913702792], [127.05462346321741, 35.509096766584115], [127.05454433483278, 35.50897676807318], [127.05413754578258, 35.50859375865776], [127.05384939957638, 35.50831226599087], [127.0534143417624, 35.507860016543965], [127.05309213090092, 35.50728306774388], [127.05270226986949, 35.506858497441755], [127.0517475448066, 35.50603250704008], [127.05142552571978, 35.50572793868352], [127.05126731355494, 35.50553410224323], [127.05084375011864, 35.50535883919627], [127.05030724735904, 35.505151302701265], [127.04961823293353, 35.50482379223314], [127.04942058189916, 35.50475923515155], [127.0492567956098, 35.50467158232668], [127.04896296022984, 35.50426542830468], [127.04860144430563, 35.50397471693607], [127.04813829724343, 35.50367019285619], [127.04777128241797, 35.5036195482137], [127.04766960408647, 35.503531870411045], [127.04756217532878, 35.50326414224258], [127.04755074538039, 35.50302869618388], [127.04716090549496, 35.50255332432856], [127.04662986088154, 35.50196720167298], [127.04636987893034, 35.50148716221715], [127.04617210040527, 35.50117329967779], [127.04607598115348, 35.50092403446452], [127.04609849008618, 35.50079476018344], [127.04627344646515, 35.50068389533931], [127.04640891093769, 35.5006284470773], [127.04667421482732, 35.50054986508902], [127.04729504066621, 35.50020338379346], [127.04736267681339, 35.50000945871429], [127.04798330116688, 35.49933057393837], [127.04868298549076, 35.49870705478099], [127.04879578686409, 35.498522344530656], [127.0489537546527, 35.498342232357395], [127.04926953589356, 35.49773270805559], [127.04946691707397, 35.49738176388454], [127.0495402424505, 35.49727555057112], [127.04956827590954, 35.496956989357436], [127.04964136266712, 35.49645835864846], [127.04960161420505, 35.49607980616227], [127.04959577554656, 35.49576125789732], [127.04958969799607, 35.49505029039405], [127.04970786529779, 35.494422374233174], [127.05006889311268, 35.49398364771209], [127.050554079036, 35.493489469125564], [127.0509150631294, 35.4929953392185], [127.05129299711112, 35.4925289018459], [127.05174432023085, 35.49207628223638], [127.05202066053063, 35.491651433725885], [127.05216732193041, 35.49148055594317], [127.0522631758775, 35.491305082582535], [127.0523364942648, 35.49119886746953], [127.0523758688497, 35.490981867198876], [127.05248858904437, 35.49070020297908], [127.05264068194774, 35.49020153735592], [127.05305246485717, 35.48973969600622], [127.05309173273058, 35.489361111290116], [127.05292781631397, 35.489033394752546], [127.05276405705663, 35.48894574643614], [127.0522446392706, 35.48880746175877], [127.05179300763494, 35.4887430144646], [127.0512228272785, 35.48866937922979], [127.05088973959671, 35.488604879977665], [127.05056789528155, 35.48846650819576], [127.05035901573919, 35.488434274553185], [127.05018962455267, 35.48836047461973], [127.04981700505054, 35.48826367144885], [127.04961375383971, 35.48820373421546], [127.04941613725532, 35.48812532828188], [127.04905485930475, 35.488111618938696], [127.04858636501989, 35.48815796639229], [127.04815732463085, 35.48810272940848], [127.04776207494007, 35.4879135950577], [127.0468641932073, 35.487295292904584], [127.0457857868576, 35.486843249824325], [127.04530571339195, 35.48635867003593], [127.04464498641332, 35.48581875078504], [127.04357231274706, 35.48547287002461], [127.04323353819906, 35.485292934276366], [127.04275926561199, 35.485057642972215], [127.04253903749569, 35.484886898932324], [127.04215509081186, 35.48467004122621], [127.04166384108112, 35.48433780018742], [127.041178174801, 35.483876289175], [127.04060785366467, 35.48342865153122], [127.04033115136491, 35.483184054534895], [127.0400373716375, 35.482639376353], [127.0398510126518, 35.48245015002567], [127.03965892651594, 35.482090107839724], [127.03951208846912, 35.4819193349481], [127.03928623284496, 35.48175320413926], [127.03916763219013, 35.4816101225317], [127.03893610403442, 35.48138397456243], [127.03876102309945, 35.48116242544279], [127.03883425346383, 35.48085308527023], [127.03890755225366, 35.48069147991479], [127.03903163326966, 35.48049292414641], [127.03916699939539, 35.48028974716213], [127.03930231879546, 35.47999423785444], [127.03935303107875, 35.47981416987796], [127.03950519599434, 35.4793386042622], [127.03939771506576, 35.478840034549805], [127.03933530965936, 35.478175248979056], [127.0391996381421, 35.47773208732725], [127.03870842509575, 35.47736290167831], [127.03842046842276, 35.47713215231752], [127.0376245952244, 35.47700311973181], [127.03728592915522, 35.47695243498997], [127.03706578439729, 35.476897098236584], [127.03691337141545, 35.4768417421865], [127.03696409541683, 35.47668476042642], [127.03701484571558, 35.47658317689198], [127.0369978352807, 35.47640774797649], [127.03700341552533, 35.47626924520519], [127.03703155687599, 35.47609380243333], [127.03698071921313, 35.47600148397645], [127.03699186497293, 35.47568754443724], [127.03693533328371, 35.475484425755305], [127.03697474486403, 35.475272047343815], [127.03700849358228, 35.47501811923991], [127.03698019307964, 35.474838075412144], [127.03690105704413, 35.47457032868074], [127.03658489448486, 35.47433496782733], [127.036110658159, 35.47399346538143], [127.03559694141283, 35.47370275626693], [127.03502662208363, 35.47301964061163], [127.03482322246893, 35.47249339133607], [127.03462554389058, 35.472147191718356], [127.03450677562321, 35.47155166964151], [127.03438248628662, 35.471246999100615], [127.03437110246344, 35.47101616704035], [127.03443872055523, 35.47076684725136], [127.03450072648499, 35.470591397043556], [127.03463045009073, 35.470402076908094], [127.03466427922461, 35.47032820097258], [127.03472626359691, 35.470101966146544], [127.03470924562257, 35.46989421832907], [127.03474857582549, 35.469487937324075], [127.0349627822191, 35.46890155847648], [127.03517140117835, 35.46846291512077], [127.03516565370958, 35.46821823180273], [127.03510350368212, 35.468052046771305], [127.03505264324178, 35.46789047585475], [127.03477006146709, 35.46692104421189], [127.03470224443832, 35.46669484388813], [127.034668278393, 35.46644093372229], [127.0346512186608, 35.46613623595707], [127.03468499159422, 35.465933092641365], [127.0346567212563, 35.465803831617535], [127.034651040665, 35.46571611557503], [127.03455509801529, 35.46569767425567], [127.03435757750358, 35.46568387744464], [127.03412057169625, 35.46571163934675], [127.03359574190591, 35.46569792705916], [127.03295808039768, 35.46576734088978], [127.03269283363778, 35.46573509010311], [127.03250656769413, 35.46564280350044], [127.03234286803934, 35.46552742701244], [127.03217915671627, 35.465384348417956], [127.03182355830766, 35.465195152333195], [127.03116882481444, 35.46488137296279], [127.03101641684617, 35.46477522570686], [127.03073982619225, 35.46457677211837], [127.03000601859506, 35.46405063887194], [127.02974072766152, 35.463879881150746], [127.02932307003155, 35.46369530675146], [127.02912555197385, 35.46367226740773], [127.0288828826843, 35.46363076972247], [127.02860633494609, 35.46353387939984], [127.02816044086433, 35.46327544044063], [127.02786127153294, 35.46302620181374], [127.02771452794558, 35.46295698220529], [127.0276355295094, 35.46297084901246], [127.02760168961188, 35.46302625604192], [127.02739861747783, 35.46326175084677], [127.02716171350338, 35.46358496882374], [127.02703201531908, 35.46386661537768], [127.02687973801022, 35.46413441541306], [127.02672174963536, 35.464199081928726], [127.02650730403664, 35.46418065767879], [127.02625333685647, 35.46410222403962], [127.02577362258403, 35.46395920052944], [127.02490450792561, 35.46372853026192], [127.02410314303734, 35.46359479279191], [127.02383789142894, 35.46350250671963], [127.02359518895571, 35.46333634844328], [127.02349354844542, 35.46311014738484], [127.0232281502442, 35.46249617200814], [127.02282171923237, 35.462025336154454], [127.02252822636622, 35.461817632879814], [127.02226298001678, 35.461720727685275], [127.02202593494167, 35.461573031292566], [127.02173812582434, 35.461508443887524], [127.0214333795016, 35.46141154126762], [127.02075052886569, 35.46120389584536], [127.02022570522213, 35.46109317369483], [127.01962179312228, 35.460599273604714], [127.01911379795042, 35.46002225587922], [127.01869611615803, 35.459542175547746], [127.01843081242062, 35.45913594053418], [127.01835177738276, 35.45897436663153], [127.01825582553349, 35.458868194558455], [127.01815987095229, 35.45873893973027], [127.01799057335585, 35.45868356034472], [127.01676039428293, 35.458411327561464], [127.01603246163856, 35.4583329282012], [127.01588574124058, 35.4582867777334], [127.01566565076864, 35.458162151013475], [127.0155302157531, 35.45811599954841], [127.01527624534691, 35.45785749061178], [127.01503920117425, 35.45758512941285], [127.01483603285413, 35.457409716253125], [127.01477394419082, 35.45729892158222], [127.01459900592486, 35.45721122235975], [127.0144748785152, 35.45728048535722], [127.01430561783843, 35.45739591985018], [127.01373573960102, 35.45760372657455], [127.01354389951084, 35.45767761283241], [127.01324487247221, 35.45790847552791], [127.01304177804711, 35.45818549611275], [127.01261303199225, 35.45886880697976], [127.01230272373382, 35.45917815317871], [127.01185696644265, 35.45936285738776], [127.01110088179999, 35.459769185257706], [127.01066078188622, 35.46012008606432], [127.01011909996832, 35.46039712475005], [127.00948710373844, 35.460484881212025], [127.00904696314069, 35.4605403071024], [127.00871967715582, 35.46056340935185], [127.00850524954538, 35.4605957367843], [127.007822468776, 35.46072965433756], [127.00757982425185, 35.46072966531115], [127.00708326458968, 35.46094667076269], [127.0068011251512, 35.46104824983141], [127.0064117685341, 35.46115444781137], [127.00601112875333, 35.461288345199], [127.00539607650609, 35.461786967078964], [127.00467379779069, 35.46227635511517], [127.00429008670963, 35.46259953025815], [127.00379350867036, 35.462858073606746], [127.00355086021618, 35.46296426033154], [127.0033815711956, 35.46303351317716], [127.00303170035335, 35.46306121535586], [127.00261411022935, 35.46301504988453], [127.0023206661956, 35.46286269859844], [127.00216830202177, 35.46279344803724], [127.00195950736384, 35.46268264671555], [127.00169427931417, 35.46247027670946], [127.00130490826085, 35.46231792244589], [127.00100018223988, 35.46212863488851], [127.00050359693667, 35.461916259435355], [127.00001265799449, 35.46149151328447], [126.99970793950295, 35.461223738663314], [126.99958379543155, 35.4610667680409], [126.99952172533425, 35.46087748000861], [126.99953866054005, 35.46036502585975], [126.99948223443207, 35.460055706106786], [126.9993468139585, 35.45950631347773], [126.99926217428272, 35.45933549308182], [126.99912111102711, 35.458859968272485], [126.99907032992411, 35.458559880460754], [126.99898569796775, 35.45807512278126], [126.99877693497918, 35.45718409146407], [126.99845531944261, 35.45646849118939], [126.99808856949336, 35.455789821569404], [126.99812244880951, 35.45496804766827], [126.99821837973718, 35.45466334766227], [126.99851744100015, 35.45431248754471], [126.9987826413567, 35.45410474264857], [126.99915504756358, 35.45389700156588], [126.99922840468746, 35.45361076670091], [126.99929047586708, 35.45321373025131], [126.9990817093283, 35.45315370751698], [126.99855132658428, 35.45304750838048], [126.99831999359715, 35.45283974846435], [126.99816765583003, 35.45259044046031], [126.99832000870481, 35.45227189147491], [126.99842722241041, 35.4518840917863], [126.99857957004434, 35.45166711084488], [126.99865292374807, 35.451454743586304], [126.99866985530755, 35.45131162558902], [126.99873192114866, 35.451246994679025], [126.99880527318372, 35.451094645055726], [126.9987883510964, 35.45084534082952], [126.99852317352592, 35.45057294659336], [126.9982523577496, 35.45016204910935], [126.99808310535998, 35.44971883955192], [126.99826931222779, 35.44912328852751], [126.9982072723256, 35.44827380941335], [126.9982298548299, 35.447765971905035], [126.99828629450725, 35.447064231857], [126.99829758391931, 35.44687956302308], [126.99813962042984, 35.4464779023669], [126.99810013135699, 35.446334783448705], [126.99791958991563, 35.446293226159064], [126.99774470316919, 35.44594696590289], [126.9976995741394, 35.44578076220558], [126.9976036700125, 35.44554530479845], [126.99758675127565, 35.445346785783855], [126.99748520105865, 35.445249829939094], [126.99734980086517, 35.44518519089342], [126.9970959214479, 35.44505129530527], [126.99662766489362, 35.44474657125828], [126.99631173583364, 35.4444972522925], [126.99610864459355, 35.44427102161652], [126.99582656979194, 35.4440447878861], [126.99555576877276, 35.44395243827155], [126.99523419353832, 35.44389240278461], [126.9950367392189, 35.443795439230875], [126.99489006186221, 35.443675395678234], [126.99480544906741, 35.443490721167606], [126.99474339894903, 35.44335683230139], [126.99471519888223, 35.44325064687526], [126.99468699869828, 35.44313060999551], [126.99469829335949, 35.44298287556181], [126.99463624533946, 35.44282590298935], [126.99446138063318, 35.44245655413821], [126.99439369517127, 35.44227188007707], [126.99435985660735, 35.442105676455384], [126.99445578248533, 35.441874845367046], [126.994585557845, 35.44162555042299], [126.99487893024752, 35.441496301661076], [126.99498613418514, 35.441283938604144], [126.99469846428413, 35.44057756093922], [126.99458564760994, 35.44038365093751], [126.99449539510003, 35.44022206040725], [126.99442206310813, 35.44012510498981], [126.9943769419091, 35.4399912166415], [126.99441080497691, 35.43980654990494], [126.99440518554358, 35.43949261251522], [126.9943544160552, 35.43945105759393], [126.99420209488525, 35.43949259842729], [126.99402720401096, 35.43955721980383], [126.99389180489965, 35.43962646218478], [126.99373384339249, 35.43962183393494], [126.99354204132332, 35.43955256926604], [126.9933784437265, 35.43950177384554], [126.99324869118169, 35.43947406285179], [126.9931132993285, 35.43946481940088], [126.99296662465129, 35.43943710803879], [126.99279737815448, 35.43945556155878], [126.99260556815977, 35.439474012560474], [126.99239683705333, 35.43945552888924], [126.99192860703309, 35.43935392177056], [126.99175937083484, 35.43930312287639], [126.99149988641477, 35.43909996314549], [126.99139834544813, 35.43905840519638], [126.9913080824262, 35.43906763003098], [126.99105985510118, 35.43911839035804], [126.99071571987946, 35.43918760903991], [126.99050698125622, 35.439233755610076], [126.99031516407778, 35.43931222173449], [126.99008386497464, 35.43931219845377], [126.98979052592978, 35.43919674942919], [126.98965514092292, 35.439132100790374], [126.98959309376399, 35.439067460144976], [126.98949719731625, 35.43900743307807], [126.98948028663449, 35.43891048043611], [126.98936186122066, 35.438591913630496], [126.98922085435053, 35.43839337861389], [126.9891080334809, 35.438342581920224], [126.98902906061718, 35.43829640655474], [126.98889932684251, 35.43818097370576], [126.98854957212212, 35.43812091686431], [126.98831827842848, 35.43810703964688], [126.98812648281323, 35.438042383811876], [126.98797981311246, 35.43801004983486], [126.98787827394025, 35.43797772021868], [126.9878049428672, 35.43794077681777], [126.98771468659558, 35.437903832552486], [126.98762443504025, 35.4378438045611], [126.98753418433068, 35.43777915904882], [126.98741009668021, 35.437649874616554], [126.98734241613361, 35.437548298896175], [126.98725217435779, 35.43743748675135], [126.98715629257896, 35.437308205926875], [126.98708297386737, 35.43720662945552], [126.98699272358434, 35.43713274862509], [126.9869194007569, 35.43705887226521], [126.9868517123141, 35.437012696688], [126.98667684325088, 35.43696189003759], [126.98646811193274, 35.43698494598148], [126.98622555566132, 35.436878728840476], [126.98614658429163, 35.43684178468361], [126.98562196019971, 35.436777079002184], [126.98546400390472, 35.4367770573861], [126.98531169185627, 35.43677703534878], [126.985255288129, 35.43672162714206], [126.98520454028525, 35.436596968610964], [126.98509740160273, 35.43636149953742], [126.98505793433131, 35.43624607633582], [126.98502410343322, 35.43616758714219], [126.98500155218687, 35.43608909843836], [126.98499593294966, 35.43597829686521], [126.98496210198076, 35.43589519109772], [126.98491698134248, 35.435849016334416], [126.98483801936554, 35.43577052143762], [126.9847872573634, 35.435733579022674], [126.98470829038767, 35.43568278425936], [126.98458984230945, 35.435595049282014], [126.98451652992456, 35.43547961976215], [126.98440936535563, 35.43539650350595], [126.98435859869413, 35.435368795817425], [126.98426835715235, 35.43529029817902], [126.9841386346035, 35.4351656261517], [126.98405969626974, 35.434985562053114], [126.98403717491534, 35.43477318859067], [126.98400899262141, 35.43465776650743], [126.98398080492176, 35.43457004373886], [126.98396389903336, 35.43448693991664], [126.98390751546181, 35.43434842948217], [126.98376651623084, 35.434209905869615], [126.98374966756668, 35.43385441539236], [126.98379486557832, 35.43352201781135], [126.98389645377516, 35.43327734678087], [126.98398674792593, 35.43308807372115], [126.9840939518664, 35.43295882254175], [126.98421245071529, 35.43276955391643], [126.98427451587382, 35.43270031188099], [126.98448328391285, 35.43243718981346], [126.98468640647638, 35.43219253197964], [126.98493464687648, 35.4319848163862], [126.98507003855131, 35.431934051085605], [126.98523930366582, 35.4317309389187], [126.98534087854921, 35.431523199950185], [126.98543117178801, 35.43131545952845], [126.985504550094, 35.43106154963302], [126.98552712410807, 35.431001535300396], [126.98554970743719, 35.43089535359316], [126.98553845278484, 35.43074761611568], [126.98541435969312, 35.43071990004621], [126.9852564121212, 35.430742960044526], [126.9851153854302, 35.4307752577409], [126.98495743852342, 35.43079370169241], [126.98472615245294, 35.430853686096484], [126.98453999802175, 35.43089059215799], [126.98438204808465, 35.4309228859279], [126.98416769858953, 35.430913620394364], [126.98393642809363, 35.43089050165879], [126.98365440848211, 35.430779656533915], [126.98347392082674, 35.43069191107664], [126.98324831859482, 35.430544139349735], [126.98313551256345, 35.43049795447172], [126.98309604709054, 35.43040099764775], [126.98309608774638, 35.430211710693065], [126.98306790741556, 35.43010090576223], [126.98304536099127, 35.430027034074], [126.9829889704484, 35.42994392360134], [126.98287054644686, 35.42979616890536], [126.9827972388227, 35.42969458970818], [126.98269572511299, 35.42960685519837], [126.9825998689412, 35.429440636327584], [126.98247016944708, 35.42926979681126], [126.98239122731961, 35.429140514487926], [126.98233485740738, 35.428978918605054], [126.98227847540412, 35.42886349097773], [126.98217698059082, 35.42869727272602], [126.98200217660676, 35.42844793911559], [126.98177663128114, 35.428097029693795], [126.98168643478728, 35.42786156072141], [126.98165825825171, 35.427746137057504], [126.98164136245855, 35.42763533256095], [126.98163016157268, 35.427289075379285], [126.98164713279319, 35.42707670810341], [126.981743083361, 35.42681818718452], [126.98165852553453, 35.42660118703697], [126.9815288367946, 35.426411878388116], [126.98124117233303, 35.42640259371458], [126.98095351118344, 35.42637484391788], [126.98071096534801, 35.42639326715455], [126.98054173002068, 35.42647172152817], [126.98038942400446, 35.4265132450314], [126.97982533254422, 35.42666549318597], [126.97950943833803, 35.42675315193492], [126.97926122610889, 35.42685928863929], [126.97894532803204, 35.426960796489624], [126.97866889739281, 35.42712232937115], [126.97844323173197, 35.427274636667605], [126.97837548350768, 35.42750084317972], [126.97835849262864, 35.42775014335093], [126.97829641863933, 35.427851698314704], [126.97822306522461, 35.42794401899454], [126.9780989353478, 35.42807326380315], [126.97800302782709, 35.42813326163713], [126.97790149621498, 35.42813324129726], [126.97755182642452, 35.427953117483305], [126.97732058421548, 35.42786996810091], [126.97708367078054, 35.427897619123854], [126.97670007246671, 35.42801295699139], [126.97638417071774, 35.428100607542405], [126.97602316386293, 35.428118996330184], [126.975808832426, 35.42807739914625], [126.97553809068994, 35.42804502148322], [126.97527297539008, 35.42805881355998], [126.9751263175806, 35.428063396394464], [126.97504734532544, 35.4280772297789], [126.97494581235644, 35.42808182261126], [126.9748386379389, 35.428086414182914], [126.97475966993352, 35.428086396802044], [126.97468634260738, 35.428081763993134], [126.97460172772092, 35.42809559410051], [126.97452839894204, 35.4280955777543], [126.9743873798992, 35.42810477834079], [126.97430841041007, 35.428109377223365], [126.97423508014857, 35.42811397725761], [126.97414483219049, 35.428104721245745], [126.97403201846079, 35.42810931269661], [126.9739699655042, 35.428127764670975], [126.9738909863171, 35.4281554460727], [126.97377252916809, 35.428169269178454], [126.97369355848043, 35.42817386675731], [126.97361458367092, 35.428187698302544], [126.97356380370388, 35.42822923712708], [126.97345097916268, 35.42826614394393], [126.97329867747912, 35.42827995733644], [126.97313509240863, 35.42829838548717], [126.97302792265798, 35.42828450921775], [126.9728361424125, 35.428279846066445], [126.97267820070671, 35.42828903994747], [126.97255974785362, 35.42828901128667], [126.97248078059066, 35.42827975839693], [126.97237360955106, 35.42827973212401], [126.97227772285508, 35.42826585776952], [126.9720464585543, 35.428256566833355], [126.9718659671553, 35.428228820157564], [126.97160651800615, 35.42816873695865], [126.97147679656837, 35.42813177031248], [126.97139782905224, 35.428127133273144], [126.97131886809231, 35.42810402904707], [126.97123990881839, 35.428076309112136], [126.97116099184422, 35.42793316975448], [126.97116102860736, 35.427836218418804], [126.97108209660253, 35.42773001237481], [126.97103699284865, 35.42767460015183], [126.97095804237742, 35.42762379543423], [126.97086215780324, 35.427609920856305], [126.97076063910136, 35.42757296023936], [126.9706704016153, 35.42754061973789], [126.9705519571614, 35.427517505412276], [126.97045606831041, 35.42751286272792], [126.97037144932663, 35.42754054045057], [126.97030378109338, 35.42748973897312], [126.97028690658755, 35.427360464851326], [126.97027566952474, 35.42724504359325], [126.9702588047014, 35.42709268666671], [126.97022508713788, 35.42675565687908], [126.97021389953863, 35.42650634996801], [126.97023651019862, 35.42637708735343], [126.97021964392914, 35.426229347860776], [126.97011819997091, 35.42599848306699], [126.97003926819963, 35.42590612779401], [126.96981939508136, 35.425624447524214], [126.96963330134754, 35.42551359620412], [126.96946974717143, 35.425462768290885], [126.96937951715127, 35.42542119189173], [126.96926107616983, 35.42539807539229], [126.96919340229243, 35.42536574041876], [126.9691313743385, 35.42532417192593], [126.96906370697191, 35.42527798629678], [126.96904117710936, 35.425194879721055], [126.96901863912116, 35.425130238480946], [126.96899612460012, 35.42501019760674], [126.96908640665966, 35.42492250428553], [126.96927258945732, 35.424793287184066], [126.96950951843907, 35.42471025003265], [126.96965620275049, 35.42462257231075], [126.96973518228816, 35.42458565873636], [126.96983109799405, 35.424511816849716], [126.96985368008248, 35.424456421947184], [126.96983678565135, 35.42438716660006], [126.96983686137919, 35.42418403069152], [126.96993845774118, 35.42399938814044], [126.96998926369886, 35.4238885996831], [126.9700118774051, 35.42375010393079], [126.97006269396172, 35.4236069977021], [126.97010786861885, 35.42346850841726], [126.97013050416018, 35.42326999372054], [126.97022649719023, 35.42298378152774], [126.97028857756757, 35.422882229731584], [126.97044653259485, 35.42280840438445], [126.97052549932958, 35.42280380892273], [126.97064959751438, 35.422766907544556], [126.9707680550571, 35.42273462123637], [126.97089779186682, 35.42270695409336], [126.97145623853338, 35.42254089561264], [126.97151830350333, 35.422480894043964], [126.97154088601536, 35.42241626568057], [126.97154654491453, 35.42236548301587], [126.97150708103663, 35.422314688811724], [126.97133234661892, 35.422000705826406], [126.97142837411376, 35.42160369058745], [126.97146224329782, 35.42152521430605], [126.97147918083179, 35.421474435202946], [126.9715751572277, 35.42121592123212], [126.9715639294295, 35.421068183127325], [126.9714511400254, 35.421031220398255], [126.97136094603596, 35.42089269490353], [126.97138355165603, 35.42076804851624], [126.97142870889553, 35.42067110864934], [126.97142874312628, 35.42057415719608], [126.97134416496365, 35.42050488418118], [126.97115803922712, 35.42051407030001], [126.97105090104597, 35.420444791689285], [126.9710058537508, 35.42024625958407], [126.97101153157722, 35.42014007725042], [126.97103975747159, 35.42007083194239], [126.97106233914177, 35.420010821108725], [126.97108493507687, 35.41991387504889], [126.97103422676003, 35.419766125601654], [126.97098916498648, 35.419609145256686], [126.97091024730439, 35.419489089264495], [126.97072417619978, 35.419350538325205], [126.97066785313314, 35.41914277019299], [126.97068484471174, 35.418948872246865], [126.97070745641129, 35.418805758782405], [126.97076391607784, 35.41864418724447], [126.97074706212872, 35.418464129872966], [126.97070765021488, 35.418279449556955], [126.97058367976271, 35.41798394565158], [126.97056115650344, 35.41788698865927], [126.97050483823656, 35.41766998636713], [126.97054437315558, 35.41751764480201], [126.97064030711225, 35.417365317844855], [126.97074190084697, 35.41716220723566], [126.97078706796924, 35.417028333211704], [126.97078150894305, 35.416811345087154], [126.97084926609908, 35.41659437467256], [126.97091139830464, 35.41633585464823], [126.97095658400919, 35.41615119649645], [126.97097361068917, 35.41585572851368], [126.97097933127833, 35.41563874306622], [126.97098499501823, 35.41557410976526], [126.97104145517497, 35.41540330577461], [126.97115994948838, 35.415237132248855], [126.97132923418175, 35.41497863839108], [126.97144209222974, 35.414803231903015], [126.97149853027389, 35.414687828303606], [126.97157752469273, 35.4145816613216], [126.9716170393732, 35.414480103386666], [126.97164528379655, 35.41435084247419], [126.97169043816444, 35.414244668364404], [126.97172429917106, 35.41418004342219], [126.97173560318757, 35.41411079391966], [126.9717356531638, 35.413967674865155], [126.97168496734345, 35.41376914238202], [126.9717977896605, 35.41368606961999], [126.97182037330009, 35.41361682363839], [126.97184859622317, 35.41354757986763], [126.97188245360451, 35.41349218711146], [126.97192759547289, 35.413422948159635], [126.97195581233738, 35.41336755316926], [126.9719953211579, 35.413279844799135], [126.97203482719647, 35.41319675388575], [126.97205177279731, 35.41312288997933], [126.97207436929581, 35.41301209391179], [126.97243546120623, 35.41255512645638], [126.9726442146222, 35.412292022166994], [126.97270063005978, 35.41223663517802], [126.97274576009988, 35.412195097131985], [126.97279653352385, 35.41214432449382], [126.97308420993345, 35.41196895743714], [126.9734790282556, 35.411812083153876], [126.97358621474538, 35.41170130712577], [126.97364827843516, 35.41161822059333], [126.97378374099631, 35.411271996383306], [126.97398115428993, 35.411170474491016], [126.97405448549026, 35.41111509050177], [126.97410526184589, 35.411050468490195], [126.97424063372465, 35.410976631383704], [126.97432525749366, 35.41087508211279], [126.97448886346304, 35.41068121714345], [126.97460170722027, 35.41051042414449], [126.97467506917253, 35.41035347067832], [126.97475969284555, 35.41025192199358], [126.9748781974368, 35.4100072611379], [126.97497415934794, 35.40971642705379], [126.97501933777879, 35.409513300882416], [126.97502503061942, 35.40934248254222], [126.97506460066136, 35.409042401731064], [126.97513793769883, 35.408959317623854], [126.97533535178815, 35.40883470880708], [126.97554407472973, 35.408613152103015], [126.97571333127796, 35.408359268378874], [126.97589386355045, 35.4081053866575], [126.97593901106008, 35.407999210846086], [126.97610824763541, 35.40780072813586], [126.97625493206243, 35.40758377264949], [126.97632827735579, 35.407463752499005], [126.97634524996141, 35.40728370309825], [126.9763227770251, 35.40699745933041], [126.9763059088159, 35.406835868682535], [126.9763172200377, 35.406725069489845], [126.97633980486053, 35.4066281222289], [126.97634546098773, 35.40657272353086], [126.97635114517864, 35.40642498792013], [126.9763850155955, 35.40630034340132], [126.97642451347612, 35.406221866627035], [126.97652040556694, 35.40612955198812], [126.97675166549683, 35.4059356978313], [126.97680244945501, 35.40582952364451], [126.97683066165565, 35.405769511768696], [126.97685888943016, 35.40565871484781], [126.97685891824042, 35.40556176405045], [126.97687586970481, 35.40544634838466], [126.97687026127986, 35.40534016245058], [126.97684209041212, 35.405252437595216], [126.97688732052946, 35.404850788774304], [126.97696070817261, 35.40457379917122], [126.97699460137596, 35.40437066993326], [126.97697207574018, 35.40426447986049], [126.97699470195509, 35.4040244131409], [126.97707376351441, 35.403622773310495], [126.97702310512446, 35.40330420629819], [126.97671873600203, 35.4028516999337], [126.97671318615178, 35.40254699297454], [126.97682605857305, 35.402223843362634], [126.97695582613278, 35.40196533256265], [126.97696719334718, 35.40165601311841], [126.97694475482447, 35.4012543502131], [126.97696733846728, 35.4011574027462], [126.9769673647294, 35.4010650675542], [126.97696176152581, 35.400945030907764], [126.9768828544777, 35.40082036187038], [126.97682085348433, 35.400732630465846], [126.9767870387841, 35.400677222309966], [126.9767701555126, 35.400561800058846], [126.97676456323317, 35.40040482805055], [126.97673076485225, 35.40028940343531], [126.97669695218273, 35.40022014370716], [126.97662931212909, 35.40013702858941], [126.9765391267081, 35.40002620686978], [126.97642636189258, 35.39999386524857], [126.97635306530717, 35.399970766217926], [126.97625157688687, 35.39994765980107], [126.9761500915022, 35.39991070445934], [126.97597531121146, 35.39984603138901], [126.97584562351174, 35.399841387144], [126.97577795841293, 35.39984598747177], [126.9756369876203, 35.39985519138278], [126.97550729154845, 35.399878245354664], [126.97542271048587, 35.39987822727459], [126.97533811365346, 35.3999336089993], [126.97520842333694, 35.39993357884752], [126.97510692567444, 35.39993817365385], [126.97498851034898, 35.39994738055243], [126.97475731477799, 35.39997964492028], [126.9746501844354, 35.39996577004128], [126.97446412556904, 35.39991032648026], [126.97422735212774, 35.39974868596352], [126.97388909495709, 35.399559319094614], [126.97367486163115, 35.39944846654781], [126.97309983618715, 35.39910207196193], [126.97300401887858, 35.39898662974991], [126.97282925813757, 35.39888040199075], [126.97265449473753, 35.398783407139035], [126.97253612732652, 35.39865872537919], [126.972265563368, 35.39840473716056], [126.97194988110877, 35.39817843644705], [126.97158908986485, 35.397965974045825], [126.97148198821546, 35.39788284582787], [126.97134103832653, 35.39784125782559], [126.9711662510099, 35.39782274629976], [126.97085049267218, 35.39782266421147], [126.97074337252529, 35.39779031863658], [126.97061371579774, 35.39770718328077], [126.97054606897603, 35.39766561486311], [126.97041640979307, 35.39759632994126], [126.97035439182359, 35.39757784660628], [126.97024727898294, 35.397527033361825], [126.97015708028547, 35.39748084168518], [126.97003305882906, 35.397411557742494], [126.96995977435704, 35.39736998669467], [126.96985266437507, 35.39730993993459], [126.96970609760153, 35.39722218279477], [126.96958772487672, 35.39712981509319], [126.96943552879594, 35.397014354005655], [126.96932279419944, 35.39692660585314], [126.9691199230152, 35.396631076642194], [126.96888881371066, 35.396460193860335], [126.96872532827358, 35.39638166342549], [126.96860130366755, 35.396330844332766], [126.96848291084693, 35.39629387633128], [126.96802061321954, 35.39615524382101], [126.96780638812608, 35.3960720803107], [126.96762034179439, 35.39601662708105], [126.96739480301692, 35.396025795980655], [126.96716363995887, 35.395998028461015], [126.96693812458037, 35.39594717822643], [126.96679151958857, 35.39596098415987], [126.96660543533618, 35.39600248031139], [126.9664644587312, 35.39603937212283], [126.96620510710103, 35.39600236177407], [126.96601343084471, 35.395933052040185], [126.96583305751588, 35.39580372781086], [126.96566959899425, 35.39567441082158], [126.96554558524586, 35.395605122255105], [126.96541029534525, 35.39553121104481], [126.96529190625216, 35.395494241715554], [126.96522990207347, 35.395452671928], [126.9651566108098, 35.395434181772316], [126.96497058483482, 35.39534178908827], [126.96481837573539, 35.39528172385935], [126.96464925052237, 35.39522165439061], [126.96423208149676, 35.3950691699051], [126.96384309894262, 35.39492592738591], [126.96341466834126, 35.39474573629322], [126.96333010420014, 35.39472262412758], [126.96311017812444, 35.394791804132375], [126.96295790277686, 35.39487947443995], [126.96290149489526, 35.3949302404578], [126.9626139316654, 35.39494861363816], [126.9624165951102, 35.3949393138314], [126.96221924027199, 35.39496694907333], [126.96202189179313, 35.39498073424249], [126.96183019650708, 35.394962202083065], [126.96157648081764, 35.394943650810724], [126.96142423211039, 35.394971299992974], [126.96124940136563, 35.39505895823532], [126.96115915853355, 35.39511894574789], [126.96104635675573, 35.395188158186954], [126.96096175055213, 35.395252764853225], [126.96083763659905, 35.395395841483804], [126.9607191871429, 35.39548351811767], [126.96053310763342, 35.39551115607032], [126.96020602440593, 35.39562646155805], [126.95987328844353, 35.39576946378081], [126.95953490629311, 35.39592631474482], [126.95900481390511, 35.39608771192864], [126.95882995591332, 35.39621691769278], [126.95870588253999, 35.39627227434182], [126.95860438854243, 35.39627685528787], [126.95844651951427, 35.396262947734435], [126.95820970663598, 35.39625824495611], [126.95788833773065, 35.39622119167992], [126.95772483935853, 35.39618881488863], [126.95738081450631, 35.396341040347004], [126.95713267500594, 35.396433283307104], [126.95693530872299, 35.396470143069905], [126.95674927250319, 35.39641005562337], [126.95657450400742, 35.396368438272376], [126.95623619170034, 35.396377543944475], [126.95599929303935, 35.39653442260883], [126.95577935721491, 35.39659897265724], [126.95558197835648, 35.39665891311637], [126.95509136820846, 35.396774141789116], [126.95490529667568, 35.396778685451785], [126.95435842740555, 35.39666766767217], [126.95413301867808, 35.39644135622714], [126.95393580813267, 35.39620582284441], [126.9537780291958, 35.39603955747787], [126.95359761589641, 35.396011783407985], [126.95329316484452, 35.395970109623825], [126.95308463894158, 35.39580843759438], [126.95290993646732, 35.3956606299428], [126.95283102051569, 35.39562366378475], [126.95272394392542, 35.395535902337464], [126.95263940791251, 35.39546661506566], [126.95251544243423, 35.395332678269334], [126.9524365698493, 35.39522646040995], [126.95235766268362, 35.395175643291246], [126.95217725614832, 35.3951386339323], [126.95196863605713, 35.395143163244846], [126.95182206568629, 35.39509693543858], [126.95176008633018, 35.39502765834303], [126.95164733177754, 35.39500452764292], [126.95137102629377, 35.39505057896956], [126.95111161399869, 35.39512895348883], [126.95101567698171, 35.39526741574243], [126.95089723048837, 35.39533661731239], [126.95079571759861, 35.39537350687486], [126.95067165971732, 35.39539653920035], [126.95050812923391, 35.39542416911322], [126.95034462521214, 35.39541024866275], [126.95019804503404, 35.3953824852184], [126.95010219826813, 35.39537320979702], [126.94992176488445, 35.395382364698136], [126.94964540724165, 35.395506897576325], [126.94938598027953, 35.39560373561146], [126.94908705202735, 35.395751341566054], [126.94892908268677, 35.39589900735106], [126.94875416048983, 35.39610668491911], [126.94869208830238, 35.39618514138269], [126.94866385750224, 35.396245146768955], [126.94860179866838, 35.39630052027607], [126.94852851154614, 35.3962820200378], [126.94835379062093, 35.39617114117111], [126.94826925399174, 35.396111084916654], [126.94821290209505, 35.39606027565658], [126.94815655322402, 35.396004849788135], [126.94805511151316, 35.39593093457461], [126.94791986970475, 35.39580622139274], [126.94780713301942, 35.39575538671879], [126.94765492694542, 35.395709150525576], [126.9475872767657, 35.395695268740354], [126.94751961732332, 35.39569062188231], [126.94742940068987, 35.3956951974375], [126.94729969427249, 35.3957320735898], [126.94719254116904, 35.39576895856197], [126.94713050690481, 35.395787396860506], [126.94698386753414, 35.39584734727546], [126.94683725135906, 35.395874981440606], [126.94655537520389, 35.39581021589103], [126.94635811486246, 35.3956854735065], [126.94598613284904, 35.395459078056426], [126.9458395984033, 35.39536667447349], [126.94567047583475, 35.395325044776094], [126.94547322937028, 35.395181832807154], [126.94525909135037, 35.39500629407056], [126.94520275570565, 35.39493701616934], [126.94511827477959, 35.39479847309573], [126.9449379185438, 35.39469681987248], [126.94472930960129, 35.394682870353655], [126.94459960248011, 35.39471974271167], [126.94426120790357, 35.39485808276774], [126.94410889613276, 35.39496881130806], [126.94398478160326, 35.39507031956459], [126.94380996062691, 35.39511640331254], [126.94349420973401, 35.39512086631151], [126.9432179693435, 35.39506533147616], [126.94298687371702, 35.394959032198585], [126.9427220125786, 35.39476038119224], [126.9425754929443, 35.394654122995696], [126.94238386313101, 35.39455245969803], [126.94225987323962, 35.394478529749065], [126.9421640548321, 35.39443231446916], [126.94200057740247, 35.39438606484651], [126.94193292158054, 35.3943814139596], [126.94179192442598, 35.39443674601624], [126.94159460266708, 35.39440894496752], [126.94139733110647, 35.39431651144361], [126.94130710452733, 35.394334933077154], [126.94129575385183, 35.39443649601657], [126.94116022537675, 35.39472266639711], [126.94087809948249, 35.39500876225321], [126.94069737637443, 35.395410328147584], [126.94068026279446, 35.39567809148282], [126.94065193490391, 35.39586274629662], [126.94058410977645, 35.3960843179459], [126.94049942418583, 35.39623201051618], [126.94039226053737, 35.39627812261179], [126.94027385006429, 35.396282678907646], [126.94017236757306, 35.39626877624043], [126.94006527884866, 35.39621331966057], [126.93996386260068, 35.39611169817504], [126.93987372267772, 35.396014701502416], [126.93976668599377, 35.3958899923339], [126.93963709510986, 35.39576527360327], [126.93940038484759, 35.39563126427347], [126.9393102508526, 35.39552503130604], [126.93916372975019, 35.395423385568996], [126.9390453864711, 35.39534022291054], [126.93891575341709, 35.39527551985906], [126.93877481546562, 35.39524774540844], [126.93863950626343, 35.39523382340242], [126.93830686402654, 35.3952059481789], [126.93783332354167, 35.395099509586714], [126.93754585488033, 35.394988554299], [126.93745569551444, 35.39491925439607], [126.9372978971321, 35.39482221713221], [126.93704985429022, 35.394766682824454], [126.93672846750346, 35.39477112520385], [126.9365367242975, 35.394821805245506], [126.93610262387392, 35.39475693343531], [126.93595617134639, 35.39457679920676], [126.9358604865793, 35.394368992256524], [126.93582107701688, 35.394295103279774], [126.93576474152194, 35.39423505414149], [126.93570274981653, 35.39419808578769], [126.93559563385664, 35.39418417627433], [126.93545461065654, 35.39426719952312], [126.9350989659024, 35.39480254712359], [126.93509872435273, 35.39510263663477], [126.93520566306974, 35.395338149697984], [126.93520550944666, 35.39552743763369], [126.93509832632857, 35.39559662884319], [126.93466978650271, 35.395624091043906], [126.9343822818249, 35.39555929495077], [126.93406104099513, 35.39537905977976], [126.93385815162235, 35.39526814276112], [126.93366088461919, 35.395175694820495], [126.93316485164678, 35.39500459251031], [126.93305771216684, 35.395018381136545], [126.93295620193655, 35.395041406859825], [126.93284342544197, 35.39505519216741], [126.93278137204355, 35.39509209032228], [126.93270240831454, 35.395124362442786], [126.93262904416099, 35.39520280526891], [126.93261768906333, 35.395295133302675], [126.93268522616324, 35.395442908822055], [126.93277531798488, 35.395590697754535], [126.93289896102822, 35.396070910924564], [126.93277436108315, 35.39673565293156], [126.93275166335687, 35.39690646013956], [126.9327515472582, 35.39704496203618], [126.93272325066434, 35.39716959849397], [126.9327119052678, 35.397252692447225], [126.93266108153591, 35.3973449993643], [126.93267216492362, 35.39757584272619], [126.93269455387649, 35.39777437630933], [126.93272235433312, 35.398240685406925], [126.93267717702834, 35.39832376049558], [126.93259252573274, 35.398411431028244], [126.93244023755823, 35.39846674312134], [126.93223161336665, 35.39846200608024], [126.93203438804433, 35.39831415478107], [126.93188217345, 35.39828174847444], [126.93164537797387, 35.39825391072727], [126.93130133570291, 35.39835989421868], [126.93102491573934, 35.398512083867544], [126.93075411502787, 35.39868274422513], [126.9306638071775, 35.39878887647854], [126.93065241770408, 35.3989181386963], [126.93067486530212, 35.39904280465439], [126.93073113892521, 35.39917210658683], [126.93088313802293, 35.39945843512729], [126.93090559180042, 35.39957386787563], [126.93083213007904, 35.39975849443125], [126.93069106067995, 35.39987844644703], [126.93039773402153, 35.400012158599786], [126.93019464376312, 35.40012283931787], [126.93008746113888, 35.400178176285436], [126.9300253267629, 35.40030279245527], [126.93007591508038, 35.40048749212385], [126.93009836620652, 35.40060754157946], [126.93019406740366, 35.40078765160861], [126.93047581693416, 35.40100480681532], [126.93099995237613, 35.401319057213385], [126.93168783997288, 35.40137024586263], [126.93197535257195, 35.401448898957014], [126.93214446814808, 35.40150439751919], [126.93218382648772, 35.40163830670095], [126.9321777913949, 35.40210921230046], [126.93216633038114, 35.402326193133014], [126.93216044984092, 35.40261242845744], [126.93222785198246, 35.402926407072755], [126.9322841357356, 35.4030510925312], [126.93232920530164, 35.40310190284045], [126.9326673031314, 35.40338371919496], [126.93276873080531, 35.40347149695944], [126.93281936072215, 35.40361464441664], [126.93284749752773, 35.403683912317796], [126.93286436476339, 35.403743939894106], [126.93289813646844, 35.403817826588956], [126.93292626958686, 35.403891711945306], [126.93291489556933, 35.40400712364653], [126.9329261040404, 35.4040902318515], [126.93297678540023, 35.4041733619625], [126.93299925330089, 35.40427956108915], [126.93304425036229, 35.404418089634106], [126.93322448652756, 35.40467211370503], [126.93328633185298, 35.404893753433626], [126.93331997785413, 35.4051199923322], [126.93332547592132, 35.405290816773906], [126.93357324699673, 35.40571108146668], [126.93362956124237, 35.40580344933275], [126.933685884281, 35.40588658222336], [126.93372530775336, 35.40594662294064], [126.93376472483247, 35.40601589588952], [126.93382106325122, 35.40608056242326], [126.93387178337849, 35.40611752550401], [126.93390557316451, 35.406172946501144], [126.93392244170109, 35.406232973005025], [126.9339675016678, 35.40629763239665], [126.93395053139625, 35.40636225786806], [126.9338827933055, 35.40644532095536], [126.93369098286017, 35.40654216387751], [126.93351616918268, 35.40654206508151], [126.93342031493776, 35.40652815895585], [126.9333018966998, 35.406523475248534], [126.93319478390124, 35.406486480755234], [126.93311020471673, 35.40647719809463], [126.93301999054479, 35.40646329567568], [126.932941072071, 35.406426316587975], [126.93282831801726, 35.4063939343106], [126.93271556185205, 35.40636155192666], [126.93254643848917, 35.40630143762389], [126.932411165858, 35.40622287392832], [126.93225900687908, 35.4061073671118], [126.93206732809993, 35.40604723858341], [126.93183054762643, 35.40597323187669], [126.9315881053949, 35.40592692184964], [126.93133438978589, 35.40587598925417], [126.93113140216579, 35.40585278721232], [126.93101298395162, 35.405848100359826], [126.93066901246031, 35.40583404558261], [126.93030238330898, 35.405935396535504], [126.93004299160037, 35.4059260071268], [126.92969341213356, 35.40587501372433], [126.9293383001869, 35.405703980617524], [126.92910155960425, 35.405588417603965], [126.92886487462779, 35.40541283777826], [126.9286450569737, 35.4052926681561], [126.92843078186883, 35.40528330373129], [126.9282277883904, 35.40526932995622], [126.92812630602239, 35.40524618313299], [126.92799664534007, 35.40520455222813], [126.92794027931564, 35.405176817360775], [126.92783882183258, 35.40512597085819], [126.92773736859723, 35.405070507697104], [126.92757388210421, 35.40501962114331], [126.9272072995417, 35.40507017861117], [126.92698174553989, 35.40506080481851], [126.92677310997293, 35.405051440862174], [126.92666034666338, 35.40503290344445], [126.9264912766913, 35.404921994751135], [126.92631102219806, 35.40470951072733], [126.92615891687706, 35.404547829577865], [126.92608002558649, 35.40448776043212], [126.92587710746292, 35.40439529825843], [126.9257530953467, 35.40434443525506], [126.92563470306143, 35.40431665936515], [126.92553886555054, 35.404288898166044], [126.92542047657156, 35.40425650549205], [126.92533590061619, 35.40424721828956], [126.92524569453553, 35.404228693490424], [126.92505396023134, 35.404237804228536], [126.92477764252637, 35.40424686111764], [126.92442811243203, 35.40415430061172], [126.92393774343977, 35.40391852941997], [126.92355439585639, 35.4038120944531], [126.92321064560274, 35.40357641480128], [126.92303596123668, 35.403447032275665], [126.9227992329631, 35.40333607436223], [126.92253428805873, 35.40324818167601], [126.92215647757641, 35.40325254726095], [126.92162644173048, 35.40322911173172], [126.92123196698861, 35.40297492540023], [126.92088250619572, 35.402822337363894], [126.92071895514088, 35.40284531031305], [126.92047081644833, 35.402872843956516], [126.92033546025615, 35.40289583494564], [126.92022269688374, 35.40288190899258], [126.92007050124742, 35.40282640405141], [126.91986207896463, 35.402609274223906], [126.9197214208043, 35.402295238256706], [126.9196765220886, 35.402082837738426], [126.91962587292666, 35.40198123483729], [126.91959212437254, 35.40189810947465], [126.91925384943806, 35.40184247588597], [126.91876895351697, 35.40180059167409], [126.91858848843074, 35.40182354946709], [126.91838539368307, 35.4019203605494], [126.91787215677722, 35.402021571094316], [126.91731382456351, 35.402108897963124], [126.91714453622505, 35.402228813876704], [126.91712181452806, 35.40239038480045], [126.9171272440732, 35.40259352602762], [126.9171214673874, 35.40272740730167], [126.91714388464553, 35.40286130971714], [126.91713237851621, 35.40308290471565], [126.91718298163448, 35.40322606140439], [126.91723340923133, 35.40354003487738], [126.91728383249898, 35.40385862668892], [126.91717636364959, 35.4041771067003], [126.91697872956942, 35.40444012215016], [126.91658333058726, 35.405086187411314], [126.91663385207123, 35.405307826901044], [126.91687044964988, 35.405543449695486], [126.91712971821849, 35.405668284376254], [126.9175806841159, 35.4058255717818], [126.91781716770971, 35.40617661058951], [126.91810416574357, 35.40676313835828], [126.91826739234415, 35.40706795810289], [126.91828422040778, 35.407155687991335], [126.91830658490035, 35.40734498984123], [126.91835147470034, 35.407566624724616], [126.91841898088589, 35.40772825850945], [126.91855972344015, 35.407963810425755], [126.9187510933193, 35.40832404820422], [126.91886910860714, 35.408730403936474], [126.91887452442407, 35.40895201205552], [126.91893078252582, 35.40908593762974], [126.91907728331705, 35.40920607395209], [126.91923509352769, 35.40929851732456], [126.91969151447624, 35.40966355335694], [126.91972520336365, 35.40981131235186], [126.92005204009257, 35.41006083930838], [126.92050286729227, 35.41038893506099], [126.92070568463598, 35.410592209223104], [126.92079567883943, 35.41083233987121], [126.92069395986643, 35.41104464258967], [126.92022576281931, 35.41116897716546], [126.91991553594625, 35.41122416621026], [126.91972933318594, 35.411325608057375], [126.9195486395562, 35.41155632085738], [126.91944118770964, 35.41185633710916], [126.91928297177417, 35.412165549771146], [126.91878072711266, 35.41248837656019], [126.91814323684075, 35.41270491955151], [126.91769759743832, 35.412815409862354], [126.91743806386647, 35.4129260312931], [126.91732521048486, 35.41298596859387], [126.91725180689582, 35.413073634940105], [126.91714453464765, 35.41318897832576], [126.9170146375288, 35.41336893893457], [126.91689600534609, 35.413562758657726], [126.91677163832135, 35.41384890837753], [126.91670382043037, 35.41398736408219], [126.91668678138589, 35.41410277013989], [126.9167204512672, 35.41426437955264], [126.91673706177099, 35.414564480537074], [126.9166407316687, 35.41500300243515], [126.91630188255276, 35.41545058593192], [126.91610421214884, 35.41571821598004], [126.91583330432145, 35.415907308536056], [126.9153932836315, 35.416017794187276], [126.91499843435429, 35.41607752689894], [126.91476721761352, 35.4160635097429], [126.91460368789177, 35.41604030779016], [126.91445143346432, 35.41602172926829], [126.91406240544914, 35.41591064376946], [126.91348733012225, 35.41573940311816], [126.91332387668949, 35.41564694737941], [126.91288423773759, 35.41540193499881], [126.91265875242145, 35.41530481702973], [126.91257984185224, 35.4152632081316], [126.91242197489889, 35.41522153925091], [126.91233741900245, 35.41518454176614], [126.91217953008754, 35.415161340623555], [126.91207806110104, 35.41511971409067], [126.9119653011282, 35.41508731237731], [126.91185818679477, 35.415050299012904], [126.91168339009863, 35.415017849944206], [126.91149164500072, 35.41501309031098], [126.91104600415211, 35.41510508885104], [126.90893032595633, 35.415791365236466], [126.90873269284131, 35.41600358261619], [126.90859712258076, 35.41619276381799], [126.908512337802, 35.41635890141274], [126.90847226574041, 35.41688056192378], [126.90849453162238, 35.417139116382685], [126.90858998517822, 35.41751314668218], [126.90884339933261, 35.41785036459279], [126.90901210021025, 35.41828908528966], [126.90898349887371, 35.4186445536253], [126.90877435465971, 35.419055280857826], [126.90857113602347, 35.41921209216235], [126.90832279662442, 35.419368869779085], [126.90808558780735, 35.41965492183635], [126.90795006351543, 35.41979793478984], [126.90784269658965, 35.41997790428726], [126.90765081660376, 35.42007932120578], [126.90750414847112, 35.420102289977976], [126.9073799653752, 35.420189910405675], [126.9073234003807, 35.420332985874445], [126.90701877163622, 35.42038814597353], [126.90691158773512, 35.420406527854], [126.90664647539734, 35.42042940242649], [126.90640394676043, 35.420433826768395], [126.90622911389734, 35.420424453515324], [126.90604865625862, 35.4204012268463], [126.9059415215174, 35.420378057936624], [126.90580051902673, 35.420377945334636], [126.9056313110951, 35.42038242709476], [126.90545647414262, 35.42037766928293], [126.90533239642929, 35.42037295281969], [126.90519139394998, 35.420372839506534], [126.90502779327912, 35.420405025101196], [126.90491496911197, 35.42042340167497], [126.90481342558638, 35.42044178703475], [126.90472880684302, 35.42045556729617], [126.90454830710738, 35.420469271756], [126.90440728264747, 35.42048762556351], [126.904322670346, 35.42049678988388], [126.90422113862523, 35.42050594072787], [126.90413087334137, 35.42052433445717], [126.90398983226105, 35.42055653655044], [126.90387136236028, 35.42057952422269], [126.90380367590822, 35.42058408598905], [126.90368522239979, 35.42059322290241], [126.90362878804818, 35.420620877258195], [126.90352159316872, 35.42064848924486], [126.90343135070587, 35.420648416218626], [126.90327332237455, 35.42073600444259], [126.9030926603376, 35.42088359141258], [126.90300224052895, 35.42103125242397], [126.90294566720753, 35.42117432580924], [126.9028551614662, 35.42139123776791], [126.90258956016372, 35.42181575833157], [126.90237488018776, 35.42210643556843], [126.90223930155742, 35.42228175883064], [126.90203593250706, 35.42254474522987], [126.90201317486452, 35.42270631090861], [126.90208053914905, 35.422969521232055], [126.90226627666566, 35.423292847155345], [126.90232249936206, 35.42344062978694], [126.90244061653152, 35.42371311493972], [126.90250810988123, 35.423870138798286], [126.90262069491769, 35.42405490194843], [126.90266004194793, 35.42416573651488], [126.9026993191147, 35.42433658718819], [126.90272170286143, 35.42448434143921], [126.90274969682886, 35.42465518389925], [126.90276648948779, 35.42476138279467], [126.90265335323026, 35.42503367675931], [126.90255708657004, 35.4253475350514], [126.90256813223932, 35.425541446646335], [126.90265236562564, 35.42585083842895], [126.90274247849145, 35.425961713848416], [126.90285517672952, 35.426054142037025], [126.90294530337893, 35.426155783294924], [126.90310285498528, 35.42647446855507], [126.90313072882543, 35.42674687865491], [126.90316428398859, 35.42698697648681], [126.90314152069872, 35.42715315971429], [126.90311881370172, 35.427273175600654], [126.90306200275712, 35.42761015041418], [126.90307306209607, 35.42779482878817], [126.90317444285158, 35.42791956527025], [126.90321373285364, 35.428081182568725], [126.9033038059218, 35.428228991755844], [126.9033939520896, 35.42831678389145], [126.90347844488383, 35.42841380455334], [126.90359114187297, 35.428510847675106], [126.90377690138881, 35.42882955535517], [126.90371427473282, 35.42931426005442], [126.90364076347178, 35.429466553170165], [126.90364054240173, 35.42965122063204], [126.90367419371832, 35.42981283413738], [126.90369096116328, 35.42994211647378], [126.90369081715333, 35.43006215130649], [126.90367943177456, 35.430149860382315], [126.90362292364117, 35.43023291509322], [126.9035437532652, 35.4303990532745], [126.90352664900004, 35.43055139043423], [126.9034927211772, 35.430620614352485], [126.90345879880692, 35.43068522080852], [126.90338540161018, 35.430740561666504], [126.90330078840492, 35.4307404921364], [126.90320488422607, 35.43074964660656], [126.90310334393976, 35.430754179923305], [126.90301868754165, 35.4307910444019], [126.90289457738022, 35.4308001759693], [126.90274788956907, 35.43082313889221], [126.90259554673386, 35.43085532928353], [126.9024545037273, 35.43087367984812], [126.90229091866705, 35.430873543988675], [126.90217813621085, 35.43084575064585], [126.90210478269196, 35.43086415651849], [126.9019749937344, 35.430905599320546], [126.90190163341437, 35.43092862251995], [126.90176621042924, 35.43096544306401], [126.90168720946532, 35.430988461544054], [126.90159693411087, 35.43100685332945], [126.90150099349417, 35.43104370664442], [126.90133169545372, 35.431103582737435], [126.90117931879071, 35.43116347244128], [126.90108902054511, 35.431200330946325], [126.90098180402416, 35.43123255805617], [126.90083507873052, 35.43128321884928], [126.90068265034623, 35.43138465867236], [126.90045684438157, 35.43152297026784], [126.90002739766979, 35.43211816536101], [126.89940677026189, 35.43221920510904], [126.89880313936499, 35.43226024071462], [126.89836854278593, 35.4324537700602], [126.89805798785254, 35.43269357085129], [126.89788842407073, 35.432956579214995], [126.89788218084809, 35.433432096890805], [126.89787064185295, 35.43363522265018], [126.8978761065905, 35.43377373015082], [126.89772361726332, 35.43391671600909], [126.89766087218344, 35.43446143580498], [126.89766046690823, 35.434779989239466], [126.89764326881864, 35.434996960689915], [126.89773854602252, 35.43548641566624], [126.89772144833994, 35.43562490402108], [126.89772690601096, 35.43576802622476], [126.8977493713365, 35.43584653111923], [126.89783951190194, 35.43593894293702], [126.8979465949953, 35.436017520256584], [126.8985161404104, 35.436188829775354], [126.89873036769443, 35.43629981585878], [126.89890520978673, 35.436327665278206], [126.89962149966512, 35.436443695548995], [126.8998414501096, 35.43649005000839], [126.89999376819685, 35.43648556241252], [126.90016858943564, 35.436531877087496], [126.90034896536366, 35.4366474479519], [126.90050669746023, 35.43682763339266], [126.9005797889033, 35.437026214259], [126.90064735884454, 35.437127839380885], [126.9006810741888, 35.43723405317097], [126.90078245282301, 35.43736802276741], [126.90083304374525, 35.437515801125265], [126.90087237895447, 35.437640484767314], [126.90087229862753, 35.437705119097195], [126.90093988646773, 35.43779289351008], [126.90100175887073, 35.437940681042186], [126.90107493834309, 35.43807001070566], [126.9011087121971, 35.43813005621386], [126.90116502876214, 35.43820858816516], [126.90123822455095, 35.43832406718957], [126.90131144871874, 35.438416462545156], [126.90149181471064, 35.43854588221041], [126.901627043829, 35.43867988048562], [126.90173978652584, 35.43874922502376], [126.90199355284439, 35.43882792160967], [126.90227542017182, 35.43899435663286], [126.90247269668765, 35.439137639054685], [126.90349317688175, 35.439650933717886], [126.90369046705533, 35.43978498015117], [126.90385954003624, 35.43992823689071], [126.90438378984796, 35.44027030115048], [126.90478957768178, 35.440607650511566], [126.90484590064669, 35.440686180722984], [126.90486268847341, 35.440801613041124], [126.90482872920343, 35.44089391992551], [126.90473832927927, 35.44100926411549], [126.90459716444519, 35.44111533413899], [126.9043939640818, 35.44120288689932], [126.90421334141465, 35.44128122593875], [126.90384093220138, 35.4413363221731], [126.9036942354334, 35.44135005309009], [126.9034572620162, 35.44137294387008], [126.90329927708594, 35.44139128092592], [126.90314130094278, 35.441400383787325], [126.90301712023758, 35.44145568356549], [126.90281959852133, 35.44151092150324], [126.90239629556355, 35.44166292338532], [126.90214233447776, 35.44173658076013], [126.90173611674864, 35.44175470891616], [126.90144265341677, 35.44183756485317], [126.90126772868356, 35.44186511941317], [126.9010532910971, 35.44191110752965], [126.90090093345353, 35.4419386791482], [126.9007034215593, 35.44198468053333], [126.90045504697615, 35.44209988966423], [126.90022357614299, 35.44223357843519], [126.89999208521, 35.44238111818212], [126.89976629882426, 35.442477877510534], [126.8997321738296, 35.44269945147672], [126.89972058546806, 35.44294412687174], [126.89964706570095, 35.443087183196965], [126.89959618683842, 35.44317024141465], [126.89951141145316, 35.44329020466445], [126.89942643836258, 35.443567134720524], [126.89927382973323, 35.44379322360157], [126.89887283716236, 35.44413451810294], [126.89886128640882, 35.44434687757699], [126.898934113989, 35.444757828108116], [126.89884923198602, 35.4449608903605], [126.89845970152628, 35.44515445821925], [126.89813217228236, 35.44539424618131], [126.89796826072038, 35.44562955778819], [126.897866576784, 35.44573103756437], [126.89769728034024, 35.445763207328596], [126.89755622777535, 35.445767701565394], [126.8971498419687, 35.44590123310128], [126.89689556142908, 35.44621033179621], [126.8967036076413, 35.44631173075421], [126.89648342320332, 35.44642695663335], [126.89640423406554, 35.44658385565993], [126.8963533330109, 35.446680762066144], [126.89636986729687, 35.44698547976113], [126.89645439475629, 35.44706403800709], [126.8966685336569, 35.447262744494665], [126.89674715357766, 35.4475490508677], [126.89659463141396, 35.447696650562065], [126.89639705939192, 35.447774962386305], [126.89613739636435, 35.447876302291505], [126.89605267620132, 35.447945478399866], [126.89597925230974, 35.448005431098665], [126.89571960478374, 35.44809292049013], [126.89545443061321, 35.448092685747426], [126.89520621153555, 35.44806938243462], [126.8950707774585, 35.44808772826262], [126.89496343416701, 35.44819843370998], [126.89491239122752, 35.44840152430557], [126.89483322112277, 35.44853995609945], [126.89478802480619, 35.44858608212863], [126.8946243437694, 35.44863210297952], [126.89447198936045, 35.44864581772409], [126.89438172884654, 35.44863650300941], [126.89425211987763, 35.44851635318461], [126.89408880379797, 35.44828537126334], [126.89398741657286, 35.4481560119192], [126.8939029085541, 35.44806360145372], [126.89385217220287, 35.4480312392656], [126.89379012213429, 35.44802194980937], [126.89367160800326, 35.44804492639398], [126.89352484871877, 35.44809557810312], [126.8934288741729, 35.448141658833066], [126.89335544705837, 35.44820161083085], [126.89331580652427, 35.448312375495384], [126.89331572621671, 35.44837239315988], [126.89333250633972, 35.448483209472954], [126.89333243213682, 35.44853860969911], [126.89327586501916, 35.44864936028922], [126.89319121590215, 35.448663133249426], [126.89307271898014, 35.44867226053741], [126.89297113730075, 35.44869063488583], [126.89286954333807, 35.44871824312023], [126.89273413435745, 35.44871811928235], [126.89270038573542, 35.44863960539845], [126.89267790953167, 35.44857033460664], [126.89259895232358, 35.448547178984676], [126.89253123459967, 35.448556350904006], [126.89241267127626, 35.448616260333736], [126.8921812105003, 35.44871761683831], [126.89202876413144, 35.448800578326896], [126.89156020948221, 35.448994052171194], [126.89140789839641, 35.44897544550141], [126.89128380360172, 35.448952247511166], [126.89113715710613, 35.44891517853797], [126.89100178625364, 35.448887353549125], [126.89088895656795, 35.448878015845274], [126.89078738550974, 35.448887156185236], [126.89060681484561, 35.448905456161576], [126.89045445299843, 35.448923781466775], [126.89031903005424, 35.44893288888902], [126.8902344052164, 35.44892819363567], [126.8901610639464, 35.44892350949059], [126.89006516074753, 35.44891418641547], [126.88995234590732, 35.44889561476935], [126.8897774901532, 35.44885851842813], [126.88970981074655, 35.44883998865569], [126.88963648959871, 35.44882145368806], [126.8895236727857, 35.44880288073817], [126.88944467096128, 35.448812039697685], [126.88933181106283, 35.4488257850153], [126.88926407376773, 35.448848804704035], [126.88912296471698, 35.44889022315366], [126.88900437936853, 35.44896397973192], [126.88890273930234, 35.449023901265484], [126.88881238791485, 35.449079216569736], [126.88870506127289, 35.449171450281], [126.88864856258945, 35.44922679756508], [126.88858641039901, 35.44929137358613], [126.88847344030584, 35.44938360097828], [126.88839999564802, 35.4494527821076], [126.88830960098718, 35.449540414571594], [126.88821358763565, 35.449609575605436], [126.88812324371585, 35.44966027295352], [126.88803854151442, 35.449710977268296], [126.88794256613052, 35.44975243617838], [126.88776744133867, 35.44990923854921], [126.88761490897627, 35.45004759553757], [126.88751885056072, 35.45014907264588], [126.88741716289435, 35.45024130954556], [126.88733815299446, 35.45025508365452], [126.8872478775377, 35.450254998474826], [126.88714629365924, 35.45027336791231], [126.88703342913196, 35.45028711107146], [126.88696571153126, 35.45029627896329], [126.88689234227436, 35.45031005896263], [126.88680767094569, 35.45033767883956], [126.88674559405281, 35.45034685279764], [126.88661011650896, 35.4503928892168], [126.88641821017274, 35.45044348984771], [126.88621502521983, 35.45048946120181], [126.88612472459161, 35.45050784131376], [126.88591022294531, 35.45057688507441], [126.88579165828777, 35.45063217143463], [126.88565616013098, 35.450692058179385], [126.88549811920788, 35.45073345543566], [126.88540783667798, 35.45073798541149], [126.88533449515687, 35.45073329743293], [126.88491124919126, 35.45078828774848], [126.88439206043157, 35.450861648192046], [126.88399127481753, 35.450990524104384], [126.883697765405, 35.45106872015431], [126.88355653547652, 35.45118861671499], [126.88333626795988, 35.451340750719055], [126.88323459960212, 35.45141451793833], [126.88307087400808, 35.451483606640366], [126.88295227265769, 35.451561973755865], [126.88269808084502, 35.45176024176959], [126.88246636176171, 35.452023163547885], [126.88233062358067, 35.452244631425856], [126.88212128369766, 35.452636843676075], [126.88205338621185, 35.45276604399961], [126.88200243489304, 35.45288141123628], [126.8819797374916, 35.45296910595203], [126.88204680325333, 35.453407760499616], [126.88203500476129, 35.45375861834708], [126.88191057935897, 35.45395701315776], [126.88184837090299, 35.45405390314986], [126.8817862152203, 35.45411385726781], [126.88167322497146, 35.45421069562656], [126.88153768849884, 35.45428904471133], [126.881441707657, 35.454330498408176], [126.88132878905648, 35.454376552816306], [126.88124412404044, 35.454394934800376], [126.88111427416274, 35.45444558798458], [126.8809900708828, 35.454491630961], [126.88089964784521, 35.454588490833494], [126.88086563608262, 35.454694640291784], [126.88084286776497, 35.45482850185117], [126.8806671422861, 35.4553730974349], [126.88057673261804, 35.455460723993696], [126.88048636151521, 35.45552064951068], [126.88035087284443, 35.4555666806461], [126.88018156147545, 35.455589591784936], [126.8799275982208, 35.45562165158673], [126.87953813742915, 35.45570435760112], [126.87926165862771, 35.45569945945246], [126.87917704227749, 35.4556855224855], [126.87901346933984, 35.45564380534379], [126.8785678602679, 35.45554178154691], [126.8781163872906, 35.45558748469886], [126.87769871947376, 35.45566553885957], [126.87739934646997, 35.45587298104018], [126.87720182231378, 35.45589586114397], [126.87702117456693, 35.455951072956026], [126.87679538730103, 35.45600623933763], [126.87665987348682, 35.45606611590048], [126.87654695790191, 35.45610754838517], [126.87646224765032, 35.45615362706653], [126.87626460128179, 35.45625498838937], [126.87615174890549, 35.4562548708611], [126.87605009834016, 35.45631016493871], [126.87588057039191, 35.45647157213984], [126.87559249790361, 35.45666517092061], [126.87532157292667, 35.45671567057545], [126.87518594274887, 35.45684941259288], [126.87515189289326, 35.45697402828961], [126.87504990194029, 35.45724630633539], [126.87491400491389, 35.45755086668604], [126.87497021661726, 35.457689426311], [126.87498690809662, 35.45784179548546], [126.8749585081655, 35.457961799523474], [126.8748567523398, 35.45808172662685], [126.87460832239921, 35.45817841510807], [126.87442734384796, 35.45844137562972], [126.87437068535847, 35.45858905111219], [126.87431401450496, 35.458745958713855], [126.87416134787387, 35.458944315939114], [126.87394108475402, 35.45906873157877], [126.87355709205623, 35.45924837470356], [126.87333128488878, 35.45930815017325], [126.87322963469319, 35.459358826212316], [126.87300947674028, 35.459413990479575], [126.87293045543801, 35.45942775691741], [126.87286837000735, 35.459436922807], [126.87268207615504, 35.45948750650585], [126.8724733078221, 35.459478049467464], [126.87236039881267, 35.45951024495019], [126.8722587926488, 35.45953321922612], [126.87205559146578, 35.45956993266788], [126.8718918983697, 35.45960207387477], [126.87163782392766, 35.459694131885776], [126.87148537142002, 35.4597539845797], [126.87128203695667, 35.459873798637545], [126.87114649785993, 35.459942901095175], [126.87099400029643, 35.46003045320275], [126.87074563250796, 35.46008096664966], [126.87061011588371, 35.46013621983538], [126.87018650560081, 35.46038044114725], [126.86976856621293, 35.46060620276006], [126.8694748739555, 35.460767464103846], [126.86940703037726, 35.46084587353879], [126.86927133865986, 35.46100730971705], [126.86919784568789, 35.461090328541], [126.86905668896544, 35.46114095732915], [126.86889865771101, 35.46115924921387], [126.86874059528462, 35.461196007877774], [126.86848091360199, 35.461260353935685], [126.86857108864572, 35.461329704601525], [126.86869497717346, 35.461486809542], [126.86870044727524, 35.46159300017521], [126.86863829105356, 35.461643714373395], [126.86857614336309, 35.46168981292038], [126.86849142272186, 35.46173588594349], [126.86841795835588, 35.46180043909674], [126.86836708183326, 35.461855782878736], [126.86822581784419, 35.46197104377965], [126.86816369116454, 35.46200329164581], [126.868090251109, 35.4620539941345], [126.86801111971414, 35.462132388627275], [126.86794895509698, 35.46218772078736], [126.86786988493333, 35.4622291821206], [126.86781335640156, 35.462289136907785], [126.86770033688538, 35.462385961995714], [126.86742347130748, 35.462602637777096], [126.86727079674255, 35.46279175216862], [126.86686973569579, 35.46303598830299], [126.86660426554968, 35.46318342412084], [126.86631061108945, 35.4633123620265], [126.86625971798878, 35.46337693794117], [126.86612983336182, 35.463432192297574], [126.86593796102252, 35.463436591371746], [126.8656895412559, 35.463510177854566], [126.86541278289941, 35.46365759847553], [126.86533368580952, 35.4637129094896], [126.86515862560512, 35.46378657849827], [126.86498923876047, 35.463841785685275], [126.86489318186013, 35.46391554444856], [126.86466683604597, 35.46428462117722], [126.86434425814241, 35.46482902547059], [126.86426446663165, 35.465295221164745], [126.86422445857342, 35.46559526028229], [126.8641562653686, 35.46587680155111], [126.86417171500607, 35.46675399302833], [126.86415433346687, 35.46702174183418], [126.86406907535999, 35.467381746500685], [126.86403461425037, 35.46773719359426], [126.86403975783809, 35.46803266775707], [126.86394328185591, 35.46835110911837], [126.86389781348608, 35.46854034164301], [126.86386940883835, 35.46865111068618], [126.86388605933807, 35.4688173315245], [126.86390255213409, 35.46907588534977], [126.86379515382447, 35.4691773295181], [126.86348458140502, 35.46928315597925], [126.86333778031701, 35.46932453765957], [126.86318531913764, 35.469375145791375], [126.86291983035989, 35.46951795677648], [126.86281809696915, 35.46960555693096], [126.86276712540607, 35.46971168171684], [126.86278931403551, 35.469937924667214], [126.86272686521961, 35.47015483742828], [126.86269848868099, 35.470247139205], [126.86261345621247, 35.47046864272545], [126.86250598480446, 35.47061163523637], [126.8623478448105, 35.47068070281639], [126.86202590714352, 35.470828063026666], [126.86183923279927, 35.471081764493846], [126.86161845555358, 35.47147392671441], [126.86165215968842, 35.47156630028559], [126.8616858063556, 35.471690990329996], [126.86175891262369, 35.47184342649401], [126.86176408870702, 35.472115817075064], [126.86172429711159, 35.47228197255261], [126.86169572213647, 35.472489690452676], [126.86166716853148, 35.47268355790053], [126.86161059862643, 35.47276197569981], [126.86152007536792, 35.47289113804527], [126.86141830451675, 35.472997203002215], [126.8612599765134, 35.473172453375845], [126.86104526643472, 35.47331531939168], [126.86092644362328, 35.473490614792894], [126.860875162696, 35.47377217330554], [126.8607333724633, 35.47417365958384], [126.86079491244939, 35.474487667399046], [126.86083417869577, 35.47462621365847], [126.86087350295038, 35.47473244433731], [126.86090150613273, 35.47485712802936], [126.86092950365631, 35.47498642732321], [126.8610645821096, 35.47520357008413], [126.86113202402694, 35.47536985047688], [126.86120478806433, 35.47572080398367], [126.86131732665407, 35.47591945444245], [126.86135638158424, 35.476182650744875], [126.86135047302895, 35.47633499534988], [126.86147412490395, 35.4766352244978], [126.8622463209858, 35.47724091086121], [126.86252826350734, 35.47739358821704], [126.86270864507628, 35.47752768155111], [126.86277057969708, 35.47761547031572], [126.8627872846367, 35.477749372799536], [126.86274200658075, 35.4778231882827], [126.86263466583058, 35.477883079969594], [126.86250481826309, 35.477901396371365], [126.86230166313265, 35.477882695080474], [126.86219459883098, 35.47778100320469], [126.86212693311943, 35.477743991085774], [126.86204797880053, 35.477706966025806], [126.86187309955976, 35.477655979813356], [126.86174330862114, 35.47764197804244], [126.86164742324885, 35.4776049333231], [126.86142737515486, 35.47756312500522], [126.86117899622066, 35.47758591854057], [126.86080055586883, 35.47775167724187], [126.86058022663182, 35.47787145234272], [126.86025256420005, 35.47804650099635], [126.8601790613006, 35.47812028012176], [126.85994706615428, 35.47845702580578], [126.8599519893535, 35.47887253415991], [126.86003037924539, 35.479232729530175], [126.859939430862, 35.479601956044135], [126.86026625810076, 35.47991166032921], [126.86086417351605, 35.48012934806693], [126.86152429788451, 35.48027785381171], [126.86166529394454, 35.48034265122306], [126.86181770458762, 35.48033359640517], [126.86229757957838, 35.48026952001081], [126.86303128743454, 35.48029806936643], [126.86340381677091, 35.48029388138467], [126.86399077551116, 35.480322256015725], [126.8645098775839, 35.480424417667564], [126.86493319989086, 35.48042490029694], [126.86517584784339, 35.48045749263139], [126.86532256924858, 35.48047612611945], [126.86558210664477, 35.48053643827585], [126.86579655172321, 35.48055976491711], [126.86605055188242, 35.48055543509773], [126.8663948318064, 35.48056967258524], [126.8667786959256, 35.48053778854791], [126.86722469459407, 35.48047827077386], [126.86759176340794, 35.48036326389506], [126.86790225984682, 35.48032667654456], [126.8680490635429, 35.48029452334123], [126.86820714971884, 35.48026699879567], [126.86850074901713, 35.48020730887485], [126.8688000293505, 35.4801245391351], [126.86914995938423, 35.48013415838956], [126.86971438683963, 35.480134779859355], [126.87039737252317, 35.48011706180903], [126.87083173640436, 35.48026988781731], [126.87112508215746, 35.48036715726195], [126.8717459040785, 35.48040014775134], [126.8722712532136, 35.480128330511], [126.87256511244583, 35.479902428301976], [126.87280230424031, 35.47981958304984], [126.87293279919463, 35.479390371025175], [126.87329930222326, 35.47962621398837], [126.87354728533589, 35.479857314287756], [126.87361493639098, 35.479908170430924], [126.87365428002519, 35.48001439509072], [126.87369349266704, 35.480203720482145], [126.87371029457186, 35.48028683984921], [126.87379474199709, 35.48042542995826], [126.87381715195957, 35.48053163864928], [126.87402029597266, 35.48056417099242], [126.8741500926755, 35.48057815956651], [126.87425165400253, 35.48060135071288], [126.87433626904675, 35.48063375715952], [126.87443215060472, 35.48068002661772], [126.87451672055249, 35.48074013198103], [126.87459559642812, 35.480832549676855], [126.87464626566165, 35.480915703192316], [126.87468005310667, 35.48096652355202], [126.874702558623, 35.481012713871564], [126.87472504267515, 35.48107275461009], [126.87475318510921, 35.481123568186845], [126.87481505685288, 35.481262134133715], [126.87484882913503, 35.48132218745703], [126.87492206301688, 35.48141459727782], [126.87498973053764, 35.481456219627404], [126.87530552859084, 35.48164122043741], [126.87541822189336, 35.481765989923694], [126.87556476909539, 35.48190002724269], [126.87564356197107, 35.48204784502614], [126.87567146360803, 35.48225562501784], [126.87570520140571, 35.482338760626675], [126.87573328805067, 35.48242650691988], [126.87579523349115, 35.482518906374075], [126.8758458848193, 35.48261590888759], [126.87593014568064, 35.48287914853661], [126.87597519358758, 35.48294844614886], [126.87600333856149, 35.48299925942232], [126.87609355736663, 35.48305937126776], [126.87620636114944, 35.48311488880051], [126.87639256489273, 35.48315663369332], [126.87647153710155, 35.48318903285277], [126.8765335839163, 35.48321679813208], [126.8768890246747, 35.483323351878575], [126.87696796206941, 35.48337883414433], [126.87706385542823, 35.4834204840929], [126.87737975006445, 35.48355007866513], [126.87767292789108, 35.48377198324789], [126.87779126505357, 35.48390137361565], [126.87788710359683, 35.483979954954194], [126.87796038523373, 35.48404466476969], [126.87803367286192, 35.48410475713219], [126.87809004769582, 35.4841509819262], [126.87816340042554, 35.484169524759935], [126.87824240805139, 35.48417883842678], [126.87836095870908, 35.48416972765839], [126.87856983435151, 35.48415147466988], [126.87877871100116, 35.48413322222203], [126.87919622693924, 35.484253681941595], [126.8792920799696, 35.48432303185481], [126.87934281942738, 35.48436463301198], [126.8795175578337, 35.48452639544599], [126.87968679247558, 35.48459581738253], [126.87987290527238, 35.484702190686235], [126.87998013144828, 35.484716148715506], [126.88012683553826, 35.4847532311363], [126.88024533779364, 35.48477643405623], [126.88039773427772, 35.48478120530903], [126.88054446600458, 35.48479982029899], [126.88062912101336, 35.48480913889453], [126.88073635538466, 35.48481848064903], [126.88087183846027, 35.48480938324721], [126.88100733051297, 35.484795670091074], [126.88119362216541, 35.48478200680552], [126.8812958457987, 35.4843619903426], [126.88138094923617, 35.484066608193196], [126.88144893637224, 35.48389585861367], [126.88162448684632, 35.48350823301845], [126.88175442596221, 35.48342987787743], [126.88189000225111, 35.48335614732995], [126.88205373958519, 35.483323992777194], [126.8821441126399, 35.48328253334938], [126.8822401567143, 35.483222611530515], [126.8823249930551, 35.48310727873981], [126.88240978208323, 35.48302426323983], [126.8825453358445, 35.48296438056809], [126.882793738833, 35.482932310085395], [126.8829067434434, 35.48285393814725], [126.88312713349833, 35.4826787224519], [126.88346061716243, 35.48236049916535], [126.8838730734017, 35.48207467016338], [126.88397471904068, 35.482042452328415], [126.88407069289136, 35.482028695918984], [126.88415538625449, 35.482010312991996], [126.88431917949443, 35.481936606776536], [126.8845962389663, 35.48159985924503], [126.88476007161377, 35.48149844976724], [126.88490693659715, 35.48142011006512], [126.88502556136098, 35.481355591925904], [126.88506514416133, 35.481304847061764], [126.88529716862742, 35.48088033668105], [126.88544972837093, 35.48076506689226], [126.8855118691756, 35.480728193734016], [126.88558531100341, 35.480682097325335], [126.88576615852642, 35.48052068788758], [126.88602045308578, 35.48030856588717], [126.88637622388227, 35.480179640722305], [126.88656253104273, 35.48014750217613], [126.8870481134888, 35.480023316193076], [126.88738700107797, 35.47985743920433], [126.88777097252368, 35.479742386676556], [126.88795745108989, 35.47958559657833], [126.88808755051757, 35.47938258514594], [126.88818371451144, 35.47923032471717], [126.88826288149885, 35.479124215445296], [126.888308181687, 35.479018073879885], [126.88838174909873, 35.47887964372297], [126.88845532153552, 35.47873659520248], [126.8885118845649, 35.47864893093359], [126.88857406693836, 35.47857973969769], [126.88870971048193, 35.478445983144596], [126.88884533146103, 35.47833069338698], [126.88902598844706, 35.47829854672045], [126.8893193818292, 35.478372688540816], [126.88948294183459, 35.47846055947552], [126.8896125916225, 35.478580714798696], [126.8897253617609, 35.47866391971462], [126.88986631995755, 35.47877023554194], [126.89000725966106, 35.47889039983685], [126.89011427885113, 35.47905208444369], [126.89020995308263, 35.479255308186325], [126.8902606374283, 35.47933845609725], [126.89035073630892, 35.479490890260095], [126.89049733553486, 35.4796018269797], [126.89066097433341, 35.47963429456845], [126.8907908558526, 35.47958824790318], [126.89091515970881, 35.479491412567896], [126.89099421521338, 35.47946378489737], [126.89109019324745, 35.47944540638269], [126.8911974081893, 35.47946397186089], [126.89131589968073, 35.47949178223604], [126.89139486811622, 35.479528787264044], [126.89151333495971, 35.47957506439183], [126.89158660385495, 35.4796536155258], [126.89167122379725, 35.47968600893216], [126.89189690033588, 35.47975546625489], [126.89204357624077, 35.47981100115939], [126.89227486659597, 35.47990354628076], [126.8924441322233, 35.47994986692489], [126.89270940701888, 35.47995472497547], [126.89290687548932, 35.48001492049124], [126.89299134949835, 35.480158114646095], [126.89310966929976, 35.48031519007262], [126.89324498585906, 35.48042611254901], [126.89332384130448, 35.48055083452586], [126.89343663409603, 35.4806201873253], [126.89375261928826, 35.48069433919833], [126.89384852809316, 35.48072674191345], [126.89396697385483, 35.48079148267193], [126.89407417308207, 35.48082389512673], [126.89417015093596, 35.48080551506869], [126.89428877950826, 35.48073175297865], [126.8944469098033, 35.480662644546896], [126.89460499874652, 35.48062585238569], [126.89527668953176, 35.48061259928551], [126.89565496543958, 35.480529835057354], [126.89580734295744, 35.4805438189625], [126.8961063186321, 35.480677966503016], [126.89648982741406, 35.480913755498555], [126.89658015009152, 35.480904601705376], [126.89670436045733, 35.48087700988892], [126.89755114445157, 35.480771564448695], [126.89853350014712, 35.48057851150936], [126.89865766409247, 35.48058785247654], [126.89874233886687, 35.4805786914199], [126.8988665075199, 35.48058341385714], [126.89899073504361, 35.48054197014986], [126.89914337377635, 35.48034820050738], [126.89928474112818, 35.480140569906126], [126.89933562176859, 35.48007597931886], [126.89950514575555, 35.47991915722412], [126.89968598100091, 35.47974387551676], [126.8999574050941, 35.47934245480355], [126.90056173515448, 35.47901979621855], [126.90080456013231, 35.47891843355897], [126.90113782302397, 35.47871096281099], [126.90142032008981, 35.47847574786513], [126.90155023756516, 35.47839275568582], [126.90165750414126, 35.47836976145068], [126.90175348298327, 35.47834675793164], [126.90208087782126, 35.47831933120712], [126.90218808933055, 35.478342502539924], [126.9023348982085, 35.47829184063326], [126.90246477541348, 35.47824116576626], [126.90260030631866, 35.478181260482344], [126.90279790233296, 35.478139872925794], [126.90335105539286, 35.47811724539505], [126.9035316730898, 35.478112775187], [126.90427128421125, 35.47791947844025], [126.90448011719322, 35.47791964751062], [126.90474538500533, 35.47792447909647], [126.90485265115775, 35.47790148201813], [126.90495429841106, 35.477855396924], [126.9050898127524, 35.47780933928345], [126.90520837708888, 35.47777711773506], [126.90537775932904, 35.47772646984759], [126.90550756349252, 35.477735808190936], [126.90597035310067, 35.477759262154876], [126.90630311900257, 35.477962661309995], [126.90679374442959, 35.47831853658825], [126.90686137258382, 35.478406307156845], [126.90689517395808, 35.47846173506476], [126.90696848342715, 35.478517192522894], [126.90703050418755, 35.478572642141735], [126.90708691946278, 35.47859577088323], [126.9071715445405, 35.47862815433646], [126.90724489897919, 35.47864667861229], [126.90738035179379, 35.478651401862855], [126.90752152470965, 35.47859149628526], [126.90765709690477, 35.478494652306466], [126.9077305821177, 35.47839775801772], [126.90782104191773, 35.478263945401125], [126.90796799140456, 35.47808862623392], [126.90830133211772, 35.47779341735141], [126.90847083391887, 35.47763658256922], [126.90857813412012, 35.477581265667816], [126.90864590159873, 35.47754900134882], [126.90877011203506, 35.47751216405301], [126.90886609305495, 35.47748453745296], [126.90894512706394, 35.47747074935214], [126.90905803000162, 35.477452369304935], [126.9091370472611, 35.477452430623636], [126.90923866666765, 35.477429426293696], [126.90931769317267, 35.47742025356106], [126.90941365946256, 35.47740647607192], [126.90949833486985, 35.477392691842724], [126.90966765791848, 35.477392822301496], [126.90980879600424, 35.477360613123416], [126.9099047713387, 35.47733760311272], [126.91005718647838, 35.47731463690321], [126.9101644616916, 35.477282402067495], [126.91034509656676, 35.47725945559512], [126.91052577446455, 35.477199576727756], [126.91065565390633, 35.47713965819158], [126.91080246770869, 35.477079752933115], [126.91096056259313, 35.47702447143701], [126.91112430100229, 35.476969194790506], [126.9114291617025, 35.476895559096384], [126.91161537340301, 35.47693263227473], [126.9117113073366, 35.476946554755884], [126.91184679001486, 35.47692357209329], [126.91198230280705, 35.47687289018128], [126.91213470251584, 35.476863771794996], [126.91220807547242, 35.47686382609192], [126.91231531695071, 35.47685928933713], [126.91241692970591, 35.4768408970401], [126.91254677217195, 35.476813294780534], [126.91268225549163, 35.476790312081015], [126.91278949186191, 35.47679039051968], [126.912908041686, 35.476767396230414], [126.91305483603189, 35.47672133687137], [126.91321851396442, 35.47672145828046], [126.91349504112836, 35.47674936223028], [126.91364174130227, 35.476791020476696], [126.91381096948703, 35.47687886253841], [126.91391243809812, 35.47699435426556], [126.91401399167063, 35.47703136242539], [126.91413246185728, 35.47708223209606], [126.91433552544103, 35.477197798408326], [126.91480943542697, 35.477378193448395], [126.91496738828371, 35.477456791981886], [126.91505201423901, 35.47748916991752], [126.91525505109419, 35.477632434675506], [126.91532831605258, 35.47773405493306], [126.91539028501765, 35.47784489936307], [126.9155366731775, 35.478186640541644], [126.91575646002948, 35.478505351088984], [126.91615132403558, 35.47872261777406], [126.91683388767608, 35.47909243858628], [126.91716673385234, 35.47924964083615], [126.91729637414896, 35.479420550833694], [126.91739782732238, 35.47955912396952], [126.9174765435846, 35.479854647585725], [126.91762303259608, 35.48010866785643], [126.91773583738537, 35.48018723191061], [126.91787119231667, 35.48029351031152], [126.91799524915983, 35.48040901391726], [126.91810238154504, 35.480515272874854], [126.91821518379561, 35.48059845209056], [126.91855929318632, 35.48078797642267], [126.91866073274282, 35.480945013625515], [126.91873400144418, 35.481051248284054], [126.91873385164746, 35.481198982131026], [126.91876202649011, 35.481245168972315], [126.91881273222555, 35.481337537034754], [126.91892553171978, 35.48142533299251], [126.9191287333191, 35.481420857322554], [126.91961426902749, 35.48130115588248], [126.91980613523084, 35.48134283849094], [126.92004312534954, 35.481416867217376], [126.92037611029151, 35.48144941110292], [126.92074303113985, 35.481412725907184], [126.92085588946973, 35.481440501777435], [126.92092920330388, 35.48150518467377], [126.9209968675706, 35.48157448124457], [126.92112096693813, 35.481653048611], [126.92119991513871, 35.481726968957744], [126.92130138801168, 35.48185630394266], [126.92150450977967, 35.48193492512153], [126.92165115184208, 35.48205043872949], [126.92175824758014, 35.482202862259165], [126.9219330296224, 35.482401496457626], [126.92209653981851, 35.48258627267215], [126.92235613445698, 35.48263722885545], [126.92255357189053, 35.48276201066207], [126.92273407747443, 35.482882163886956], [126.92289778447012, 35.48286380523123], [126.92316317186655, 35.482762412049865], [126.92366000234053, 35.4826380859368], [126.9240212688451, 35.48261523765568], [126.92434304782189, 35.48256927916137], [126.92443912782599, 35.48243545768888], [126.92469882791133, 35.48237560710672], [126.92495855335751, 35.48228805688343], [126.92518449486842, 35.48211276684355], [126.92532569910203, 35.48201129003764], [126.92560248589686, 35.48178524897454], [126.92572114136837, 35.48165144037725], [126.92582853911301, 35.48148530732109], [126.92598674664366, 35.48130535668667], [126.92603768280595, 35.48115765396091], [126.92608870220191, 35.480917618211734], [126.92621308930248, 35.48068686214887], [126.92634885009345, 35.48036377983239], [126.92649025795828, 35.48003608336572], [126.92647933265805, 35.47963904082829], [126.92655850436263, 35.47947288806336], [126.92669404267431, 35.4793898731354], [126.92678444178604, 35.47928836280104], [126.92689177039145, 35.47919147917243], [126.92702165872045, 35.47911307696813], [126.92716279709397, 35.47907623188458], [126.9274563178091, 35.479053329687346], [126.9275578926228, 35.479076476899984], [126.92820666532708, 35.4794231287207], [126.92837589632003, 35.47952941731137], [126.92855073304204, 35.479681875066774], [126.92878199060974, 35.479857451168535], [126.92886097772323, 35.479894431702526], [126.92906413033458, 35.47994072277345], [126.92954940261656, 35.4800933674512], [126.92981454564237, 35.48025049436753], [126.92992729550268, 35.480407530507144], [126.92999491454844, 35.480536837655364], [126.93023742294302, 35.48076320096818], [126.93038407428952, 35.48087870580134], [126.93052510299421, 35.48097112372931], [126.9305983822716, 35.48108196861854], [126.93072811843864, 35.481178994526516], [126.93082400821534, 35.48125292011406], [126.93089732987573, 35.481317596965994], [126.93099326447887, 35.48134073714966], [126.9311344167579, 35.48129003608997], [126.93125304661788, 35.48117468899275], [126.9314901732346, 35.48110096136503], [126.9318232211191, 35.48106422324111], [126.93210548356964, 35.48100898686356], [126.93236516014392, 35.48096758762301], [126.93251188933051, 35.48099537247599], [126.93275465719324, 35.48092164641646], [126.9329183541222, 35.48090789066989], [126.93352227451471, 35.48093593657194], [126.93371976566752, 35.48100991578689], [126.93384388681757, 35.48107461964264], [126.93402447179862, 35.48111627256571], [126.93418245226911, 35.48119022851402], [126.93434040785002, 35.48129650166487], [126.93443062968007, 35.48140273692372], [126.9344700926585, 35.48146277578559], [126.93461112596437, 35.48155518983662], [126.93484817875988, 35.4815691721035], [126.93512469298643, 35.48164319435287], [126.93537866097556, 35.481680268156104], [126.93549719314605, 35.48168033427212], [126.93557053994535, 35.48171730739137], [126.93563260601289, 35.481745042317016], [126.93569465851687, 35.48179124417249], [126.93582442654034, 35.48185594809182], [126.9358751936242, 35.481897527334986], [126.93587510085433, 35.48201294471264], [126.93583553860171, 35.48207755672152], [126.93579596160046, 35.48216063567679], [126.93573380218476, 35.482248318209514], [126.93556998033003, 35.48241442905818], [126.9353154914033, 35.483019074571565], [126.93523050745723, 35.48341144545408], [126.93521338112171, 35.48365150408469], [126.93519064901756, 35.48384077622159], [126.93515654304322, 35.484136225691266], [126.93523536209395, 35.48439018715922], [126.9352747742064, 35.48451485961394], [126.93531419903246, 35.48462106600108], [126.93538186348601, 35.48470882053805], [126.93543256456914, 35.484833498979135], [126.93549460974812, 35.48488893394016], [126.9354773746663, 35.485262876814595], [126.93549417594036, 35.48542908661717], [126.93556740454207, 35.48561841182828], [126.93564630361296, 35.48577542171223], [126.93577599829348, 35.48594169431639], [126.93585492009427, 35.48607100588742], [126.93591128914252, 35.48616798622861], [126.93595072403787, 35.48626495935783], [126.93599580563492, 35.48636193366511], [126.93606350153817, 35.48641275480391], [126.93611986011345, 35.48652358728077], [126.93615368022502, 35.486583622555784], [126.93619875384395, 35.48668982980451], [126.93622126953284, 35.48676832693695], [126.93622684466494, 35.48685604723757], [126.93628884931988, 35.48696688171001], [126.93632266720203, 35.487031534346485], [126.93632259326442, 35.487123867269425], [126.93629427041175, 35.48724850357462], [126.93623212584646, 35.48731310192985], [126.93614176136728, 35.48737306971081], [126.93604012974936, 35.48740533057371], [126.93597798596056, 35.48746993059925], [126.93601742157036, 35.48756690278516], [126.93610199349312, 35.48769159974263], [126.93614138298263, 35.48784858832308], [126.93615246164536, 35.488111745295384], [126.93622569896478, 35.488296453517385], [126.9362820893315, 35.48837035110231], [126.93633850054579, 35.48841654869855], [126.93640622020938, 35.48843966966887], [126.93653039233449, 35.488458203794664], [126.93662635878968, 35.488453639522554], [126.93675616578663, 35.48848602681199], [126.93689721397119, 35.488578438099076], [126.93700438679207, 35.48868006366256], [126.93711149043965, 35.48886940551727], [126.93720169314423, 35.489017188071536], [126.93731451042316, 35.48911881628997], [126.93764742471735, 35.489294428819186], [126.93779975744764, 35.489396076991554], [126.93786737529327, 35.489553080414744], [126.93794629332109, 35.489696240074856], [126.93803648430001, 35.48986248892465], [126.93819450787059, 35.489908740481496], [126.93844279656545, 35.49002428917798], [126.9386854132493, 35.49017676746599], [126.93877565641559, 35.49027838282806], [126.93893931193439, 35.49034310230626], [126.93923285421754, 35.490338639383936], [126.93950950740883, 35.490274150842936], [126.93967882654267, 35.490315788703654], [126.9397860396153, 35.4903712439818], [126.93988761736156, 35.49041284682575], [126.93996663019419, 35.490435972318224], [126.9400569324508, 35.49045910156492], [126.94019238984676, 35.4904914879562], [126.94046894635409, 35.490556263966994], [126.94074550779735, 35.49061642283556], [126.94089226417897, 35.49063496445756], [126.94100515021076, 35.49065348844533], [126.94106722391464, 35.49068121964145], [126.94116880155187, 35.49072743791548], [126.94150744810084, 35.49080147662301], [126.9416880654778, 35.490833883216304], [126.94173883789274, 35.490880076447716], [126.94170482289562, 35.49107857626168], [126.94167084109444, 35.49123091007567], [126.94159735370867, 35.49136937433153], [126.94150695630755, 35.49147551297324], [126.9414504406689, 35.49156320105014], [126.94142780354693, 35.49164167252963], [126.94141078099382, 35.49176169892054], [126.94135425498571, 35.49186323737252], [126.94127516199434, 35.491946296975875], [126.9412073774561, 35.492006279490255], [126.94110574538792, 35.492033928984675], [126.94105490627716, 35.49208006925297], [126.94097582626931, 35.49214466352796], [126.9409080222375, 35.49222772840793], [126.94081763202126, 35.492320016993695], [126.94063128874599, 35.49239378869777], [126.94034897752643, 35.49246751000574], [126.9402359922839, 35.49257825301498], [126.94021898375608, 35.49267519487893], [126.94021889374211, 35.492795228566465], [126.94017364032113, 35.49291985457383], [126.94005502537837, 35.493007512071266], [126.93998162396862, 35.49302594071661], [126.93987999817884, 35.49304435435678], [126.93978401500868, 35.49306277162861], [126.93964289243412, 35.49305346449921], [126.9395017698917, 35.493044158106116], [126.93937191394457, 35.49306717366955], [126.93928155813737, 35.49310867681203], [126.93893708682987, 35.49326084775714], [126.93867740080572, 35.49326994367145], [126.93829353121743, 35.49326512335641], [126.9381862682609, 35.49326968316152], [126.93812411104722, 35.49334813374555], [126.93801675932721, 35.49346811056333], [126.93793190990466, 35.49368966654076], [126.93783588750995, 35.49375886472777], [126.9376211389779, 35.494054218507024], [126.93749121540377, 35.494160331846246], [126.93737261005859, 35.49422951795769], [126.9371240297015, 35.49446945157121], [126.93692617665849, 35.49481097975207], [126.93688659341372, 35.49489405798219], [126.93674537640648, 35.49500016549602], [126.93662117241404, 35.49500933153203], [126.9363783958968, 35.495046132217034], [126.93625421367314, 35.49502759794456], [126.93610177392507, 35.495045980637926], [126.93593230744558, 35.49517977217513], [126.93587570978458, 35.495359790374685], [126.93586433056069, 35.49547058498928], [126.93568922878512, 35.495590522759166], [126.93554240190996, 35.49565045809443], [126.93547459044068, 35.495733520765974], [126.9354970610639, 35.49587203427518], [126.93549693818422, 35.49602438431793], [126.93549116652507, 35.49618134784284], [126.9353668522376, 35.49632439660306], [126.93540054063043, 35.496550632436275], [126.93545678349622, 35.49681381416464], [126.93541141958484, 35.49706309019029], [126.93534913728246, 35.49728927279671], [126.9353038334907, 35.4974600646059], [126.93521909952636, 35.49752465201366], [126.9350891980158, 35.49759382887173], [126.93491407448063, 35.4977322314785], [126.93461468559407, 35.497949048030286], [126.93456374434355, 35.49811060347798], [126.93446759646244, 35.49832291680334], [126.93415687977166, 35.498581276382076], [126.93404386016925, 35.49871047856769], [126.93399860143538, 35.49882587002097], [126.93390819592265, 35.49891815331348], [126.93390224478439, 35.499287483862055], [126.93396429843378, 35.499347535990275], [126.93412212760536, 35.49964770940403], [126.9341162399074, 35.4999431741038], [126.9339862266908, 35.50014161717119], [126.93389571645979, 35.50035854955414], [126.93398587319815, 35.50057096794806], [126.93427924877102, 35.50081581805653], [126.93450498259912, 35.50093136147189], [126.93474767423238, 35.50102383202594], [126.93483229665503, 35.501102361903506], [126.93494513154128, 35.50119937564797], [126.9349788873215, 35.50134712911775], [126.93493365340011, 35.50143020356899], [126.9347754624905, 35.50156399941175], [126.93444224503816, 35.501706928565476], [126.93405817600153, 35.5018959967319], [126.93392823132451, 35.50200672167591], [126.93393371693534, 35.50220062584669], [126.93394476981817, 35.502491483186446], [126.93385987966525, 35.50273611843952], [126.93379770605031, 35.50281918405861], [126.93369030112848, 35.50298070710777], [126.93321576612337, 35.50331745351162], [126.9331079858534, 35.50392679164835], [126.93308527093056, 35.50408374635566], [126.9332827446524, 35.50424544312137], [126.93341818214569, 35.5043240038417], [126.93352530949257, 35.50449949890896], [126.93366053504324, 35.50483659311312], [126.93363781713852, 35.50499816439862], [126.93369411322341, 35.50519671292014], [126.93380126616033, 35.505344507837755], [126.93381813517124, 35.50542761767601], [126.93377282464384, 35.50559840867166], [126.9338743552065, 35.505718500535956], [126.93385163747946, 35.50588007093694], [126.93378945006017, 35.50597698599457], [126.93376679763246, 35.50606007323427], [126.93372155222694, 35.50615238015412], [126.93370456713367, 35.50620777150406], [126.93366499504684, 35.506267766031016], [126.93364799960206, 35.50633700505778], [126.93358011366234, 35.50649855054099], [126.93351228993605, 35.50658161194735], [126.93345569136403, 35.506747780071386], [126.9333653384609, 35.5067661952914], [126.93330879832304, 35.506858496707636], [126.93324094183171, 35.50698310731746], [126.93313930347641, 35.5069922831269], [126.93300940189327, 35.5070383751404], [126.93285692170346, 35.50707983705122], [126.93277217181884, 35.507149039119454], [126.93276076904753, 35.507278298296136], [126.93267600841472, 35.50736134978015], [126.93257432596728, 35.50742130836009], [126.93246699749072, 35.50748126279199], [126.93237095398173, 35.50755045644841], [126.93225800365919, 35.50758270855912], [126.9321055170672, 35.50762878600914], [126.93195865672021, 35.50769795162801], [126.93185695881796, 35.50777637557835], [126.93177223748218, 35.507808643173945], [126.93166488833877, 35.507891680261515], [126.93156884756928, 35.507956257680114], [126.9314502375738, 35.50800235350905], [126.93100407831186, 35.50812674188242], [126.93069898533658, 35.508352777145966], [126.93050131980176, 35.50840805869208], [126.93033757065245, 35.508417195440515], [126.93020761324671, 35.50852330064644], [126.93005519286824, 35.50849089329536], [126.92995921023167, 35.508486219310825], [126.9298688666293, 35.50849078152067], [126.9297785350741, 35.508481494180984], [126.92964304875959, 35.50845371266088], [126.92955273743384, 35.5084213408797], [126.9294511089652, 35.50841666409533], [126.9293099920139, 35.50837041112019], [126.92920837688209, 35.50835188374875], [126.92907852474339, 35.50833795348805], [126.92897117619016, 35.508416372574835], [126.92900488635048, 35.50860567597344], [126.92900469019622, 35.50882727668322], [126.92893110805875, 35.50903036548914], [126.92901010345858, 35.50909043004936], [126.92909475604318, 35.5091366492964], [126.92915680446183, 35.509205936789606], [126.92927530823584, 35.50928449215344], [126.92939384053105, 35.509330730144775], [126.92963655557138, 35.50941859257736], [126.9298565552746, 35.50965417547926], [126.92990141165289, 35.51001430260237], [126.92988981524977, 35.510360546507364], [126.92979357210066, 35.51065133871897], [126.92983846378745, 35.510969916475936], [126.93001885099142, 35.51131165804934], [126.92995060542715, 35.51187023493524], [126.92999530094075, 35.51241502784171], [126.93001755732949, 35.51279360851433], [126.92979158447253, 35.512918122523466], [126.92968989105199, 35.5129826950983], [126.92956000607637, 35.51299646700404], [126.92948654481847, 35.513061056789276], [126.9294468641511, 35.51323646481816], [126.92939025251306, 35.5134026308364], [126.92935625012352, 35.513541111110996], [126.92931097118034, 35.513661116993745], [126.92931070188568, 35.51396581703735], [126.92920850386321, 35.51459823812001], [126.92914611347832, 35.51491213372654], [126.9290385387068, 35.51523523569554], [126.92930899920029, 35.51589558242192], [126.92931989446242, 35.516348022893204], [126.92937028725075, 35.5168328036937], [126.92926831796206, 35.51720207574418], [126.92918899709592, 35.517502110938366], [126.9293300306342, 35.517659162391766], [126.9293242615427, 35.51779765819399], [126.92938627233525, 35.51791772953498], [126.92948223679734, 35.5179547202883], [126.92957252760644, 35.518024026680834], [126.92964589261732, 35.5180748535738], [126.92979266421705, 35.51813034145889], [126.92986597615685, 35.5182411852451], [126.9299900964285, 35.51837052624086], [126.93031177198006, 35.51860155225805], [126.93033425090728, 35.51872621493829], [126.93034544164445, 35.51884625550715], [126.93032278890877, 35.518920108941884], [126.93039612332387, 35.519007869062705], [126.93044689104453, 35.51907253278587], [126.93045812867776, 35.519137172803134], [126.93049189850774, 35.51926645934116], [126.93054264547976, 35.51935420635068], [126.93067795370978, 35.51960820363726], [126.93084727328242, 35.519714487251726], [126.93082460095583, 35.51981142409848], [126.93093182337377, 35.519894587723975], [126.9308808381692, 35.52008384081702], [126.93087511004036, 35.52017616998648], [126.93072812660546, 35.52036074966608], [126.93062622150283, 35.520656155289366], [126.93052995384629, 35.52096541442003], [126.93034912883523, 35.521099190060994], [126.93042798062518, 35.52133930278022], [126.93041091433953, 35.52148241032328], [126.93038823301616, 35.52158857912501], [126.93041071797319, 35.52170862614832], [126.93045014364696, 35.52182868203271], [126.9305232171494, 35.52222114257246], [126.93065833553753, 35.52270135645612], [126.93080507552502, 35.52280300970988], [126.93076540875202, 35.522959953757336], [126.93083302398674, 35.52313542619438], [126.93088359849745, 35.52342630545478], [126.93092302000332, 35.52355559592099], [126.93120498047293, 35.52402666192611], [126.93131766208568, 35.52433604410822], [126.93136271386953, 35.524483804455215], [126.93183670826232, 35.52493651480518], [126.93211890768588, 35.525139812749686], [126.93234463282921, 35.525343076562024], [126.93272295530163, 35.52540792975394], [126.9329599945792, 35.52559273278393], [126.93308426635916, 35.52556048640729], [126.93344028504791, 35.52528369168168], [126.93380201236712, 35.52493303077737], [126.9340901469656, 35.52479007756623], [126.93431618035893, 35.52462400563873], [126.9345082397375, 35.52456409758151], [126.93475120161709, 35.52441188347474], [126.93490380157873, 35.52426423662617], [126.93507337929705, 35.52407043117169], [126.93525417980261, 35.52396434830977], [126.93545757753259, 35.52384904520021], [126.93553109405822, 35.52372443582224], [126.93569494737355, 35.52362295971869], [126.93593190163696, 35.523913939671736], [126.93595431480006, 35.52413555274791], [126.93618580827403, 35.52419569604837], [126.9361970183309, 35.52430188562623], [126.93678944496257, 35.52499470801051], [126.93695296126982, 35.52532258015815], [126.93730282438683, 35.52567825157864], [126.9375229230095, 35.52587226889734], [126.93764131545431, 35.526135483219406], [126.93771459771827, 35.52631095464538], [126.93797999482854, 35.5263572643413], [126.93835249824072, 35.52665754470606], [126.93851610395137, 35.52688384757512], [126.93861206811354, 35.526939298749916], [126.93862888791493, 35.527100889599055], [126.93886037329256, 35.527184111951776], [126.9390692107603, 35.52734580532084], [126.93914821770669, 35.52742432900688], [126.93985397867166, 35.52767399646465], [126.94035075062423, 35.52796510314449], [126.94071225290385, 35.527891421278476], [126.9408816064958, 35.52799307421211], [126.94101147207382, 35.5280346906359], [126.94113000047432, 35.528131700067], [126.94135585860809, 35.52819644714348], [126.9415026500054, 35.52826115547562], [126.9417680568278, 35.528307455027765], [126.94212390097266, 35.52824761654911], [126.94244581335573, 35.52825239427856], [126.94279024958014, 35.52834951416781], [126.94305566722178, 35.528381961447316], [126.94334929149996, 35.52845597243058], [126.94484021425038, 35.52854440907106], [126.94525242423373, 35.52864617118569], [126.94564211317862, 35.528646354648764], [126.94595830771443, 35.528757303100974], [126.94635363842602, 35.528766719755566], [126.94650052178946, 35.528702154259086], [126.94666992716093, 35.52873916563786], [126.94692399100937, 35.52886393351364], [126.94708202417169, 35.52901635584152], [126.94734180027258, 35.52904417382968], [126.94753952515183, 35.52896116333236], [126.9478160599542, 35.52927060554452], [126.94797973628405, 35.52943687947188], [126.94809258201268, 35.529603130406564], [126.94822799941797, 35.52980170718671], [126.948431166655, 35.5300372473409], [126.94859479464874, 35.53028200325909], [126.94884870480918, 35.53065606591491], [126.94936806485794, 35.53103486072683], [126.94957697273429, 35.53113190152468], [126.9498818345772, 35.531325934245736], [126.95002294979133, 35.531455262333544], [126.95025437507513, 35.53167696162447], [126.95040105668761, 35.53194017395385], [126.9505081261145, 35.53232801837352], [126.95060959702218, 35.5326373784471], [126.95062638265543, 35.53289591801579], [126.95059799277344, 35.53313597226214], [126.95049062072503, 35.533232876072795], [126.95021377749623, 35.5333804894014], [126.94994257985529, 35.53352810533513], [126.9498239006779, 35.533643469762126], [126.95000442038904, 35.533989796758746], [126.95022410019494, 35.53494092333124], [126.95028566841358, 35.53584119764135], [126.95038144950006, 35.53622442079462], [126.95034734720608, 35.536566037660016], [126.9502680913288, 35.536856852856616], [126.95027930743748, 35.53698612419038], [126.95041465454467, 35.53732781437654], [126.95108599861932, 35.538634613835484], [126.95189374327995, 35.53858878752412], [126.95206889633901, 35.53850114516212], [126.95254343926355, 35.53836745959212], [126.95278633192378, 35.53834447616155], [126.95294446596289, 35.53837685598745], [126.95309692899515, 35.53845078617255], [126.95327194058618, 35.53859859028727], [126.95342435253008, 35.5387602339386], [126.95359363221885, 35.53905576882802], [126.95380796306321, 35.53958676987462], [126.95404502547699, 35.53988694740855], [126.95433864009803, 35.54007173046534], [126.95464342915851, 35.540473500226], [126.95482972995588, 35.5406490060135], [126.95495391446424, 35.54079678768673], [126.95501027764423, 35.541013791928215], [126.95513445422894, 35.541175424622224], [126.95542802385698, 35.541452537111375], [126.95570470032906, 35.541637310535926], [126.95601527472195, 35.541817480118695], [126.95652349277337, 35.542099288989], [126.95686249614681, 35.541942451606644], [126.95728623556347, 35.541767178324605], [126.95754610254218, 35.54170725775993], [126.95772686949886, 35.541684242508225], [126.95808277995476, 35.54159204001445], [126.9587493679223, 35.541481484461585], [126.95920692005654, 35.541449332010416], [126.95982827093911, 35.54143570198953], [126.96019545395019, 35.54138043148887], [126.96063607035379, 35.54132518386142], [126.9613139158461, 35.54128848405558], [126.96175454194162, 35.541210149983556], [126.96218383382579, 35.541205676101825], [126.9625566034408, 35.54127966768603], [126.96295764371297, 35.541293648162664], [126.96334172676725, 35.541335322786495], [126.96382742947563, 35.54150167866073], [126.96464080953085, 35.541534252317184], [126.9656011467256, 35.54134988290989], [126.9660191465394, 35.54133615830897], [126.9663862585487, 35.54144245176409], [126.9664539341509, 35.5416963873726], [126.96642538901243, 35.54241196043948], [126.96645352684114, 35.54266126762113], [126.96659465103242, 35.54287829174269], [126.96673580487817, 35.54303068330793], [126.96680350874799, 35.5432246018412], [126.96672428632134, 35.54355697669161], [126.96665082120347, 35.54363543909572], [126.96656032578015, 35.543907793883825], [126.96632854233688, 35.54434630664078], [126.96614761443232, 35.5447386667105], [126.96613054251542, 35.54503412766541], [126.9661530337509, 35.54527881585224], [126.96621507573508, 35.545500433669595], [126.96626582397496, 35.545717430918224], [126.96633350277803, 35.54597136641569], [126.9665029083299, 35.54611453312401], [126.96687566017368, 35.54629931014205], [126.96705072921064, 35.546410160549854], [126.9671184781355, 35.54650251290989], [126.96716927083763, 35.546617943856276], [126.96723129974302, 35.54688111020996], [126.96730467840722, 35.54702424873728], [126.96760390604877, 35.54743521583095], [126.96768289716958, 35.54766607120304], [126.9677562019624, 35.54798925703667], [126.96783522945407, 35.54813701319238], [126.96810635359508, 35.54821095588463], [126.96832666096421, 35.54822486785869], [126.96844528381254, 35.54824336752869], [126.9690100270658, 35.54865440745044], [126.96939409748614, 35.54882994478333], [126.96994198473669, 35.54902860957223], [126.97016791096488, 35.54913023604232], [126.97041643638427, 35.54922263380079], [126.97042767864859, 35.549370370678325], [126.97032592528639, 35.549555008819596], [126.97020157839957, 35.54973040745561], [126.97006587491937, 35.5500627692719], [126.97004885976999, 35.55023819883852], [126.96970970125415, 35.55078287050707], [126.96990712038138, 35.55158160253969], [126.97016669337314, 35.55236650104843], [126.97068628974746, 35.55274982018509], [126.9710251731197, 35.55296227292024], [126.97145444860219, 35.553179366197064], [126.97164081054272, 35.5533686959658], [126.97175936453098, 35.553604174205105], [126.97196829364053, 35.55388584249371], [126.97258965490862, 35.5541075953663], [126.97290593527279, 35.55437082231785], [126.97357248297644, 35.55464336494018], [126.97370799511421, 35.55486961290889], [126.97440272826285, 35.555354521498245], [126.97473586651068, 35.55593167914188], [126.9751877999297, 35.55604258066704], [126.97558892963825, 35.556014970990525], [126.97697881084827, 35.555738272934526], [126.97777545852824, 35.55553068976464], [126.97832910204792, 35.55558619979253], [126.97882620707895, 35.5557940459866], [126.9795040816668, 35.55608040803292], [126.98093869544677, 35.55766417844773], [126.9809499691215, 35.557770362405], [126.98114199289228, 35.55804739457803], [126.98140182960672, 35.55826442294303], [126.98160514031277, 35.5586107056844], [126.98175198066212, 35.55883694529505], [126.98237331806288, 35.55946029567999], [126.98280830439722, 35.55969581497907], [126.98318116494117, 35.55982975746859], [126.98409655592471, 35.559280519555294], [126.98463890148956, 35.55946526623129], [126.98513036141327, 35.559866984034784], [126.98580263146395, 35.560213326447], [126.98624329680123, 35.56036573415313], [126.98759919020469, 35.560882971330166], [126.98797772213044, 35.560961499355294], [126.98865003380692, 35.561187793447715], [126.98886473013513, 35.561197049986696], [126.98903422397815, 35.56122938522665], [126.98919806396913, 35.56129403672271], [126.98940710734409, 35.56133099233299], [126.98965570547858, 35.561331018424646], [126.98993253567973, 35.56146954547667], [126.99026022726879, 35.561534212702426], [126.99041274531183, 35.56177429238805], [126.99027148311876, 35.561875844016484], [126.9898081448967, 35.56215741137894], [126.98932785900523, 35.56241127581092], [126.98855377350297, 35.56260047229023], [126.98827123737743, 35.562822037718234], [126.98809043618851, 35.56282201638889], [126.9878926024297, 35.563339055024194], [126.9880733657902, 35.5636022254095], [126.98837840844432, 35.56402237423163], [126.988316171099, 35.564590213760425], [126.98820876077336, 35.56496414781169], [126.98833862620467, 35.565564325579956], [126.9884459335733, 35.56587826826847], [126.98851370826381, 35.56607679124935], [126.98855323718263, 35.56622452781925], [126.98862665657215, 35.5664646002388], [126.98858141469013, 35.56672774368741], [126.98886391594245, 35.56684319044287], [126.98923116825256, 35.56699558026103], [126.98958144275177, 35.56734648034855], [126.98996565354298, 35.5674711706683], [126.99073971384854, 35.567831343807796], [126.99129342564297, 35.56808992709764], [126.99098827919532, 35.568283797444415], [126.99073397002701, 35.56860693697576], [126.9906491620828, 35.569027042802226], [126.99087511126339, 35.56962261020145], [126.99092593380402, 35.569894995427], [126.99082984907626, 35.57009350092396], [126.9906489810646, 35.57050898014747], [126.99047377571421, 35.57079519352295], [126.99041159026228, 35.57101678538048], [126.99036071954175, 35.57114604551175], [126.99029854184558, 35.571307622557825], [126.9902985307143, 35.57139995424441], [126.99015158195189, 35.571640003988925], [126.98999898650533, 35.57184312058476], [126.98955251241081, 35.57234628553105], [126.98976150204616, 35.57300648439032], [126.98982927670838, 35.573269639369315], [126.98976708632247, 35.57350969839525], [126.98988573459589, 35.57365282639147], [126.99023038871023, 35.574008340183234], [126.99054112452977, 35.57451620026738], [126.99142823092009, 35.575259560458235], [126.99180680505873, 35.57562430765188], [126.9924566366254, 35.575929058923315], [126.99300476497771, 35.57611838427268], [126.9932420757297, 35.57646926568632], [126.99363197112739, 35.57677399122071], [126.9940444522876, 35.57733724921674], [126.99444566766543, 35.57751270678294], [126.99467169127321, 35.577785102524984], [126.99519724493058, 35.57779436831396], [126.9957793026449, 35.577946748981006], [126.99618052242053, 35.57812681900222], [126.99658739952164, 35.57827457093323], [126.99679648139504, 35.578482329260524], [126.99711859597902, 35.5785423583691], [126.99724856902672, 35.57864393037636], [126.99763284320115, 35.578851693815686], [126.9977119455621, 35.57924411014779], [126.99767237179024, 35.57969191968045], [126.99757627338421, 35.58043519207031], [126.99770624448888, 35.58069372799106], [126.99787012875767, 35.58084608259628], [126.99829950610828, 35.585453482352065], [126.99853686521459, 35.585868983834004], [126.99918680513376, 35.586164466334864], [126.99955416489368, 35.586372223274466], [127.00037366482869, 35.5867323353904], [127.00079189444929, 35.58694008927084], [127.00152662502316, 35.58702781163577], [127.00262872738776, 35.58730019397028], [127.0028434924836, 35.587175545295786], [127.00331822480514, 35.58669079823797], [127.0033803827486, 35.586372250602984], [127.00364033750948, 35.58575362142513], [127.00447108912014, 35.58483952062384], [127.00477626588075, 35.58462715092406], [127.00504188398395, 35.584497879812474], [127.00517751686904, 35.584410160817775], [127.00539227445587, 35.58436398881232], [127.00560703211795, 35.58432243376443], [127.00579353001177, 35.58426702947611], [127.00587829923285, 35.58417931032098], [127.00604219088474, 35.58411467296689], [127.00606478483174, 35.58395309194457], [127.0061834509628, 35.58372225672452], [127.0064094971831, 35.583532969083244], [127.00765272287443, 35.582281816000304], [127.00808219640214, 35.58190785084462], [127.00835345624348, 35.5818155053314], [127.00865296593925, 35.581676990966706], [127.00892987030062, 35.58153847753146], [127.00909374101236, 35.58136765334192], [127.00930283453292, 35.581289159682754], [127.00961930040314, 35.5811968087156], [127.01001487137313, 35.58099826860473], [127.01065908730541, 35.58068891355533], [127.01134284527907, 35.580301068209195], [127.01211703065076, 35.58001477704818], [127.01274431615812, 35.57996855875024], [127.0136428395449, 35.57979304640046], [127.01419662012553, 35.57953907809903], [127.01464308171992, 35.579612899493206], [127.01521395775988, 35.58014836858158], [127.01532713388798, 35.580970113381305], [127.01547980620626, 35.58143175966165], [127.01566634523478, 35.5816625702459], [127.01623149404308, 35.58170405605807], [127.01665532470705, 35.581593206354974], [127.01793811128728, 35.581223718685536], [127.01832237133524, 35.58107593656045], [127.01887054040252, 35.58102046280223], [127.01919266948826, 35.58102503559437], [127.01945830504408, 35.58112656373575], [127.01967873735846, 35.58124656444418], [127.0198935033211, 35.58130654743699], [127.02002350613591, 35.581394245509216], [127.02036261341719, 35.58149576122646], [127.02055479984163, 35.58164808018188], [127.02073566483558, 35.58173576789556], [127.02100131884227, 35.58187884239261], [127.02150433142037, 35.5820218795967], [127.02179258221007, 35.58212801498019], [127.02199605364653, 35.58220184828506], [127.02225604549521, 35.58230337126958], [127.02280435542269, 35.582732624789436], [127.02320567950837, 35.58298185309315], [127.02348829018975, 35.58310645215086], [127.02365219832748, 35.58315720544642], [127.02399699222636, 35.58333719287481], [127.02424010649358, 35.583674162356125], [127.02424578555093, 35.583766493610604], [127.0242175789015, 35.5839419302901], [127.02424024648653, 35.58414967361499], [127.02421768482876, 35.58429740961198], [127.02414432645018, 35.58467598494384], [127.02407663722744, 35.5851238092582], [127.02425199646733, 35.5856593052795], [127.02446121109763, 35.58600551297364], [127.02463653743331, 35.58641174270631], [127.02488532654924, 35.58678564195072], [127.02534906892913, 35.58775042657837], [127.02560911933162, 35.58796274119893], [127.02571653337921, 35.58805505246177], [127.02582960107523, 35.58815659618956], [127.02601624962269, 35.58858590442117], [127.02708466816452, 35.589232016011174], [127.02749740704111, 35.58967050732685], [127.02780276512247, 35.59011825578489], [127.02797805517459, 35.59034904956668], [127.02865647090373, 35.59085211305281], [127.02879218240068, 35.591022898680855], [127.02904658294031, 35.59118903917165], [127.02930660543156, 35.59126746371113], [127.02954965388268, 35.591290492844564], [127.03071944685804, 35.590796246446416], [127.03088897308669, 35.59070387353534], [127.03109814414356, 35.59082385604551], [127.03119425836847, 35.590902315092286], [127.03128471565446, 35.59096692622805], [127.03140909726356, 35.591063844397574], [127.03157306649285, 35.5912161537846], [127.03186137632068, 35.591354581739076], [127.03240971177539, 35.5915668095047], [127.03300323826387, 35.59170977500036], [127.03332544619121, 35.59180202491939], [127.03417337463247, 35.59206956764188], [127.03440520291414, 35.592286486652924], [127.03470485412976, 35.59248953730247], [127.03499318687093, 35.59266027455733], [127.03524758828529, 35.59278485311573], [127.03575073749127, 35.59302477922832], [127.035824296437, 35.59320942278581], [127.03577350412404, 35.59338486860029], [127.03572838702237, 35.59361571169078], [127.03572278322127, 35.59372651131977], [127.03575676776862, 35.59388808356089], [127.03576818145049, 35.594137376488966], [127.03582475879634, 35.59426200873951], [127.03586438038512, 35.59438664600773], [127.03588137546294, 35.59447435764832], [127.0358983716814, 35.594562069284905], [127.0360567189028, 35.59475130470003], [127.03620941498204, 35.594935926970734], [127.03641855688855, 35.59494971775277], [127.03660504345052, 35.594861949971914], [127.03685371030308, 35.59478339576517], [127.03725499694725, 35.59472326419383], [127.03748110204448, 35.59475089808184], [127.03749813882247, 35.594921707934326], [127.03760005112315, 35.595291006857664], [127.03776995399389, 35.59601114749024], [127.03789999464675, 35.59608497405105], [127.03805829386386, 35.59615417692287], [127.03816568494655, 35.59614029637648], [127.03835220098776, 35.59611254038975], [127.03856697516207, 35.59607554311622], [127.03870260874791, 35.59602471980824], [127.03885520845702, 35.5959923574996], [127.03893998080888, 35.59596463155939], [127.03907562743453, 35.595941508209116], [127.03934120737313, 35.59577061209354], [127.03959549115183, 35.595618185722216], [127.0398667404679, 35.59548883625284], [127.04003063930111, 35.595447234953326], [127.04016061544289, 35.59539179544839], [127.04026233118478, 35.595336364345904], [127.04040359471452, 35.595243987560266], [127.04050530202072, 35.59517470606141], [127.04061265995139, 35.59510080704265], [127.04072546379362, 35.594616027521916], [127.04083284780651, 35.594597525463655], [127.04097975070732, 35.594482063925916], [127.04112665570192, 35.594375835068625], [127.04240365620404, 35.59357674359169], [127.04265218226814, 35.59324888202356], [127.04270854981988, 35.59295339959276], [127.04270845038691, 35.59276411869423], [127.04295690474534, 35.59230699095821], [127.04315448182611, 35.591840646235234], [127.0434313242784, 35.591632805498826], [127.04362342221707, 35.59149885775584], [127.04468543591412, 35.59044590197633], [127.04484357612326, 35.590233482763416], [127.0447866993102, 35.58958717694429], [127.04489335404782, 35.58826217167753], [127.04569538031224, 35.587306246373316], [127.04604561964504, 35.587001422859665], [127.04626032189628, 35.58688592972867], [127.0465937280423, 35.58680270904762], [127.04676888172281, 35.58671492891067], [127.04808553524545, 35.586372808009195], [127.04869598639264, 35.58647875540122], [127.0493403533798, 35.58659392139796], [127.05029558044245, 35.58672742668804], [127.05067431466922, 35.5868334578168], [127.05090036417882, 35.586801050214795], [127.05148218194566, 35.58630683804874], [127.05173628507958, 35.585955871003605], [127.05188302252438, 35.585632648292005], [127.05214289882224, 35.5854755754653], [127.05241392856539, 35.58508766811759], [127.05260034761159, 35.58495832574198], [127.0528827245443, 35.5846442762716], [127.05291088602698, 35.58449653337706], [127.05293906066359, 35.58436725622091], [127.05295029137045, 35.58425645225465], [127.05284277534628, 35.58404875068164], [127.05278607996127, 35.58377177656992], [127.05278026624946, 35.583522482389924], [127.05276879532181, 35.58326395689592], [127.05289287239138, 35.58287149253165], [127.05301693303788, 35.582455944019046], [127.05320880511866, 35.582031134357756], [127.0534683491642, 35.581393931779125], [127.05350208493756, 35.58113077066343], [127.05348489852125, 35.58077991434033], [127.05339434823004, 35.580581438491784], [127.05333764618105, 35.5802952325005], [127.05308289517315, 35.57961669734408], [127.05302622424189, 35.579376655570115], [127.05290725293489, 35.57892427844837], [127.05273192842968, 35.57871198628385], [127.05258472255026, 35.57828731889889], [127.05251659186416, 35.57779798576764], [127.05265778030706, 35.57765942725907], [127.05283857755414, 35.57759933617918], [127.05301942210527, 35.577613109709894], [127.05320028087984, 35.57764996788554], [127.05338679895459, 35.577696054368026], [127.05364111989644, 35.57772826378182], [127.05402549064623, 35.577871214496795], [127.05452282442313, 35.577921782269655], [127.0548562478073, 35.57793087109632], [127.057534614541, 35.577551111073014], [127.05794728303981, 35.57774481935768], [127.05871034554154, 35.57796606374712], [127.0591342199682, 35.578021262888484], [127.05939982993834, 35.578030371493355], [127.05955241217998, 35.57803029981472], [127.06015141795628, 35.578011546540196], [127.06040579804433, 35.57811760744427], [127.06056415418782, 35.5782837280497], [127.06083556613945, 35.57849134483218], [127.06093172605891, 35.578611330086524], [127.06106184518214, 35.5788005483092], [127.06118629406049, 35.578962069707195], [127.06138430491285, 35.579252819327145], [127.06167861266152, 35.57983436963493], [127.06183759743043, 35.58081763076547], [127.06215447920911, 35.581348385523434], [127.0625050741744, 35.581620591349626], [127.06391236779729, 35.58174452882029], [127.06436462677088, 35.58192896110385], [127.0651164432318, 35.58215016986192], [127.06563634060709, 35.58210834893775], [127.06607709853388, 35.58204348337506], [127.06685701358374, 35.58206615083667], [127.06734293108696, 35.58194124186893], [127.06799283231092, 35.5819270394236], [127.06932656163298, 35.58192168941696], [127.07153020718476, 35.58146339953297], [127.07210118499884, 35.58167543452609], [127.0723612653492, 35.58180454981271], [127.07257609583947, 35.58189214022414], [127.07283048474675, 35.58197509081745], [127.07322047066626, 35.582016411524094], [127.07371219715407, 35.58207613725723], [127.07448096514857, 35.58226496124104], [127.07487664630719, 35.582352439264284], [127.07570752469663, 35.5824765848619], [127.07612013654321, 35.58253634952794], [127.07638009132225, 35.58252234027316], [127.07662302881866, 35.58244370752084], [127.07682649832657, 35.58246204827187], [127.07712606047774, 35.582498796595004], [127.07748263681954, 35.5830571858792], [127.07773747731594, 35.583601786788925], [127.07767010079837, 35.584063490270864], [127.07764213647404, 35.58436820490864], [127.07771589512674, 35.584668237542935], [127.07805590873559, 35.5856190471657], [127.07819182958482, 35.585909809003574], [127.07849709262301, 35.5859834825854], [127.07911881980817, 35.58602463752868], [127.07957671594399, 35.58613514408506], [127.08058291228325, 35.58632839204555], [127.08072987158901, 35.58634214661863], [127.08183731802974, 35.586055191552504], [127.08220425089009, 35.58563483712196], [127.08311927624788, 35.58510331665272], [127.08333408160709, 35.585144721674105], [127.08370722222901, 35.58527373687051], [127.0841652641824, 35.58552272261438], [127.08438016322145, 35.58565184160329], [127.08467984053495, 35.58578551981534], [127.08609344556332, 35.586426254406284], [127.08623481670647, 35.58650002262836], [127.08652905743908, 35.58682759671696], [127.08707200821443, 35.58718269467485], [127.08724729261728, 35.58725643809596], [127.0877618167552, 35.58744997195576], [127.0880614254962, 35.58750977519652], [127.08834982408877, 35.58765268534332], [127.08851940836499, 35.587680263131496], [127.08871735433297, 35.5878001539123], [127.08885306857721, 35.58786468853486], [127.08911303208329, 35.587846036281555], [127.09017520434169, 35.58751287019456], [127.09115842490216, 35.58734133510862], [127.0915254461817, 35.58703636774302], [127.09170050493022, 35.586906972694], [127.09185871622608, 35.586874538977675], [127.09201136156268, 35.586915974972115], [127.09223193783619, 35.58705430935816], [127.09252059069335, 35.58741418899273], [127.09288820634475, 35.58763089400439], [127.09314261178238, 35.58769533587226], [127.09343080661112, 35.587653567609735], [127.0938093917803, 35.58757941600142], [127.09413721222336, 35.58759301692546], [127.09432939459559, 35.587611336016764], [127.09456118969304, 35.58767117524709], [127.09492294798092, 35.58770783137854], [127.09564081185006, 35.587776526631124], [127.09669194946653, 35.58769260927098], [127.09785699437833, 35.58832878380503], [127.09820184192218, 35.58839775885376], [127.09865404112412, 35.58843894739225], [127.09879533198604, 35.58843421883293], [127.09885195863363, 35.58852188825162], [127.09932737981995, 35.589061650766844], [127.099480310762, 35.589329290385365], [127.09983084888371, 35.58942595736259], [127.10053758725837, 35.589623897257894], [127.10085999131215, 35.5898175324913], [127.10125573813815, 35.58990492280542], [127.10351145208905, 35.590355478308304], [127.10365303054675, 35.59057233975649], [127.10348387840195, 35.59089102792214], [127.1034052166406, 35.591255807053216], [127.10334896766932, 35.591468217452736], [127.10337215523809, 35.59192062584534], [127.10342910668815, 35.592257589955835], [127.10347485813605, 35.59267304655871], [127.10359976720181, 35.593111519050936], [127.10390666480275, 35.59441776119266], [127.10442726738738, 35.594874365625174], [127.104687853668, 35.59532195474485], [127.10478448308463, 35.595737367327786], [127.10489252008462, 35.596231251849126], [127.1048927889221, 35.596438999866066], [127.1046670927194, 35.596748503029644], [127.10432837607605, 35.597081185783], [127.10398956108583, 35.5973400021212], [127.10370715602487, 35.59751105415865], [127.10314832511479, 35.598111681809215], [127.10292257503282, 35.598388866693156], [127.10271374112415, 35.59863372084418], [127.10235239818918, 35.598966416333774], [127.10209271150887, 35.59922977736679], [127.10168602455173, 35.59947017712471], [127.10152254385991, 35.599825790504944], [127.10146661030053, 35.600296730067065], [127.10145014507562, 35.60068915443071], [127.10125878030196, 35.601349485650665], [127.10099905334985, 35.601589761246096], [127.10094833898738, 35.60171906810654], [127.10094867526371, 35.601986830299836], [127.10114153507081, 35.60251758158734], [127.1009952250375, 35.603048610936135], [127.10082622511952, 35.603519641954975], [127.10064624745387, 35.604253828724886], [127.10042036991476, 35.60444790957438], [127.10034149203668, 35.60466033787466], [127.10025123346666, 35.60481275850374], [127.1000762691986, 35.605039113075655], [127.09986175090651, 35.605279350334385], [127.0997771273915, 35.60541791756305], [127.09957954260314, 35.605639673700026], [127.09941012684511, 35.60578292441877], [127.09919550201445, 35.60594006228222], [127.0988848414924, 35.606152673845315], [127.09867021118518, 35.60630519344815], [127.09847818913323, 35.60645769509289], [127.09828617985013, 35.60661942835652], [127.09816762732058, 35.60675340387373], [127.09802075726475, 35.60684585272901], [127.09781741573526, 35.606989128775595], [127.09754615952345, 35.60706782418992], [127.0973426678134, 35.607086452619434], [127.09726930468761, 35.607192692214284], [127.09713375528823, 35.607298980102996], [127.09712864700757, 35.60775141133596], [127.0970105824594, 35.60829626189896], [127.09696582794585, 35.608688707917885], [127.0968473747757, 35.60891039756643], [127.09675145181579, 35.60906282002779], [127.09516969269907, 35.610056617609665], [127.09421452367779, 35.6102743290189], [127.09404492759971, 35.61027907521612], [127.09379602866711, 35.61014999871526], [127.09377919652768, 35.610260810339604], [127.09374555585973, 35.61050089832417], [127.09382512198897, 35.610860934047366], [127.09377442258571, 35.611017936191686], [127.09376353967393, 35.61138265509198], [127.09368468476393, 35.61163662743879], [127.09344215146936, 35.61212616938809], [127.09314822530216, 35.6121771739342], [127.09280350393573, 35.61230208135141], [127.09226110208702, 35.61259794938706], [127.09211429702646, 35.612764256268825], [127.09184912591627, 35.61324457850181], [127.0914936693538, 35.61388193221295], [127.0914770330053, 35.61416817336096], [127.09142067992217, 35.614329795139916], [127.09143214428342, 35.61446828517764], [127.09146622336154, 35.61460675714487], [127.09156835607213, 35.61492984296991], [127.0915572627349, 35.61511913157458], [127.09155167659078, 35.61517915099947], [127.09161405192816, 35.615340686176204], [127.09162554309513, 35.615502258218534], [127.09158607084339, 35.615594619199356], [127.09154661012663, 35.61569621388493], [127.09149586643449, 35.615820898288874], [127.09146221139683, 35.61605636991997], [127.09153590892899, 35.61623174575671], [127.09160417961614, 35.616605638622254], [127.09162163819538, 35.61704420254976], [127.09170204649271, 35.6181475070577], [127.09211575413407, 35.618996652563176], [127.0924559406456, 35.61982276730665], [127.09241108323084, 35.6201505776403], [127.09293213154764, 35.62090730768219], [127.09325477480404, 35.621216376719794], [127.09328891889152, 35.62140563026093], [127.09322728765775, 35.62189503440305], [127.09421056159188, 35.62141416395488], [127.09453270327369, 35.62128927039236], [127.09478143858554, 35.621247529997675], [127.09519414323306, 35.62120566415402], [127.09635867811284, 35.621015481877116], [127.09730874242591, 35.62115323309533], [127.09755733568477, 35.62099607325789], [127.09778332840048, 35.62085277957455], [127.09794718124964, 35.620755700989704], [127.09814497353634, 35.6206724455687], [127.0984331821371, 35.62054756920566], [127.09871597432638, 35.62061659208621], [127.09933238749343, 35.6207084289657], [127.09995391919705, 35.62036629885981], [127.10025897686596, 35.62015368876273], [127.10064871769211, 35.61983944345943], [127.10088022313721, 35.619589959211744], [127.10154692485541, 35.619210851727345], [127.1020725166958, 35.619025753901425], [127.10281299170627, 35.61886817537751], [127.10321437249925, 35.61882628991747], [127.10475257379554, 35.619065054480615], [127.1051370588015, 35.61907396142105], [127.10564610094667, 35.61921202286937], [127.10614399488973, 35.61947012404518], [127.10663644052222, 35.61988057579162], [127.10703881652282, 35.62058656472836], [127.10735015564411, 35.62085867206386], [127.10772387827777, 35.62126922047603], [127.10787695342893, 35.62157839908023], [127.10800744628848, 35.62191067795548], [127.10801907473663, 35.622150730641785], [127.10811556245683, 35.62242302385126], [127.10827975229937, 35.62258446147034], [127.108744079747, 35.62308725776822], [127.10897597428057, 35.62313783592366], [127.10994842111903, 35.62306772252693], [127.11011820143574, 35.62317836934018], [127.11025989379618, 35.62342292101433], [127.11045813475546, 35.62367203888808], [127.11165782611864, 35.624372677181334], [127.11206504594082, 35.62444617148974], [127.1124836123728, 35.62454735496377], [127.11265319966661, 35.624514883474035], [127.11315627301667, 35.624394390887424], [127.11342202254626, 35.62438952999713], [127.11372732664631, 35.62436616556672], [127.11427050139193, 35.62461495642338], [127.11445179649532, 35.62486408373431], [127.11451996291824, 35.62508561631433], [127.11464484031636, 35.625422510421124], [127.11475833785215, 35.625708632967424], [127.1148833867242, 35.62616555764155], [127.11509385044187, 35.6270378940283], [127.11536014245091, 35.62740697142524], [127.11562090998902, 35.62786376786798], [127.11568896359324, 35.62800220182786], [127.11574007436671, 35.628154500330695], [127.11585957265207, 35.62867606236502], [127.11634667404299, 35.62922959179948], [127.11681044343949, 35.629284550650155], [127.11711616802613, 35.62953817123202], [127.11771103634757, 35.63030395459687], [127.11793778095723, 35.630682296609784], [127.11816437365556, 35.63095445750883], [127.1182495701026, 35.631208287637605], [127.1183412258528, 35.632011483638344], [127.11842087038792, 35.63233456684443], [127.11844966008174, 35.63268539928905], [127.11849559805373, 35.633160862108156], [127.11850164114004, 35.63342400078966], [127.11863184942519, 35.633520824208134], [127.11893728926725, 35.63356669422181], [127.11987592183058, 35.63349653318485], [127.12042437731803, 35.63344059839751], [127.1209732321733, 35.63365242171882], [127.12107515509258, 35.633740035391114], [127.12122226958175, 35.63379528962433], [127.1214882173409, 35.63390120787414], [127.12178801249462, 35.63395169274422], [127.12222951271933, 35.63421901647545], [127.1229096859972, 35.63524321684578], [127.12309083376695, 35.63536306630661], [127.12337394530394, 35.635593610931004], [127.12401950203711, 35.63615618262102], [127.12422329571054, 35.636289857128865], [127.12441560245021, 35.63630812875231], [127.12467550741356, 35.636155518070325], [127.12544358200952, 35.63548994881956], [127.12621781905322, 35.635156762236804], [127.12693059302578, 35.63529914142104], [127.12710047374523, 35.63544207869825], [127.1275309885394, 35.635898672142304], [127.12815422130426, 35.636627442691456], [127.12889556073657, 35.63694059183165], [127.12923490677042, 35.636958701936244], [127.12950670814685, 35.63717539320911], [127.12973942265077, 35.63770143791799], [127.13008627584621, 35.63886444649608], [127.13017133126871, 35.639002852724516], [127.13026228073365, 35.639288984309694], [127.13037561258113, 35.63942736070309], [127.13053992060641, 35.63961184838687], [127.13064765083254, 35.63978254713846], [127.13081749500225, 35.63989316434155], [127.13096470920006, 35.63999918771385], [127.13110057682708, 35.64008214038993], [127.13136100899274, 35.6402526748986], [127.13164974099838, 35.64043702798965], [127.13193293183195, 35.64069063503522], [127.13222184163854, 35.64098116716043], [127.13234662027419, 35.64119801135157], [127.1324892471793, 35.641950358786104], [127.13265430205635, 35.64258265059837], [127.13238364209685, 35.64307691475686], [127.13228250693759, 35.6434832817073], [127.13227186995216, 35.643894168293784], [127.13235133884157, 35.64406951191013], [127.13243084617038, 35.6442679391751], [127.13264646391997, 35.644692430439754], [127.13284482262905, 35.644936893054705], [127.13329788453014, 35.64529649335136], [127.13362673762764, 35.64578549225162], [127.13415346521784, 35.64622348971696], [127.1343969392771, 35.64638480267007], [127.13458385465755, 35.64654617743482], [127.13513262981908, 35.646633288776826], [127.13561350947826, 35.64670662221497], [127.13577202479375, 35.64679416220001], [127.13590788433764, 35.646863259289084], [127.13589708680988, 35.647167964724986], [127.13565461749207, 35.647606806502836], [127.13480940687853, 35.649514379591395], [127.13431821511094, 35.650050439835226], [127.13391138229547, 35.650300180326255], [127.13360620853484, 35.65045747541441], [127.13295583418645, 35.65051358182247], [127.13280326194621, 35.65060146235609], [127.13221572593599, 35.651036054289115], [127.13195599874261, 35.65131794305747], [127.1319850521129, 35.65178880128338], [127.13233152948112, 35.65266557444481], [127.13226388709487, 35.65280876111939], [127.13215665186013, 35.65295198940213], [127.13198713400605, 35.653058353896675], [127.13121345387336, 35.65382553316189], [127.13097064718512, 35.65408432024414], [127.13084099826891, 35.65436145217638], [127.12933322787602, 35.65592806460146], [127.12905642410492, 35.65615918416713], [127.12887553711445, 35.65623785543381], [127.12797663128865, 35.656552722444616], [127.12763759820167, 35.65678390394169], [127.12737778613536, 35.6570334671336], [127.12700517929824, 35.65750012670761], [127.12684149851133, 35.6577311226841], [127.12686437245696, 35.65788806269221], [127.12714752436482, 35.65808628099616], [127.12734010899865, 35.65824766159145], [127.12743636236998, 35.65830295992726], [127.12753841070418, 35.658445966848475], [127.12762352667443, 35.65861207441829], [127.12777637721044, 35.658685780704644], [127.12789531627841, 35.65877798742653], [127.12802548241682, 35.65881478375235], [127.12817840637442, 35.65893465413082], [127.12895426368617, 35.659478595403414], [127.12889279915194, 35.65995416521897], [127.12879178727675, 35.66046209190619], [127.12871321884018, 35.66085458055809], [127.12846597774377, 35.6618981816607], [127.12860193066963, 35.66201345316047], [127.12932650560965, 35.66230815138632], [127.1295248159359, 35.66250183683865], [127.12951377604561, 35.66267266090893], [127.12931614159956, 35.662899080190265], [127.12899484834584, 35.66362421726317], [127.1290348770429, 35.6638919358143], [127.12923309388349, 35.66402560712538], [127.12970878790563, 35.664329797106674], [127.13016225171081, 35.664878686937136], [127.13094959199834, 35.66548261518126], [127.13117100158107, 35.665957884043415], [127.13116769933201, 35.667402867085904], [127.1312986098048, 35.66788746503967], [127.13130475832759, 35.66818753417024], [127.13128236934617, 35.66833528785746], [127.13127701229581, 35.66851995573814], [127.13126590087694, 35.668644613463535], [127.13120406014691, 35.66888474113937], [127.13119291835271, 35.66899093340246], [127.13109154755404, 35.66927726777036], [127.13104647607018, 35.66939272968667], [127.13108639379233, 35.669586581887124], [127.13112049055351, 35.66967887666668], [127.1310810082355, 35.66975278337198], [127.13101894733313, 35.66985902922052], [127.13097953160448, 35.66997448584829], [127.13091747150428, 35.67008073344262], [127.13082154696737, 35.6702377978631], [127.13074817714563, 35.670348673120756], [127.13056736732051, 35.67049197856348], [127.12985554597977, 35.67113905078462], [127.12946028960941, 35.6716242068097], [127.12930762020736, 35.67167976547362], [127.1291661995855, 35.67169376456237], [127.12897958426409, 35.67174935921941], [127.12857797247509, 35.67180517975245], [127.12835731477044, 35.67180079520067], [127.12778013901774, 35.671745998241256], [127.12758211851201, 35.671746204612376], [127.12725961985254, 35.67174192320781], [127.12713527348755, 35.67182053372666], [127.12705070042541, 35.672005283133515], [127.12697751387638, 35.67223618595226], [127.1269835577621, 35.67248085699587], [127.12694978510127, 35.67259168813977], [127.12687072948138, 35.672688717890296], [127.12682560508844, 35.67277647911776], [127.12678051820436, 35.672887323026934], [127.12672430260938, 35.673118207789315], [127.12672453502186, 35.6732659367079], [127.12671348156202, 35.67343214387022], [127.12671402662352, 35.67377838524534], [127.12666907651436, 35.67397694262401], [127.1266242927945, 35.67428168074208], [127.12651802609525, 35.675066601746565], [127.12644503913889, 35.67542676846749], [127.12634378265498, 35.67580081208391], [127.12626488201977, 35.675999404867156], [127.1261410500321, 35.676410403771946], [127.12614335871643, 35.677883079264774], [127.12613780036828, 35.6779477159833], [127.12613233755808, 35.67807236893362], [127.12601947131346, 35.678261762531534], [127.12590652366322, 35.678400374303514], [127.12576531513479, 35.67855748274568], [127.12561853275793, 35.6787699931921], [127.12540397398881, 35.679061054938714], [127.12526842014834, 35.6792181559919], [127.12497466572928, 35.67952314751246], [127.12461830904053, 35.67959737417605], [127.12456180386138, 35.6796482126356], [127.12490169440193, 35.67990177667216], [127.12513433891156, 35.680321645689], [127.12509511745651, 35.680570978099766], [127.12493735785765, 35.681005094323204], [127.12493775256769, 35.68125900370271], [127.12512517513413, 35.68170661682152], [127.1254539261438, 35.6820663706787], [127.1256296775127, 35.68228316807787], [127.12565270824128, 35.68253705467802], [127.12563027596437, 35.682666340679525], [127.12550611240911, 35.68287421088703], [127.1253762694371, 35.68306823869618], [127.12526909482432, 35.68328532547551], [127.12508298082432, 35.68368253761828], [127.12490831716873, 35.68416745289844], [127.12494880946603, 35.684735244645786], [127.12521075338117, 35.68579216359059], [127.1251206458817, 35.68606924864558], [127.12511540942606, 35.68634162909169], [127.12506480435552, 35.68654942405848], [127.12505932492093, 35.686664844087026], [127.12498627669055, 35.686997309365616], [127.12501502900807, 35.68729273806019], [127.12523145271196, 35.68818350774088], [127.1253112103479, 35.688525050398695], [127.12533420470683, 35.68875585235197], [127.12521582670696, 35.68905143219447], [127.12483174165186, 35.68951809285325], [127.12486018828615, 35.68961501131188], [127.12563068267332, 35.690172824673844], [127.12603910207534, 35.690791021664246], [127.12635638770557, 35.691030754774914], [127.12671856188196, 35.691025764944904], [127.12699595864262, 35.691090109694464], [127.12770973088706, 35.69154640423134], [127.12791359696858, 35.6916339057059], [127.12818539077651, 35.691730569031044], [127.12857598916105, 35.69180402404529], [127.12884199708216, 35.691822212261556], [127.1291306512013, 35.691844991051774], [127.12923820542345, 35.69186334374937], [127.12977625592242, 35.69213053410609], [127.13050119052255, 35.69247600479474], [127.13070494480809, 35.69248963640276], [127.13101640346291, 35.69261395106032], [127.13134506572612, 35.692876740305195], [127.1318949267352, 35.69343475101649], [127.13237153476828, 35.69418211462535], [127.13246253241141, 35.69445439004075], [127.13271206132185, 35.694768045069814], [127.13287642729632, 35.6949155959764], [127.13298984260307, 35.69505396845062], [127.13312592090429, 35.69520616660638], [127.13326793308875, 35.69552455203839], [127.13331914372303, 35.69569069203587], [127.13340465523773, 35.696064536935474], [127.13347853383797, 35.696249118024525], [127.13362649340634, 35.69673830850077], [127.13378550443687, 35.697065907062026], [127.13391067500166, 35.6974627927756], [127.1341376957433, 35.69784571673656], [127.13464203116258, 35.69822371763447], [127.13494797560092, 35.698417275154526], [127.13535022669092, 35.698666123411414], [127.13568422199856, 35.69871191898093], [127.13596739916375, 35.69882701804502], [127.13636357390473, 35.69882657800561], [127.13652760869088, 35.69877099770583], [127.13673692896514, 35.69871998119497], [127.13690661579811, 35.69865977761054], [127.1370877079064, 35.698650342419974], [127.13751773567925, 35.69858984480721], [127.13807240250914, 35.698603069720434], [127.13872445537004, 35.699294811712335], [127.1394328574641, 35.69983875633904], [127.13942746328412, 35.699991107415244], [127.13922974804738, 35.70020830903395], [127.1388851268536, 35.7005687902329], [127.13818507969097, 35.7015944507029], [127.138179642098, 35.701723719106205], [127.13812887820708, 35.7018253387572], [127.13804980631375, 35.70192237631266], [127.13791995398445, 35.70211179980195], [127.1378183454811, 35.70226887549902], [127.13765457313907, 35.70248142014743], [127.13759832302453, 35.7026846099136], [127.13759902568273, 35.70309547994039], [127.13758796707494, 35.70324783733087], [127.13763936622092, 35.70351553820771], [127.13758878074051, 35.7037233378009], [127.1375835630351, 35.703981868896115], [127.13752301015163, 35.70497910506725], [127.13746146054149, 35.70539466148992], [127.1376051210687, 35.70665480993668], [127.13759997465719, 35.70695488879357], [127.13802568853987, 35.70765150391867], [127.13849634065686, 35.70814494049085], [127.13889287267865, 35.70832453432277], [127.13913634590907, 35.708370423719494], [127.13923288337931, 35.708550358337064], [127.13915945930758, 35.70864277184317], [127.13905798932205, 35.70888294597358], [127.13890559097848, 35.709132410573325], [127.13861235029857, 35.70976982232491], [127.138692991202, 35.71057762106347], [127.13899983902228, 35.7112605183948], [127.13910774023022, 35.711463522485516], [127.13939733285689, 35.71198485874051], [127.13951084804977, 35.71216015701963], [127.13960747841219, 35.712390871712394], [127.13957464722074, 35.71304183753366], [127.13937700476983, 35.713319054843446], [127.13916796798254, 35.7135547343682], [127.13895914634257, 35.71391505973681], [127.1388577721264, 35.714215247544495], [127.1389725523644, 35.71511995452776], [127.13919365216617, 35.7153089795362], [127.13925629611943, 35.7155258846877], [127.13936979193657, 35.71568733311071], [127.1389935768845, 35.717455885136815], [127.13886367078541, 35.71762684301041], [127.13881284970907, 35.717700764762355], [127.13879624980054, 35.71792237597306], [127.139011846403, 35.71819912238214], [127.13941995995924, 35.718498731679794], [127.13983897274407, 35.71855365142045], [127.14029173414536, 35.71848388490125], [127.14040488102538, 35.71844220686359], [127.14095384627093, 35.718353862051224], [127.14125988301151, 35.71854740357195], [127.14144693209671, 35.718681065598204], [127.14184928898368, 35.71892065837605], [127.14188919355763, 35.7190775729059], [127.14178754689726, 35.71922080257727], [127.14204352953888, 35.719917598207694], [127.14292249088913, 35.720752162874525], [127.14381773489605, 35.721185065556746], [127.14428238710612, 35.72142457741637], [127.14461082985989, 35.721474970917164], [127.14507512514255, 35.72151596896734], [127.14539223013186, 35.7215571413431], [127.14561307618386, 35.721589194032696], [127.14590760423326, 35.721667323898224], [127.14645174913247, 35.72203137722655], [127.14670134291205, 35.722303451921384], [127.14692808248603, 35.72246014127821], [127.1470866669782, 35.72249688268373], [127.14841683379078, 35.72236601396467], [127.14883576127467, 35.72236088744961], [127.14919239735028, 35.72234660316079], [127.14947571956586, 35.722484752236184], [127.15000312704778, 35.72296883924693], [127.15044569758608, 35.72349457693688], [127.15064990563472, 35.72370668513165], [127.15118872901087, 35.7242323012802], [127.15132479449457, 35.72433369574783], [127.15168186658707, 35.724545612535564], [127.15185198115715, 35.724688512216254], [127.15202209523304, 35.72483141345552], [127.15223183372775, 35.724969646201245], [127.15236784904312, 35.72504334158204], [127.15258869096617, 35.72506614788903], [127.15271329630413, 35.72509369138296], [127.15287184455038, 35.725107343556104], [127.15306439634718, 35.72513941757669], [127.1533361738797, 35.72515292686252], [127.15358523588536, 35.72512953121857], [127.15368707169385, 35.72509247059624], [127.15408328722943, 35.72504580606872], [127.15534590479457, 35.725099606588984], [127.15557248068397, 35.72515933152254], [127.15646656469985, 35.72493659859985], [127.15725863771195, 35.72466320739341], [127.15754728178126, 35.72461667018798], [127.15776798853953, 35.724570220477425], [127.15811324442893, 35.72452361038408], [127.15866197631587, 35.72430592262625], [127.15890497986358, 35.72408401472837], [127.15905757237961, 35.723949936969895], [127.15937444692034, 35.723866426551815], [127.15987292477557, 35.72400427044914], [127.1602015633879, 35.72414233489246], [127.16071708667428, 35.724307851446106], [127.16132911412816, 35.72460250077394], [127.16139732936125, 35.724740905377956], [127.16181111014123, 35.72498503206765], [127.16242833114738, 35.72504422808442], [127.16267768931883, 35.72516854103722], [127.16296669759559, 35.72530203423203], [127.16354592042396, 35.72615992895334], [127.1635524109846, 35.72656617197456], [127.16336156989269, 35.727378933007934], [127.16344144488767, 35.72767889727042], [127.16359457466409, 35.727807955242824], [127.16377033153017, 35.72792774777567], [127.16398005721952, 35.7280474955658], [127.16425222548199, 35.72824563976094], [127.16453570002848, 35.728434534326944], [127.16463790432229, 35.72857750773811], [127.16479680267273, 35.72875733761052], [127.16483101966466, 35.72887732052737], [127.16490494523832, 35.72903418049769], [127.16523382072415, 35.72927379340434], [127.16552864330203, 35.72947190445353], [127.16580672939855, 35.72979006489375], [127.16592020549732, 35.72990532371879], [127.16610167989876, 35.730048187416955], [127.1664702836942, 35.73032929253916], [127.16677627272384, 35.7304489030806], [127.16702565339035, 35.73057320775115], [127.167241123321, 35.73072525696056], [127.16736027404933, 35.73084512283843], [127.16742845676072, 35.73096044230323], [127.16749648611987, 35.73100189721189], [127.16755320203168, 35.73104798415607], [127.16762690169581, 35.73109404831576], [127.1678312424486, 35.73133844105906], [127.16796737125583, 35.731453666319275], [127.16814890134447, 35.73161961020715], [127.16824541569397, 35.73174412223618], [127.16851192488464, 35.731933031918146], [127.16927724559383, 35.73238438851673], [127.16997983164136, 35.73261885284876], [127.17056985013052, 35.73316739225864], [127.17094997523495, 35.73352694725041], [127.17149428481932, 35.73387703718821], [127.17169813143065, 35.73388136730297], [127.17263258844572, 35.73397699453705], [127.17291563291596, 35.73394889471199], [127.1731591434472, 35.7339670151981], [127.17366357119498, 35.73419712210995], [127.17395858335729, 35.73446445857566], [127.17415734831216, 35.73473654816619], [127.17428218729528, 35.734861015171155], [127.17436741149156, 35.734994772091795], [127.1746174116028, 35.735391432584784], [127.17482244844904, 35.73594050170092], [127.17522544585944, 35.73638772334132], [127.17528218126513, 35.73643842377831], [127.17575795444026, 35.73650236896455], [127.17638705647333, 35.73676921717386], [127.17709683355032, 35.73766840549977], [127.17718747293914, 35.73768673911369], [127.17831520793268, 35.73810057919089], [127.17842851815769, 35.73812811269686], [127.17879662561528, 35.738150655920826], [127.17922660691893, 35.737988446100616], [127.17976955544475, 35.73770142462719], [127.18009152279234, 35.73735009694942], [127.18039061019752, 35.736897237467176], [127.1805372059085, 35.73662003059339], [127.18057636366963, 35.7364076141324], [127.18080824633701, 35.736287242609365], [127.18109702180074, 35.736286812820325], [127.18174800649939, 35.7362073647074], [127.18228582733911, 35.73616501238659], [127.1827330625514, 35.73612741068399], [127.1830671891462, 35.73614999156238], [127.18343516058617, 35.73611712323745], [127.18395021422191, 35.736024017819055], [127.18457886352913, 35.736083080693376], [127.18522434992842, 35.73607748505297], [127.18550741019135, 35.73605397190315], [127.18578480613338, 35.73603046683384], [127.18613568372642, 35.73595145169276], [127.18630548610466, 35.735923492802854], [127.18656023473226, 35.735900021011325], [127.18667337114255, 35.73585368238823], [127.18686006404782, 35.735784149674586], [127.18697880918472, 35.73571471957681], [127.1871427663274, 35.735608288528084], [127.18751540528035, 35.735150682337], [127.1876564292614, 35.734924257607716], [127.1884348491368, 35.73366275343159], [127.18863216329544, 35.733297744434104], [127.18850116630736, 35.73297017590284], [127.18795029303128, 35.732264703228665], [127.1879214749502, 35.73204777229368], [127.18797747761595, 35.731784546586], [127.18789129412997, 35.73124916574848], [127.18791872706028, 35.73087518668512], [127.18804254181535, 35.73055645734521], [127.18818401235701, 35.73052392465128], [127.1882974988067, 35.73062992785668], [127.18862633202359, 35.7308186954168], [127.18882453075395, 35.73083223801982], [127.18956611833543, 35.730780305114074], [127.18977549789129, 35.730733813689774], [127.18999052890747, 35.73068269756058], [127.19016592764014, 35.73063164278683], [127.19034123717014, 35.73054365554595], [127.19049971447582, 35.73052032496374], [127.19067509051693, 35.7304600359445], [127.1908334343058, 35.7303813075061], [127.1909974734894, 35.73031642057781], [127.19125204943927, 35.730228307063776], [127.19171005020782, 35.72997367979654], [127.19242883639512, 35.729861751629635], [127.19310833000675, 35.729892991730374], [127.19335747397172, 35.729901827881775], [127.19355568236527, 35.7299199799008], [127.19429143871545, 35.729803396092436], [127.19477236657045, 35.729668748950516], [127.19536021588567, 35.729266172618956], [127.19633867365133, 35.728844498624824], [127.19683678207222, 35.728792912547725], [127.19712541647192, 35.728746280464804], [127.19765101522111, 35.72836225924844], [127.1980120983166, 35.72784924237723], [127.19806121723104, 35.727105906011175], [127.19787900984693, 35.726686100746086], [127.19770792265193, 35.72618318041358], [127.1977303177306, 35.7260815809388], [127.19791689824476, 35.725979715136674], [127.19849959096555, 35.72579872242331], [127.19900285797551, 35.725553226152066], [127.19938190516565, 35.725441810593054], [127.19967652125051, 35.72552904121565], [127.19999374926036, 35.7256023845714], [127.20111443936236, 35.72548512588363], [127.20169696990136, 35.72524410487612], [127.20195700312773, 35.725086712003666], [127.20277166006763, 35.72484991682015], [127.20305448782545, 35.72475249895174], [127.20332036447968, 35.72466895712485], [127.20423694223634, 35.72444121511881], [127.20456499881412, 35.724320636217584], [127.2053060426881, 35.72408394718292], [127.2055829177841, 35.72387573637742], [127.20628350484154, 35.723320571538565], [127.20626527448941, 35.72283586993958], [127.20631541965875, 35.72252186227362], [127.20639373824831, 35.72215702579207], [127.20670951936658, 35.721671758058854], [127.20688998976962, 35.721403694817944], [127.20692859389318, 35.72100660922067], [127.2068425570247, 35.72057280457781], [127.20687938731439, 35.71948786335497], [127.20675315260216, 35.718832534060276], [127.20650757804134, 35.71799736363846], [127.2061425230552, 35.7169269537803], [127.20569325395601, 35.716124441739204], [127.20564732705243, 35.715875227669166], [127.20561839598057, 35.71563060176449], [127.2056573714723, 35.71537662896536], [127.20562296874178, 35.71520587636214], [127.20578097312422, 35.715011715066176], [127.20591061299106, 35.71479452044343], [127.20602902748409, 35.71461427552837], [127.20639013799122, 35.71415663024329], [127.20712477815869, 35.71367064991266], [127.20747480656749, 35.71330996513252], [127.20764967810176, 35.71307422528169], [127.20776413893728, 35.71137053842175], [127.20774048213562, 35.71097817480912], [127.20774554552591, 35.710747340441664], [127.20773357838243, 35.710498070130576], [127.20774433781621, 35.710281074911606], [127.20790748617311, 35.709893010418284], [127.20815034294642, 35.70968485206405], [127.20830854545525, 35.70957378456039], [127.20865355348775, 35.709467014885675], [127.20971175188221, 35.70935439905588], [127.21019324477123, 35.70949206445703], [127.2111847937969, 35.70986428594135], [127.21273687963733, 35.71029091745011], [127.21298593887208, 35.7102904814735], [127.21341059232398, 35.71033590338539], [127.21415229331058, 35.71040384805723], [127.21474078061759, 35.71032894721468], [127.21522710520948, 35.71015265971445], [127.21721458481704, 35.7103984198017], [127.21793939599002, 35.71049868683134], [127.2182394368609, 35.710511998452], [127.21893612419444, 35.71067694090824], [127.21959381051354, 35.711068158821796], [127.22003027419525, 35.71128896178898], [127.22036459822041, 35.71141762000012], [127.2206987080611, 35.71146779554496], [127.22120807743238, 35.71143917145058], [127.22292935601241, 35.711611455705494], [127.22386925824591, 35.71170205931808], [127.22413478751744, 35.711516911013504], [127.22478953010341, 35.71084630939376], [127.22516792719759, 35.71054091973], [127.2261517093886, 35.71013745802343], [127.22654182081558, 35.70997515368194], [127.22702008002487, 35.708958630764315], [127.2270708150515, 35.70888467014197], [127.22737592240594, 35.708690208191776], [127.2288342654718, 35.707981145509045], [127.22883954498292, 35.70784725732297], [127.2289976226019, 35.707703847654116], [127.22913889056872, 35.707620484807045], [127.22934771242154, 35.7074077321656], [127.2298731863369, 35.70708358462162], [127.23024565960763, 35.706699708011115], [127.23060692933225, 35.7063574023024], [127.23072555175432, 35.706274080065796], [127.23212480330099, 35.7047295016726], [127.23286464619332, 35.7041694888883], [127.2334237890217, 35.70375754751917], [127.23363886753164, 35.703757134734424], [127.23404688299527, 35.70392716087228], [127.23489050088672, 35.704022480388524], [127.2358970800491, 35.703715840972535], [127.23624726308203, 35.70346587026887], [127.23632587546857, 35.70325335731888], [127.23640444876749, 35.70302699538131], [127.23638680226999, 35.702800820585004], [127.23660625891732, 35.70236644121939], [127.23683697760715, 35.70191357392309], [127.23702286545016, 35.70161313805289], [127.23722573030486, 35.7013126693271], [127.2377951522752, 35.70056368115198], [127.23822974519027, 35.70015657692432], [127.23864802635342, 35.69997571300516], [127.23920182304686, 35.69968839994057], [127.23973757374573, 35.69904564962104], [127.24007644622031, 35.69880953828315], [127.24037002756222, 35.69856889919537], [127.24065802890492, 35.69835597037523], [127.24092337675633, 35.69813846806241], [127.24117633657178, 35.697565517459125], [127.24144646509502, 35.69705716510036], [127.24174529210448, 35.696682632828356], [127.24167068928634, 35.69634115815544], [127.241641336398, 35.695990361712525], [127.241553929197, 35.695154947046376], [127.24185185883393, 35.69448495864779], [127.24103131940993, 35.692621513815766], [127.24046245739898, 35.69163932166172], [127.2396613127142, 35.6905652542829], [127.2396608719116, 35.69041752672239], [127.24006199965056, 35.690195142038924], [127.24075048511101, 35.68955669981138], [127.24143072026615, 35.688059597335375], [127.24168951130684, 35.687555881873564], [127.24181869021447, 35.687232468274296], [127.24190816139556, 35.686876818082496], [127.2419870912667, 35.6867797143615], [127.24206093208942, 35.68687189736763], [127.24222544163474, 35.68700544956409], [127.24233906192083, 35.68715295212052], [127.2431052062544, 35.68788083258313], [127.2432477398012, 35.68823140320624], [127.2434124190982, 35.688420350450464], [127.24418800755177, 35.68852497465918], [127.24459551645278, 35.68854723903804], [127.24474277480869, 35.688588491373764], [127.2449182544882, 35.68860660348881], [127.24529764075598, 35.688684319746706], [127.24571636879028, 35.688674240346536], [127.24693254607801, 35.68851481420015], [127.24726036234597, 35.688384885482336], [127.24753748872483, 35.688333538884066], [127.24774673969424, 35.6882915649412], [127.2478995291742, 35.68829125312061], [127.24833963087647, 35.68970301069123], [127.24851541559268, 35.689818063758764], [127.24870256222518, 35.68994694302812], [127.24882179992453, 35.69007596238178], [127.24910013680568, 35.69041239789552], [127.24941780070169, 35.69065642169599], [127.24969046788462, 35.690988251206996], [127.249832489862, 35.69116338750473], [127.25005371175911, 35.691329127360035], [127.25024643553886, 35.691430294543665], [127.25056353163181, 35.69148965462744], [127.25079562659374, 35.69151225844496], [127.25102232107605, 35.69161797174914], [127.25123188055107, 35.69167293611069], [127.25172381584275, 35.691542655379976], [127.2523739720863, 35.691338179563076], [127.25279220532678, 35.69116649916671], [127.25305777232384, 35.69103668361456], [127.25339708372347, 35.69096211199153], [127.25383271200351, 35.69092427161265], [127.25419481819503, 35.69090043215084], [127.25448873645594, 35.69078901894568], [127.25474856733464, 35.69063613007481], [127.25496859426104, 35.69042330798529], [127.25527338799259, 35.69017337592767], [127.25552170664882, 35.68996049462349], [127.25629039779315, 35.689668035468294], [127.25653351177009, 35.68959827340287], [127.2567596187552, 35.68951931533466], [127.25693482401064, 35.689449697275926], [127.2570930234843, 35.68937088079064], [127.25720598010481, 35.689301394356015], [127.25735293374858, 35.689245685976864], [127.25747162273676, 35.689199267855145], [127.25764694543223, 35.68916658106001], [127.25774871664603, 35.689138666048194], [127.25784485890514, 35.68911999569409], [127.25796941521702, 35.689138197832904], [127.25800938329472, 35.689248909835335], [127.2580042884862, 35.68942434721567], [127.25799954933996, 35.68971058237599], [127.25813066921327, 35.69001037802159], [127.25812578286119, 35.69025044644086], [127.25792822235296, 35.69040782824127], [127.2576514508183, 35.69056999381202], [127.25750480545463, 35.69072264958832], [127.2574773691, 35.690990465145106], [127.25749477447235, 35.69112430815147], [127.25756903895235, 35.69134112727344], [127.25763155577569, 35.691424092159714], [127.25762669756375, 35.69167339493143], [127.25753692109619, 35.69191364400353], [127.25754409256264, 35.692384514412225], [127.25773182181902, 35.69268880557092], [127.25807178681379, 35.69281734649915], [127.25830399074299, 35.6928722508766], [127.25851336586355, 35.692867188697896], [127.25867758601522, 35.69289915572205], [127.25911924054016, 35.69297207813805], [127.25936271963721, 35.693013108078844], [127.25951596442833, 35.69315127613764], [127.2595681519469, 35.69353895152409], [127.25966537425286, 35.69385266829042], [127.25962704405096, 35.69424976879775], [127.25953710843524, 35.69443923805964], [127.25926687957906, 35.69487838522147], [127.25919968304368, 35.69510012141294], [127.25918978075447, 35.69553871114234], [127.25919100344755, 35.69591726358645], [127.25916927607669, 35.69619891781426], [127.25908565112954, 35.69659149917514], [127.25887710074866, 35.6968550854201], [127.25864626902187, 35.69722951487578], [127.25837004023734, 35.69756710791723], [127.2580705750757, 35.69772008943895], [127.25792397697408, 35.69789121171733], [127.25777165958948, 35.69804387981242], [127.25763046706106, 35.69813650972169], [127.2574390807497, 35.69846007176826], [127.2572080142209, 35.698765251142085], [127.2569256260971, 35.69895050946408], [127.2568070111828, 35.69902462396019], [127.25666002336199, 35.69907571625736], [127.25647357952609, 35.69917767394967], [127.25631561238957, 35.69933496855387], [127.2562496277533, 35.699939871565654], [127.25630719755593, 35.70024443975404], [127.25635857752542, 35.700382826706395], [127.25639330350441, 35.70062281208515], [127.2563608942624, 35.701107614300355], [127.2562653555031, 35.70132017634176], [127.25589875080185, 35.70172258368698], [127.2558542975262, 35.701981203713444], [127.25589462323424, 35.70220271103421], [127.25612767867648, 35.702516142264756], [127.25625266687159, 35.7026636070249], [127.2563718788339, 35.702774151484135], [127.25646290934702, 35.70292168834034], [127.25651972909223, 35.702990814964835], [127.25660564566553, 35.70330917323622], [127.25665744133518, 35.703576821825415], [127.25664668211722, 35.70375227171794], [127.25658013666204, 35.704181747830084], [127.25657582084517, 35.70460185947732], [127.2565764114213, 35.704786518704815], [127.25659399705022, 35.70497575802914], [127.2565325048048, 35.70521594645845], [127.25646524783764, 35.7054238319102], [127.2564717788829, 35.70569619235314], [127.2564721917982, 35.70582545234914], [127.25641055072103, 35.70601947679126], [127.25617942908518, 35.70631542041378], [127.255987972174, 35.70662513092332], [127.2559154648185, 35.706962288945505], [127.2559047489328, 35.70715158757536], [127.25588849004157, 35.707377830425116], [127.25586089650454, 35.70759948103023], [127.2558507092751, 35.70795497358587], [127.25584585958804, 35.70820889192533], [127.25574472486997, 35.70844454686324], [127.25559252963349, 35.70864337681491], [127.25549671699275, 35.708772840157806], [127.25544611146506, 35.70887912584008], [127.25537855525342, 35.70899468102569], [127.2553449033297, 35.70909169893232], [127.25530563326163, 35.70920257773137], [127.25527209781445, 35.709336527798165], [127.25522729994026, 35.7094889652472], [127.25513720349187, 35.70963688238158], [127.25501324819305, 35.70981718638898], [127.25479862390584, 35.709965366148204], [127.25467435894443, 35.71004872306089], [127.25455007904642, 35.71012746354826], [127.25442601897234, 35.71027545196563], [127.2543190436164, 35.710455720249584], [127.25422897373032, 35.71061287018626], [127.2539632403011, 35.710710372281184], [127.2537312643817, 35.71074317313984], [127.25365200356684, 35.710738722079235], [127.2535273279687, 35.71069281698781], [127.25338594755794, 35.710734659866034], [127.25327297319463, 35.71080875980182], [127.25317162437214, 35.71097978256112], [127.25308762044038, 35.711266180546666], [127.2529638768236, 35.71151572957417], [127.25282297467861, 35.71170991588395], [127.25280682285963, 35.71197309035701], [127.25284154344065, 35.71221307632089], [127.25287085078484, 35.712531553890216], [127.25284874707343, 35.712702410710015], [127.25279259192634, 35.71284563928948], [127.25272517319996, 35.713007356796254], [127.25252809844757, 35.7133401549415], [127.25245487397066, 35.71345572030951], [127.25239314570469, 35.71362665833066], [127.25235954314553, 35.713742141438516], [127.25230347481202, 35.713913068439446], [127.25223637534803, 35.714176348638226], [127.25213536686222, 35.71445816513301], [127.252147241341, 35.71463356781007], [127.25216451340361, 35.71472586082084], [127.25231822418348, 35.71500253255548], [127.25238100054813, 35.715163978589594], [127.25237566033147, 35.71526555342959], [127.2522463620943, 35.71555204471218], [127.25218477613853, 35.715769148215834], [127.25214007065412, 35.71595390114837], [127.2521235377408, 35.716097047228125], [127.25210127155356, 35.71621712279318], [127.25207346219123, 35.71637414145144], [127.25196664563572, 35.71660980393685], [127.25185939266352, 35.716706973932325], [127.25175215615832, 35.71680875921863], [127.25163377020398, 35.71696596449928], [127.25154913073483, 35.717053854283535], [127.25139127942832, 35.71726192315899], [127.25126731735274, 35.717446839456834], [127.25117147275877, 35.71757168294582], [127.25109816896344, 35.71766416506998], [127.2509853842967, 35.71780289361976], [127.25083317512316, 35.71800633365372], [127.25082219884682, 35.718117151871276], [127.25091326572345, 35.718273925102956], [127.25113465090627, 35.71846736056591], [127.25151513895042, 35.71884974230445], [127.25164030403506, 35.71904799329086], [127.25178801319655, 35.719213880922254], [127.25196392492458, 35.71934739507387], [127.25221926666933, 35.719536141075345], [127.25237831511637, 35.719706620519695], [127.25254871382191, 35.71988631037286], [127.25256029871008, 35.71996938343792], [127.25252126606215, 35.72015874170224], [127.25248770690605, 35.72028807359573], [127.25244304334336, 35.720486674477264], [127.25242656833139, 35.72064828655199], [127.25241560959056, 35.72076372204713], [127.25241616179531, 35.72093914735736], [127.2524170343498, 35.72121613553131], [127.25241175095803, 35.72133617543076], [127.25229912243289, 35.72152568612243], [127.25209601630542, 35.72174769870814], [127.25183056186921, 35.72194675983872], [127.25171764179461, 35.72204394059402], [127.25163302832064, 35.72214106205604], [127.2515426644248, 35.722210496661994], [127.25145238961811, 35.72230762982867], [127.25134521652605, 35.722432497036685], [127.2512323810296, 35.722557375067595], [127.25115920427987, 35.72269140466579], [127.25108030726228, 35.722806980877614], [127.25110325539498, 35.72290388019246], [127.25117695297992, 35.7229360433236], [127.25139205484045, 35.722926365128636], [127.25161855009944, 35.72293974612212], [127.25176019876916, 35.72297638401579], [127.2518904954142, 35.72300381376908], [127.25219099569524, 35.72314630107597], [127.2527465027102, 35.7233667378251], [127.25315487655512, 35.72360594597963], [127.25350081706007, 35.72379450027117], [127.25363120341302, 35.723849624947235], [127.25384099561788, 35.72395075059022], [127.25409094465384, 35.724217983910265], [127.25424437468732, 35.72439770612781], [127.25445994653897, 35.72453574990365], [127.25477170585661, 35.72465512531673], [127.255077921611, 35.724811444004565], [127.25519168068223, 35.72497739742114], [127.25524348610014, 35.7252450456158], [127.25523860322242, 35.72548973064534], [127.25522819166306, 35.72577597513556], [127.25526263008601, 35.72592363140397], [127.25531414285781, 35.72609894932696], [127.25540555189002, 35.72635728073489], [127.2554627401354, 35.72653720284955], [127.25547450483108, 35.72667567273738], [127.25549769528719, 35.72684643436951], [127.25556595707599, 35.72694785284947], [127.25571351198073, 35.72705833904795], [127.2558498480547, 35.727201164020876], [127.25589525759597, 35.727238000684686], [127.25599181526682, 35.7273347433251], [127.25604862362866, 35.72739463725272], [127.25619062218796, 35.727537449780186], [127.25621935637946, 35.72767126712532], [127.25618581490988, 35.72780521525834], [127.2561011849504, 35.72789772439271], [127.25601657066971, 35.727994848846], [127.25599429235758, 35.728110308600705], [127.25600038208701, 35.728244174157574], [127.25605754349449, 35.72841486335731], [127.25623423668225, 35.728783810348894], [127.25647890154785, 35.72916184572296], [127.25663274520545, 35.72946620879201], [127.25663298104325, 35.72954007289996], [127.25659940988726, 35.72966478764341], [127.25652635304269, 35.72983575329143], [127.25647004576335, 35.729932818586384], [127.25643073761158, 35.73003446394084], [127.25639135649283, 35.73011302787434], [127.25636894500204, 35.73018693842661], [127.25631823963174, 35.730265526461096], [127.2561941666286, 35.73041813170034], [127.25615473964166, 35.7304828467134], [127.25612659350875, 35.73053368696251], [127.25604243342148, 35.73077392151024], [127.25593003556533, 35.731037297612886], [127.25585131558528, 35.7312082748625], [127.25578949145273, 35.731351515567646], [127.25576149127808, 35.731448521233546], [127.2557844191998, 35.731536186019206], [127.2559722050067, 35.73183124593033], [127.25615431578147, 35.73212170040028], [127.25625147123061, 35.73240310201045], [127.25627465028549, 35.73256924523482], [127.25629766674183, 35.732684609381394], [127.25628113800092, 35.73282775651879], [127.25621344579986, 35.73290637795352], [127.25610060326458, 35.733031262163806], [127.25598773193113, 35.733146911904825], [127.25588044815254, 35.73323946720443], [127.25565998205117, 35.73335072818579], [127.25526962504473, 35.73345311218232], [127.25505454176857, 35.73347664623766], [127.25486773762542, 35.73349088829309], [127.25473759819242, 35.73351885993861], [127.25460173925862, 35.73352837740453], [127.25435844632177, 35.733584284974825], [127.25415484614656, 35.73365857526105], [127.25397401096475, 35.73376974853398], [127.25375924864368, 35.73389484382235], [127.2535049647531, 35.734056951575845], [127.25327916749634, 35.734274397248015], [127.25301355892834, 35.73443652869623], [127.25285507908767, 35.73445532437589], [127.25260593075846, 35.734451226880616], [127.25243039031923, 35.734446975367966], [127.2523285160141, 35.73446103617752], [127.2522381982147, 35.73454893813372], [127.25215910307782, 35.73460449963254], [127.25200661793454, 35.73472946125515], [127.25185976396766, 35.73484517737587], [127.25176373978559, 35.7349192401864], [127.25168470095541, 35.73499326829293], [127.251616944314, 35.7350534220241], [127.2515491585378, 35.73510434406058], [127.25144748531093, 35.735183035637036], [127.25141372962241, 35.73525235261341], [127.25149893775547, 35.735339888917224], [127.25165212092458, 35.735436518330125], [127.25183945127552, 35.735588473586276], [127.25194723619752, 35.73565288166727], [127.25230508876686, 35.73601222459983], [127.2523903423899, 35.73611360998853], [127.25237936704846, 35.736224428914554], [127.25235137562578, 35.73632604910841], [127.25229511699723, 35.73644157839547], [127.25220508697112, 35.7366218085617], [127.25214317940463, 35.73674196502017], [127.25205312071101, 35.73691296250972], [127.2519293928466, 35.73718097469152], [127.25178296917917, 35.73743518530998], [127.25170976537035, 35.73756459958714], [127.2516819614929, 35.7377262330083], [127.25169370577756, 35.73786008675369], [127.25170579990596, 35.738104735634266], [127.25179726829307, 35.7383815352673], [127.25193990204572, 35.73872285868178], [127.25202541887637, 35.7389073408443], [127.25209943831794, 35.73903644955557], [127.25220741626329, 35.73916086983163], [127.25229265747531, 35.73925763895024], [127.25236094157574, 35.7393636761866], [127.25237261662585, 35.7394744484433], [127.25237870016913, 35.73960831305262], [127.25241890473112, 35.73978827273818], [127.2524818176557, 35.739986649974334], [127.25256180611194, 35.74021269186165], [127.25272086638927, 35.74037393845119], [127.2529478347324, 35.7405211922589], [127.25326552009484, 35.74070518964851], [127.25339605095427, 35.74079724720645], [127.25349275378952, 35.740935539844784], [127.25356681919067, 35.7410784955163], [127.25372630799501, 35.7413736180706], [127.2537268477416, 35.741544426490165], [127.2536991198428, 35.741729143426696], [127.2535921722062, 35.74193249166887], [127.25334929291054, 35.742126891717845], [127.25319675040629, 35.74223800502627], [127.25298228329761, 35.742464659555914], [127.25266082103974, 35.74288081227675], [127.25261017696144, 35.74298247999219], [127.25250326973313, 35.743199676957715], [127.25249246635116, 35.74336589283945], [127.25244748530233, 35.74346754859423], [127.25236277736845, 35.74354158985308], [127.25217605112755, 35.74358814080638], [127.25193313316953, 35.74377330453451], [127.2515716999018, 35.74408797481523], [127.251481342521, 35.74416664176147], [127.25110878364, 35.744545963923485], [127.25088248687611, 35.74461567876484], [127.25071848196156, 35.74468526518526], [127.25046414433729, 35.744842751012314], [127.25024949023079, 35.745014002666565], [127.25012509406777, 35.74507427237589], [127.24990440089671, 35.74512550851914], [127.24964955687308, 35.74512141680492], [127.24939484246185, 35.74515887099733], [127.24929867411238, 35.745191383523654], [127.24915743199736, 35.74529785285909], [127.2491294765234, 35.745413321895676], [127.24911875437051, 35.74560723687017], [127.24911416832536, 35.7459534815765], [127.24913165965017, 35.74611502310306], [127.24910370496589, 35.74623049211694], [127.24888315054123, 35.746327890908205], [127.24867389327054, 35.74641603244093], [127.24856109173685, 35.74656398987765], [127.24852773060229, 35.74676256693646], [127.24841036787, 35.74726600319121], [127.24819020990913, 35.74749266169345], [127.24790175199475, 35.747608663039465], [127.24769503175223, 35.748518529604205], [127.24737833997212, 35.74866228650868], [127.24708398444369, 35.74870443361676], [127.24680657761834, 35.74873269633748], [127.24661432981772, 35.7488300328718], [127.24632096672583, 35.74919533053154], [127.246492340317, 35.74967509531509], [127.2467770916781, 35.75019156308291], [127.24666456733374, 35.75043184766143], [127.24646176999552, 35.750783111855164], [127.24614093481655, 35.751425453006384], [127.24568503787907, 35.752349671364364], [127.24531901057085, 35.75303364823215], [127.24530793823742, 35.753116767745304], [127.24530832076547, 35.75324141236424], [127.245276616025, 35.75398472764939], [127.24525615333754, 35.75470032214688], [127.24521758263478, 35.755051251792224], [127.24518430669387, 35.755282143355984], [127.24508887473077, 35.75555932359693], [127.24505616439154, 35.7559748720205], [127.24510273104381, 35.75638564441059], [127.24523954964283, 35.7566762055606], [127.24539300729744, 35.75685132166408], [127.24572835526946, 35.7572384273314], [127.24608074058925, 35.75763934695894], [127.24650717202002, 35.75817399258127], [127.24674654612532, 35.75865823677201], [127.24681065443025, 35.759244395886476], [127.24678365801674, 35.759673783461764], [127.24690918971964, 35.759973599169626], [127.24732396900922, 35.76039746920002], [127.24776717237982, 35.7608535968506], [127.24790315020121, 35.76086716825757], [127.24803380829027, 35.7609915459399], [127.248130396399, 35.76108829422274], [127.24848232384713, 35.76133224820269], [127.24874879124296, 35.76141479876519], [127.24932714053182, 35.76161211981192], [127.24973518198298, 35.76168514567024], [127.25004131467121, 35.761772228190225], [127.25045529513682, 35.76193295144443], [127.25068820070078, 35.76214944444591], [127.25085878922387, 35.76236144977836], [127.25093918621117, 35.76271213530119], [127.25095720595465, 35.763039866765276], [127.25108856757477, 35.76338583041697], [127.25120858696218, 35.76372720040334], [127.25139046446597, 35.76392533157685], [127.25173152176946, 35.764307792620315], [127.25209538488464, 35.76473636773323], [127.25273837622777, 35.7656629396097], [127.25300607250122, 35.7661286459666], [127.25311458598728, 35.76641002456688], [127.25322273444054, 35.76657599129649], [127.25340433170419, 35.76668179059995], [127.25366517256167, 35.7667689591923], [127.25423754131003, 35.766850857348196], [127.25460006240003, 35.7668500986325], [127.25491744634337, 35.76690482990921], [127.25515557194035, 35.766973576462604], [127.25541112049154, 35.767176163194115], [127.25584838871, 35.76752147677509], [127.2562793301235, 35.76765906134912], [127.25647209918056, 35.767714052163655], [127.25665911535, 35.767741355440926], [127.2568970816286, 35.767759317948325], [127.25716921463561, 35.767832605941784], [127.25745837150922, 35.76791508854353], [127.25791771432094, 35.768075688747004], [127.25825250085559, 35.768255019828054], [127.25878574054687, 35.768493939320564], [127.25902976402496, 35.768631913323084], [127.25923999437937, 35.76882997133915], [127.25937066815472, 35.76894972106621], [127.26002954188529, 35.76949766931352], [127.2606087733332, 35.769939607502074], [127.26084772573361, 35.77025762912867], [127.26104677196035, 35.77049725830415], [127.26117192154058, 35.77065856364553], [127.26124036416195, 35.770801527815365], [127.2613827052582, 35.77102281083611], [127.26154181585096, 35.771174811206116], [127.26175760253308, 35.77133592148618], [127.26212658077682, 35.77157056438358], [127.26260360096862, 35.77192961794323], [127.26284782381232, 35.77212297900373], [127.26311569311274, 35.77261636039451], [127.26322422067993, 35.77288849599114], [127.26325868059524, 35.773031530614915], [127.26323163148125, 35.77341937163764], [127.26322728721782, 35.77382101357525], [127.26321647419464, 35.77397799700261], [127.26322420459162, 35.77460581728677], [127.26324775979143, 35.774878136910175], [127.26336219917738, 35.77522412336969], [127.26347098897116, 35.77557473745077], [127.26349396987287, 35.77567163251838], [127.26359085129467, 35.77584684773981], [127.26376161015166, 35.77609114952485], [127.26398994855536, 35.776616928325915], [127.26410990693697, 35.776916736387705], [127.26416692481574, 35.777027407178615], [127.2643662402583, 35.77734089124996], [127.26463879405013, 35.7775295726041], [127.26492251039731, 35.777667447015034], [127.26551772118333, 35.77777694028897], [127.2659259366173, 35.77787299181521], [127.26632828799936, 35.77790904066571], [127.26698551195688, 35.777926062924465], [127.26796560548537, 35.77792851829654], [127.26862835501137, 35.7779039700915], [127.26917215068394, 35.777884299008996], [127.27003862844765, 35.777794661739506], [127.2704691815762, 35.77779370231095], [127.27083801277304, 35.77796830508111], [127.27099142653871, 35.77810183773811], [127.27105419692772, 35.778235575429036], [127.27142451872768, 35.778848736118775], [127.2717548446091, 35.77936042167036], [127.27197098735137, 35.77961384247104], [127.27220989036705, 35.77989491079011], [127.27237487638543, 35.780097663120124], [127.27259654742018, 35.78030952288692], [127.2727273861534, 35.7804661875933], [127.27305182413411, 35.780908636891645], [127.27316005062924, 35.7810792021631], [127.27335332188818, 35.78126804093625], [127.27368816664612, 35.781438093992115], [127.27393804609629, 35.78161295505297], [127.27413119369749, 35.78176486176771], [127.27431853303086, 35.7818752331788], [127.27436423828746, 35.781985924811416], [127.27449577932535, 35.782345709937296], [127.27453072390279, 35.782622617187215], [127.27458263155664, 35.78289025404437], [127.27467470669315, 35.7833055260586], [127.27472131644976, 35.78367935181908], [127.2747289311322, 35.784247158931755], [127.27471875783245, 35.7845841814946], [127.2746910165571, 35.78475505310516], [127.27452753661862, 35.78499547778395], [127.27436408632346, 35.78524513560255], [127.27429130298907, 35.78549920538733], [127.27429188761161, 35.785670012268234], [127.27437302916333, 35.78620072044522], [127.27437955249127, 35.78644999390034], [127.27434595179238, 35.786565480843684], [127.27420589026116, 35.78702744230817], [127.27404849656158, 35.787392496979805], [127.27390749846307, 35.78758208965769], [127.27370444414537, 35.78785030265851], [127.27352949610868, 35.78805382004949], [127.2734564229654, 35.7882247934918], [127.27342291727878, 35.788367977525716], [127.27343494315977, 35.78857107487974], [127.27350904254585, 35.78870016810174], [127.27356049429316, 35.78883392906534], [127.27365743084171, 35.78901375095236], [127.27385096016435, 35.78927183562558], [127.2738738457271, 35.78933641391609], [127.27394797712118, 35.78947474020607], [127.27403830205719, 35.789377591028185], [127.27418539567626, 35.78931262800773], [127.27447406048532, 35.78922426221883], [127.27496106485334, 35.78914468030633], [127.27551050649606, 35.78909726813716], [127.27605444034786, 35.78909603145496], [127.27627557437897, 35.789141692543105], [127.27647426538724, 35.78925203433516], [127.27662193378261, 35.789353258850426], [127.27672993829006, 35.78945457446933], [127.27683800821872, 35.78957435579698], [127.27697479254826, 35.78980486483259], [127.27708884953988, 35.79001696102036], [127.27725404427312, 35.7902704882694], [127.2773507995138, 35.79039491056649], [127.2774872176364, 35.79051924216076], [127.27766339517778, 35.79067118207689], [127.27780530441602, 35.790744719022406], [127.27794141843016, 35.7907813390885], [127.27826461117722, 35.7908452283008], [127.27850300528121, 35.79096470823559], [127.27876432349213, 35.791157998362195], [127.27919042679417, 35.791484785142245], [127.27965038537508, 35.791769944392236], [127.27996848213168, 35.79199541633857], [127.280155871997, 35.79211039544423], [127.28038852461786, 35.7922068018665], [127.28073435724842, 35.7922613990897], [127.28089314095419, 35.79229796376794], [127.28114260088925, 35.79233893251843], [127.28141480605115, 35.792402931531534], [127.2815622574339, 35.79243952094443], [127.28172104186324, 35.792476083623725], [127.28203291040745, 35.79253998829807], [127.28236728310252, 35.79255767670327], [127.28283759644346, 35.79256119660747], [127.28306427770927, 35.792569899312795], [127.28338743143865, 35.79261992602015], [127.283960082025, 35.79272014718946], [127.28422084378586, 35.792751852134195], [127.28450977191488, 35.79273732455708], [127.28483263177314, 35.792704252670774], [127.28570483631533, 35.792591404854], [127.28583563720555, 35.79272497366436], [127.28592092919565, 35.792807868980894], [127.28598918605928, 35.79288157043015], [127.28614858572851, 35.79308893463999], [127.28626248855099, 35.79325024074632], [127.28642208735981, 35.79351300012639], [127.2865249245391, 35.79374819609304], [127.28666224032732, 35.79411718670398], [127.28683373726672, 35.794536877153426], [127.28694770994483, 35.79471664743397], [127.28702195422582, 35.794878047406414], [127.28705639896792, 35.795002609577054], [127.28712467759, 35.79508092745643], [127.28720980620561, 35.7951176569164], [127.28744219560717, 35.79513557203228], [127.28809421455836, 35.7952402026164], [127.28883156421045, 35.79543695438421], [127.28928549649251, 35.79560667998006], [127.28961471885846, 35.79576285372903], [127.28980202859942, 35.79585011762091], [127.29022785166381, 35.79607992053679], [127.29072232820441, 35.79648959809885], [127.29116527382327, 35.796751671855965], [127.29151136830001, 35.79687086674528], [127.29186883112123, 35.79699926735378], [127.2922373581658, 35.79705377719312], [127.29243023962631, 35.79711332587676], [127.29284430291129, 35.79722311997307], [127.29311068231053, 35.79723632596417], [127.29354154432723, 35.797290679822474], [127.29406329016702, 35.79740482572779], [127.29449459554999, 35.79757920224316], [127.29467083802267, 35.7977357339524], [127.29494914802905, 35.79791048098102], [127.29511366686891, 35.79796086060191], [127.29526099805688, 35.79796050249399], [127.2954535602957, 35.797932334632634], [127.29582153039284, 35.79783449118894], [127.29622356796155, 35.79775503041795], [127.29642751223058, 35.79774068262302], [127.29667687570218, 35.79774930459863], [127.2973912784662, 35.7978583487544], [127.2977373019119, 35.797954443666285], [127.29814007644093, 35.79807348084794], [127.29851465992067, 35.79822951851257], [127.29876436967953, 35.79833046399575], [127.29895150624132, 35.798366934287024], [127.29925252989999, 35.79855084824165], [127.29974710259017, 35.79896972154875], [127.30009379336927, 35.79924123193968], [127.30032110226422, 35.79941147748177], [127.30062767656132, 35.79956305940388], [127.30098525411438, 35.79971451376952], [127.3011553760489, 35.79974640605034], [127.30139942856245, 35.79984736108779], [127.30187007985391, 35.79992928550194], [127.30211385416428, 35.799956376127064], [127.30228955935655, 35.79996517060338], [127.30249364921661, 35.799987743973986], [127.30274900197732, 35.80007943442392], [127.30310107610477, 35.800272444403916], [127.30320904121994, 35.80035065297835], [127.3032378997954, 35.800489074984455], [127.3033017948187, 35.80089977740037], [127.30322910734355, 35.80115847807421], [127.3030606604322, 35.801569762729436], [127.30272269522365, 35.80211073001347], [127.3024182035338, 35.8025131200782], [127.30204015932762, 35.802948006109375], [127.30166144995961, 35.80320746966884], [127.30124821406076, 35.803328525622256], [127.30082949947598, 35.803500372620846], [127.30017353418476, 35.80387593027212], [127.29980625185284, 35.80416305874464], [127.29968781514256, 35.804315693890906], [127.29955303529549, 35.80464379344474], [127.29945310299037, 35.80519801127855], [127.29939709113494, 35.80537357456409], [127.29923393621476, 35.805692510970076], [127.29884989989256, 35.80604892279526], [127.29871979640218, 35.806113874520626], [127.29865192787113, 35.80615097312596], [127.29831778837016, 35.806211809443056], [127.29796101423443, 35.806281934330826], [127.29747423662478, 35.806444703980446], [127.2973838373423, 35.806518789409196], [127.29736139236317, 35.80657885796258], [127.297333777215, 35.80677281591394], [127.29723255739243, 35.8069854190443], [127.29706348403911, 35.807239738703785], [127.29687117481785, 35.807341770298606], [127.29667896812173, 35.80747150152436], [127.29653218457263, 35.80762420255221], [127.2963572680338, 35.80783236952909], [127.29572987315672, 35.80828631217552], [127.29560570420027, 35.808425107684684], [127.29548737285928, 35.808610053892636], [127.29542538999597, 35.808707148318994], [127.29538691286376, 35.80903039278444], [127.29537692696475, 35.809395114343516], [127.29538308871108, 35.80952897576583], [127.2954743311697, 35.809681094890514], [127.29580384525255, 35.80989726345477], [127.29619568703957, 35.81010866221026], [127.2964569553439, 35.810260365138404], [127.29672961160719, 35.81042588902306], [127.29687196760159, 35.81060558015867], [127.29708254024634, 35.81084050201085], [127.29715096161547, 35.81095112820278], [127.29725945271237, 35.811167834326014], [127.2973282026831, 35.8113661718576], [127.29741967364662, 35.81157830276741], [127.29754563201884, 35.811919609400825], [127.29768270319315, 35.812200873582164], [127.29785371249852, 35.81246359033466], [127.29808096936313, 35.81261075676885], [127.29827387555012, 35.81266567862074], [127.29848381855686, 35.81272979215182], [127.29861419336072, 35.81273408641454], [127.29877309397135, 35.8127890919286], [127.2988981972526, 35.81289957799564], [127.29889849025896, 35.81297805701274], [127.29881387226163, 35.813084442780024], [127.2987575228101, 35.81317229416351], [127.29864468856127, 35.81331106453437], [127.29853764005473, 35.813482135933754], [127.29845903395464, 35.81368083588259], [127.29848265379813, 35.81393468051412], [127.29862557319242, 35.814262095020474], [127.29864373262637, 35.814571349869595], [127.29858777947287, 35.8147653773468], [127.2984639499339, 35.81499650327408], [127.2982665077775, 35.815246275803275], [127.29812522528896, 35.81535741787799], [127.29800098059981, 35.81547775093471], [127.297871119722, 35.8156119456018], [127.29774715002569, 35.815806140279975], [127.29773057602486, 35.815921590972884], [127.29767482650702, 35.81617101508352], [127.29756275799325, 35.81651752234853], [127.29748383764682, 35.81663312640877], [127.29738787756813, 35.816739539189], [127.29729277885139, 35.81707677080823], [127.2973104002885, 35.81724291999701], [127.29730562540293, 35.81748298531909], [127.29734013172653, 35.81761677634487], [127.29744832257718, 35.81775038685251], [127.29761305628062, 35.817846927361394], [127.29795327493547, 35.817883021681574], [127.29856007931522, 35.817969240858545], [127.29931437563171, 35.8180874061841], [127.29973973768989, 35.8181556006861], [127.30056841726135, 35.818458231209036], [127.3008239479348, 35.818582240364286], [127.30121038613936, 35.818849032529236], [127.30138145744421, 35.819120975333185], [127.3015298553807, 35.81939297475627], [127.30157045648083, 35.81963754434024], [127.30160603497258, 35.82005293270879], [127.30162345764015, 35.820163683202885], [127.30172623472176, 35.82036193429364], [127.3018400171527, 35.820472443736655], [127.30211821365198, 35.82059177692409], [127.30236791061026, 35.82066963321994], [127.30264593335156, 35.820742800541424], [127.3029861303636, 35.8207696499483], [127.3031788161144, 35.82075993433493], [127.30338239738434, 35.820634781383525], [127.30352359393096, 35.82050055135266], [127.30391448774326, 35.820444175138654], [127.30420933972148, 35.8204711330222], [127.30470294932037, 35.82059453560243], [127.30506601219982, 35.82067210156571], [127.3054800747206, 35.8207449205947], [127.30576415790402, 35.820919627003846], [127.30596929220688, 35.82120071076034], [127.30609486064255, 35.82142659745284], [127.306141002978, 35.821634220475595], [127.30618135347953, 35.82180954187214], [127.30625085977357, 35.8221971439158], [127.3062853477225, 35.822321700706404], [127.30643318507384, 35.82244135323612], [127.3065977085184, 35.82247786898453], [127.30717017525556, 35.82246718486113], [127.30746512367246, 35.822517217460174], [127.30760701014003, 35.822563021295764], [127.30774308619009, 35.82257190905853], [127.30799796566929, 35.82252047945001], [127.3082017936243, 35.82245994774176], [127.30834348291108, 35.822454970826186], [127.30853087804755, 35.82254220563905], [127.30861087701665, 35.82270819283502], [127.30871984221346, 35.82303568009713], [127.30876023487018, 35.82322023383362], [127.30888677914182, 35.82369540245433], [127.30908637088335, 35.82400419236368], [127.3093025409989, 35.82420214605423], [127.30945033260086, 35.824307945332784], [127.3096774283397, 35.82439969413751], [127.309887521209, 35.824491484545185], [127.31021674037459, 35.82460605196025], [127.31033608411629, 35.82468422615759], [127.31046113111422, 35.824771616167205], [127.3105638473255, 35.82494677667429], [127.31068387334957, 35.82520037100392], [127.31075277587954, 35.82542639909028], [127.31078191109684, 35.825629446093004], [127.31075963181408, 35.82573106531087], [127.31066387545701, 35.82588826834136], [127.31053382246418, 35.82597169658895], [127.3103360139463, 35.826124545836876], [127.31001351358302, 35.826282328159266], [127.30977030085225, 35.82642144397664], [127.3095617256761, 35.82672204361004], [127.3093928105301, 35.82701792545738], [127.30924601684204, 35.827170641567434], [127.30909918458288, 35.82731412603379], [127.30907127122612, 35.82742499096629], [127.30910583638959, 35.82756801064751], [127.30915726584229, 35.82767405709166], [127.3092427975794, 35.82780309873152], [127.30928841566512, 35.827872228418556], [127.3093285266432, 35.82798291833607], [127.30947103107103, 35.828185676458844], [127.30950554462912, 35.828314848347716], [127.30946085583533, 35.828485769344184], [127.30939374387341, 35.828721377967184], [127.30916917427838, 35.82928515390297], [127.3090685654504, 35.829654722734624], [127.30891124780955, 35.83001982009718], [127.30881026239162, 35.83029244613056], [127.30871567798388, 35.83075432821094], [127.30878568539443, 35.83126657044647], [127.30881528069386, 35.83158964298659], [127.30885628518797, 35.83193115289588], [127.30883521704483, 35.83234668282928], [127.30880835363018, 35.83272991313104], [127.30881555961744, 35.83312690544837], [127.30887866873316, 35.83332063380519], [127.30904926049041, 35.833454073939706], [127.30944134294957, 35.83368850884665], [127.30989580505819, 35.83392740055984], [127.31015131113838, 35.834028306546685], [127.31045210004176, 35.83411063102233], [127.31062256906279, 35.83421175563341], [127.31100972853426, 35.83463547144781], [127.31113267455154, 35.83467576825779], [127.31131169115831, 35.83473553461587], [127.31143263890549, 35.834781566469225], [127.31234948343153, 35.83509827895203], [127.31285489386536, 35.835225326399545], [127.31328016104725, 35.835331311951656], [127.31357445734466, 35.835461315540584], [127.31406389736986, 35.835680128306336], [127.31424748867217, 35.83571891604451], [127.31451857898476, 35.83576858791207], [127.31480146692759, 35.83582132227059], [127.3156347406553, 35.835791453803196]]]}}]}