{"type": "FeatureCollection", "features": [{"id": "0", "type": "Feature", "properties": {"name": "\uac15\uc6d0", "full": "\uac15\uc6d0\ub3c4", "region": "KR"}, "geometry": {"type": "Polygon", "coordinates": [[[127.818374575346, 37.147715882971355], [127.78951349052662, 37.14440303109371], [127.76729625696801, 37.15779686040157], [127.74385268242425, 37.21009728311018], [127.75086173788172, 37.22224241939538], [127.74764581415566, 37.24347482162601], [127.75830778668016, 37.25802651137657], [127.75476517652099, 37.29769229064109], [127.7680747847864, 37.30248343850047], [127.75948478241624, 37.36704394037488], [127.77779778784806, 37.37119533935394], [127.7946084606242, 37.424248778814025], [127.80396357804712, 37.429044176169675], [127.79968239272492, 37.472187918793665], [127.77447646288414, 37.49164675779633], [127.76033484886128, 37.492341617188025], [127.75936248977963, 37.503656793329405], [127.78398733639956, 37.51218764966601], [127.80950489899251, 37.53673678902226], [127.84239865804936, 37.5390232152675], [127.8494476999771, 37.55321122766271], [127.8129040883365, 37.56464099341878], [127.79335467528895, 37.58540985695072], [127.7859648676146, 37.57855329601982], [127.75349455431747, 37.591875449917666], [127.70812498323647, 37.58640159279938], [127.66367952344596, 37.62401590695102], [127.65241433607176, 37.622668890803986], [127.64687601772756, 37.632920398884764], [127.60721939494087, 37.651034674990285], [127.57951153060048, 37.63312665682728], [127.54826389516849, 37.63319513175707], [127.53543404243764, 37.64968318994953], [127.5528071283113, 37.66154695114282], [127.5501480820476, 37.68546328164025], [127.55986059362328, 37.7285128191098], [127.5408031201987, 37.719090623597396], [127.52538466245736, 37.726900554136215], [127.50730672950328, 37.71967268330843], [127.50990464729156, 37.7348611749848], [127.54447687307149, 37.759938344063855], [127.52159302520953, 37.79133804819062], [127.53716005058227, 37.81237165797362], [127.5247547884941, 37.82445250633115], [127.52695224035934, 37.835143147430045], [127.56242460929934, 37.855476814424456], [127.57680601213661, 37.87304073630045], [127.60586492146614, 37.876692939730845], [127.6177219225482, 37.90652754400169], [127.61376096988457, 37.93938624574545], [127.6013943261933, 37.95605150446106], [127.54432614845655, 37.96812054696053], [127.53974106686961, 38.00118093678474], [127.50141198893405, 37.99955782583657], [127.4613934752372, 38.0128987776764], [127.44370936180995, 38.05901290936213], [127.44390781937123, 38.099366686569496], [127.43075855914854, 38.11527231855821], [127.41205771107037, 38.10272263498851], [127.40300890366571, 38.11319490421889], [127.37808920579823, 38.117737044715966], [127.33894456733105, 38.101363792295444], [127.33739004471947, 38.08981567229382], [127.32119209688913, 38.09522494022175], [127.30722515075739, 38.11935610178101], [127.28559258924037, 38.115109338759886], [127.27674056363806, 38.12544775831842], [127.28724549207193, 38.16870762279289], [127.29728322501164, 38.174783735378924], [127.28312036060532, 38.18288315818567], [127.26612291341654, 38.18049761583458], [127.2558625396282, 38.16396488463498], [127.21888764407174, 38.139235662872295], [127.18958644244736, 38.161377447409784], [127.19039965472298, 38.188855032483886], [127.17937718266585, 38.18465332788373], [127.16624776540056, 38.198076550459305], [127.17218923091937, 38.21042417980581], [127.15943519693135, 38.21907095983377], [127.15836147058523, 38.23890408420614], [127.14894810204356, 38.24268329462632], [127.13053837374306, 38.23255916673148], [127.11300460083339, 38.23758900900872], [127.10928347342096, 38.29203792732757], [127.13735319702526, 38.309774398936625], [127.14778425751754, 38.334409683644665], [127.1592899917541, 38.3343046965351], [127.18205348837516, 38.317164339454656], [127.24358622383109, 38.33871941280145], [127.31063453990001, 38.31689600115117], [127.33831898739481, 38.33202644682712], [127.40240315977036, 38.338824649421106], [127.42454382515973, 38.33433263193051], [127.44910877559956, 38.317224132028265], [127.47279222797567, 38.31937453601355], [127.48677546967485, 38.3036874877716], [127.50320103299784, 38.30327606356693], [127.55078597380249, 38.32951228732649], [127.58808556342372, 38.34010595488557], [127.6108843333629, 38.34042212325665], [127.63836277236952, 38.32912351577779], [127.67515056443, 38.330044080794245], [127.6999355608067, 38.34337588555975], [127.73007681810564, 38.33773334557975], [127.77754244178908, 38.3537612755625], [127.80227126382236, 38.32527233371551], [127.8843841217516, 38.34360075508558], [127.97265766758706, 38.32840845439136], [127.98339697858601, 38.31745487826887], [128.0634822189825, 38.31351412173749], [128.21560922706269, 38.38225715265505], [128.2822230136982, 38.43526342703741], [128.31327305479218, 38.515054629215854], [128.31136139940216, 38.598029131771256], [128.32126075732796, 38.60958293946924], [128.3582050746235, 38.61695208067501], [128.37185322424025, 38.59264336279964], [128.41026633346024, 38.55553483026139], [128.40615161167696, 38.54156820470865], [128.423301838673, 38.522525919718504], [128.42141239702298, 38.50694683088302], [128.44308686132615, 38.48581145084285], [128.44171975482388, 38.474806732388885], [128.4686244534574, 38.45108536299284], [128.45608938457224, 38.44660526251986], [128.45819868137073, 38.4300081661685], [128.51580126413398, 38.371675957465264], [128.5263448189687, 38.338391372042516], [128.5377180429746, 38.337599260198864], [128.5688118175425, 38.2688599200774], [128.58345350220748, 38.255222752398694], [128.5899194148165, 38.24227471454289], [128.58486081979046, 38.231131112586105], [128.60224578059876, 38.214244518452034], [128.60154607992305, 38.21235560610615], [128.6031191798507, 38.20743294988885], [128.60261150196104, 38.205211403989075], [128.59450455576692, 38.21066616593802], [128.60016912321348, 38.2065529107695], [128.59603033033403, 38.20025478994423], [128.61517161633435, 38.18082808639012], [128.60750690473833, 38.17290960338209], [128.61307528639017, 38.145240674177735], [128.66718648493816, 38.091964623009495], [128.68652231993792, 38.055957597310965], [128.7369432637312, 38.02245265690463], [128.73419519153992, 38.00756987186197], [128.7649054351721, 37.98030241339805], [128.76025676344543, 37.97668375740025], [128.77022564533354, 37.95838202346138], [128.79053269530488, 37.945136973120164], [128.79909228385694, 37.926591117305115], [128.83044419856182, 37.90649168861942], [128.83053066065253, 37.88392734538404], [128.87577337739071, 37.841458215221216], [128.87927953308767, 37.8296629004923], [128.9886860146658, 37.742942697663814], [129.01438978053824, 37.707580808282735], [129.05652964348099, 37.67577397572384], [129.05717647374, 37.658848231207934], [129.04550600314738, 37.63666620531786], [129.06456266550188, 37.62303495987711], [129.05403882295846, 37.62565611806126], [129.07304244877784, 37.60606739987551], [129.11584037799142, 37.57935964247126], [129.1221523300926, 37.55782219729343], [129.11791013106975, 37.545126309758466], [129.11224187758464, 37.54935043700224], [129.11298813380327, 37.539331783373626], [129.12434174162888, 37.51732009424952], [129.1482491917988, 37.498118577747], [129.13564071156713, 37.5039667356423], [129.1261272548152, 37.487377533918796], [129.1449321905896, 37.49664802241154], [129.14218223757655, 37.49216539489303], [129.19005525007074, 37.45176529196633], [129.1874285512301, 37.43751833634933], [129.20092262832418, 37.412890344639806], [129.26045905259005, 37.38056720345921], [129.2512172674395, 37.36345303415591], [129.26692621506396, 37.34220979223135], [129.26913073895588, 37.32349544530217], [129.29921500467125, 37.310343448546035], [129.30198683833538, 37.29219151831486], [129.32179410616493, 37.28863980723223], [129.32986246961332, 37.2782276072196], [129.3274396124192, 37.264313148319495], [129.35675825301627, 37.235695883980135], [129.34130928135406, 37.225639164393186], [129.34789984547734, 37.20952650262144], [129.33970625952418, 37.19415992254957], [129.34601533138388, 37.16900762565661], [129.36409557005865, 37.14636173194536], [129.32453917058083, 37.14165389937067], [129.2981865549781, 37.12453925551198], [129.29446077148563, 37.11440569236826], [129.2719591461422, 37.11699329362208], [129.26610403806254, 37.102347839694275], [129.225583726297, 37.07340308868119], [129.23805700433275, 37.03881590277032], [129.22508862838313, 37.04453678695889], [129.18648749398133, 37.04160690069928], [129.1664423629934, 37.069469295150554], [129.09579552619093, 37.10046144957338], [129.07293633650812, 37.09087635177605], [129.05807070942703, 37.06457356685086], [128.9931022536669, 37.08455588349404], [128.95977984371493, 37.0775047746843], [128.9437929295322, 37.09524585065534], [128.92232373513392, 37.092068947953905], [128.8961095464069, 37.05566382003276], [128.89616512309843, 37.04489763183642], [128.87832340816826, 37.053583150223126], [128.87273499605203, 37.044589062506674], [128.84779942716307, 37.05153752426176], [128.8322222080079, 37.075770838466646], [128.80858959247206, 37.077534548864755], [128.7797776125945, 37.09231690821382], [128.76501273390153, 37.06399449868631], [128.7570678655234, 37.070055077279484], [128.75200187512672, 37.05639809489345], [128.7620887538917, 37.03669316489031], [128.75136503760837, 37.028322557045676], [128.73427661295082, 37.040280681558514], [128.7004335047696, 37.041059455838365], [128.68926702874134, 37.053034126107356], [128.62830311608957, 37.07497994167575], [128.62323066020852, 37.08714685019459], [128.60631651756822, 37.076579233950106], [128.5621251807379, 37.09036183746246], [128.55082321265255, 37.08582326802321], [128.52225149597373, 37.103373607496685], [128.51200992368626, 37.09611514989634], [128.51239213003734, 37.11370165031622], [128.4901473320019, 37.12285317507805], [128.48033164165906, 37.11155383266209], [128.43523550915762, 37.111270145283356], [128.4248171907511, 37.102386486417124], [128.4185789810058, 37.11979724007276], [128.3959187340868, 37.12869436955878], [128.40263238431896, 37.14243335729694], [128.38437070368178, 37.15818443043261], [128.35946294338964, 37.14995615950804], [128.3369834617735, 37.157872607906285], [128.2964592270103, 37.13398381127486], [128.26469476699523, 37.1605103406266], [128.27628573333595, 37.172047211556226], [128.29818180770812, 37.17229818906015], [128.2958663751342, 37.18302941337514], [128.3274418330197, 37.19875351086023], [128.33050428505544, 37.21653824234493], [128.3155517230305, 37.223464059503115], [128.26838573947512, 37.20806855114448], [128.25120142737038, 37.22921156270825], [128.22869895343004, 37.22784428130585], [128.20793564006578, 37.24892024179378], [128.17418234504024, 37.23252663191946], [128.17310031794472, 37.21878191517749], [128.16417240616437, 37.21328177386784], [128.12681726033955, 37.23471360853307], [128.1252160780327, 37.22114342384244], [128.10506756668843, 37.20378737101279], [128.03969660430909, 37.1887972688616], [128.02978427931714, 37.20249592555384], [128.0392767285311, 37.21555250166268], [128.02131422686492, 37.23230892960554], [128.0190381738289, 37.244398646077755], [127.97903373624533, 37.25849491784438], [127.9480865806305, 37.24693557399911], [127.92137723652493, 37.22591400092519], [127.93655285426105, 37.18880810945746], [127.92622233592917, 37.16517766895825], [127.90845366704517, 37.16721487993284], [127.8993754324145, 37.15005306962391], [127.87073510127638, 37.16439244982656], [127.86108669115339, 37.155423214174114], [127.85354541092221, 37.16101112911834], [127.84959993291369, 37.153376853427034], [127.818374575346, 37.147715882971355]]]}}, {"id": "1", "type": "Feature", "properties": {"name": "\uacbd\uae30", "full": "\uacbd\uae30\ub3c4", "region": "KR"}, "geometry": {"type": "MultiPolygon", "coordinates": [[[[126.74250781505364, 37.15446773619981], [126.71922410094474, 37.1319959060495], [126.70639413653441, 37.1310397293468], [126.70483854238078, 37.12313726609777], [126.68612820151787, 37.111924478183454], [126.67791071028734, 37.115030678049244], [126.68449983501378, 37.11958758561498], [126.67350912136128, 37.137992378365354], [126.69449976326752, 37.152364289403366], [126.68416720837706, 37.15967829550447], [126.68925710725122, 37.16784379521868], [126.65066220022611, 37.15362215799985], [126.660651472889, 37.162111207093055], [126.65327584219717, 37.18091812300953], [126.66085991044551, 37.178026803841114], [126.66973322744118, 37.18914366056102], [126.64927288077065, 37.18376031355219], [126.6516223041361, 37.19164627310786], [126.69192718504459, 37.203141383358094], [126.69915882466074, 37.21373796030375], [126.67271992902896, 37.20002399194841], [126.66610524711933, 37.2167445378141], [126.6773847055116, 37.2235950644411], [126.66452886583822, 37.23678580849319], [126.6555734658693, 37.234755050655714], [126.64808034245569, 37.24901074918441], [126.65057204583694, 37.254175480875816], [126.66993930158999, 37.24284846148202], [126.6769062597962, 37.26073201504122], [126.6891728460628, 37.26286279101178], [126.72546087868156, 37.258576316415294], [126.73403087558412, 37.250349498974465], [126.75700779335006, 37.25504789974963], [126.77517898923875, 37.2479314268819], [126.77761226228922, 37.23790476202944], [126.78173731882099, 37.234390867755934], [126.78641070349616, 37.232984768457015], [126.77806327506215, 37.245949095728285], [126.78936229592827, 37.24437467419779], [126.79011038211964, 37.26732166578365], [126.81047397844644, 37.267186257318635], [126.79919610324154, 37.27900373051409], [126.80464424555693, 37.29318333865403], [126.81932277117858, 37.29053188222067], [126.82806391360921, 37.27707838640384], [126.8356138785131, 37.27657461862234], [126.83948461097215, 37.26955183631312], [126.84143009886574, 37.26765033152248], [126.84646891260701, 37.26587384936587], [126.81632012185375, 37.29800573092626], [126.7725842234774, 37.2894050217247], [126.67715988175435, 37.32009390247851], [126.67106449501567, 37.32988698791891], [126.69148874590753, 37.335934017112244], [126.68844729679088, 37.348859970538136], [126.70319662752708, 37.35126841959407], [126.73060159369993, 37.386197650827704], [126.74258944196124, 37.38263586188136], [126.74497527292839, 37.388535009039195], [126.73372442755132, 37.38824965349802], [126.73654154837307, 37.39542661589188], [126.750575879332, 37.40760623569069], [126.75369009495193, 37.42253943913569], [126.77060922595655, 37.42955418645064], [126.77816749406487, 37.47180699542626], [126.7426005760681, 37.48664671488252], [126.74163400667263, 37.49510062224511], [126.74551087794198, 37.5146489213826], [126.76019208815293, 37.51587172754705], [126.76771074661768, 37.55418855255472], [126.79440080024341, 37.5358308630404], [126.80284918268174, 37.54308164775801], [126.82214710748974, 37.54067925643015], [126.82846062923139, 37.52670278937289], [126.82159414369191, 37.502061252630334], [126.81266872402362, 37.49662859635275], [126.82333329535585, 37.48821757534788], [126.81475306932268, 37.47466778953366], [126.84532782726085, 37.47380367762621], [126.84648396021252, 37.48170481737114], [126.86890824425872, 37.495100292797325], [126.90446939432324, 37.43405783101786], [126.92874943387082, 37.45019265142709], [126.9394335673368, 37.43596282066896], [126.9622666823791, 37.44065572688515], [127.00342193700581, 37.467259348791046], [127.01106032839904, 37.45538864973786], [127.03314241413148, 37.46502340254529], [127.03586426708745, 37.43915589962556], [127.06567425909925, 37.42901070369192], [127.07192009476742, 37.44208510168512], [127.08798962369333, 37.445061519871594], [127.0963176312864, 37.46143202137049], [127.11674713187564, 37.45859429669539], [127.15763863747891, 37.48914280054281], [127.1613782187471, 37.50025065997565], [127.14113544171697, 37.50545395934769], [127.14113212588735, 37.51564465122406], [127.16319304745531, 37.54501868568689], [127.18355190345548, 37.54582646715933], [127.17766725925382, 37.58083494134746], [127.1011460799232, 37.56002336317411], [127.09975048588927, 37.58305151357613], [127.11782383634053, 37.59400532907511], [127.11837502985998, 37.60737632861361], [127.11567458701147, 37.61929460112488], [127.10350738000311, 37.62290365585501], [127.11115471503085, 37.642411591637234], [127.08603443399842, 37.65591267225598], [127.09396031613478, 37.66257066784949], [127.09579195526719, 37.68886098597054], [127.07734112258754, 37.69638438035926], [127.05077658612298, 37.687021624314454], [127.04911961679898, 37.69352177983605], [127.0324683384129, 37.69171225536733], [127.01956770660941, 37.70107989967062], [127.00920815695329, 37.69523493142526], [127.00862503813086, 37.684869471420576], [126.99173632766428, 37.67946543249625], [126.9941556158441, 37.66627693413485], [126.97944805866928, 37.6558273383455], [126.98636747030174, 37.6406509135974], [126.97507466788086, 37.63138628651299], [126.94730531549875, 37.6589315442636], [126.92126892195863, 37.6455576652439], [126.90527090887042, 37.648914873430456], [126.91246668819639, 37.64168518354049], [126.89984123859193, 37.589866904828185], [126.88482247645315, 37.59339156125308], [126.87707656896659, 37.57890294324922], [126.8509394260532, 37.57561931537229], [126.80221964838393, 37.60466072550323], [126.79367364183499, 37.5816045499506], [126.76731222973504, 37.58802599503989], [126.75181644136558, 37.57957178878135], [126.74362412306513, 37.593349709658874], [126.72512592212895, 37.59200096855635], [126.71199392181632, 37.6047861523375], [126.70450659500229, 37.602648840231886], [126.70528291910733, 37.611537766886805], [126.68007370953424, 37.629639653741584], [126.65246336274842, 37.63957683199508], [126.62339794803326, 37.60279721049733], [126.6124630778915, 37.605430433709564], [126.56574983556453, 37.586077393531376], [126.5495556340581, 37.62708539747723], [126.52895643551031, 37.65297442703012], [126.53575523183068, 37.665022501914315], [126.52347010714637, 37.67443157037183], [126.52728142525596, 37.70314165222603], [126.51851491911813, 37.71272805239405], [126.52784499463343, 37.74839763972849], [126.51456397746584, 37.76694862256429], [126.53632848164834, 37.771898719135436], [126.55884169824543, 37.76756407620732], [126.56889148554059, 37.75508772746502], [126.60946784603637, 37.75290923374996], [126.63894280940086, 37.778433401997354], [126.66700405635578, 37.784517209504884], [126.66215954716547, 37.790153041762885], [126.67396347842937, 37.83104831110479], [126.6593486087684, 37.84024172336886], [126.67959991189171, 37.84596912604805], [126.69217981196105, 37.8684284346493], [126.6726135836675, 37.8700635626356], [126.67207002380697, 37.87798992215552], [126.68206490493233, 37.87972161687798], [126.67016155406543, 37.887963884173], [126.68457139335679, 37.91259745647213], [126.66591943241107, 37.9183419637394], [126.67038387779681, 37.95569988264043], [126.71841121147534, 37.935961816176594], [126.7246364534084, 37.94767781867121], [126.73451482456368, 37.94420172855582], [126.74460154636347, 37.95188385274235], [126.73657656452403, 37.965817613226186], [126.7521604748128, 37.98165172862921], [126.76312039830825, 37.98505449098584], [126.77280171410196, 37.978352931312685], [126.79640135844062, 37.9936942254796], [126.83021258349616, 37.99365843825239], [126.82306889291804, 38.01132757673144], [126.835079154879, 38.018169168718735], [126.8318382035395, 38.03374841982075], [126.85322551975085, 38.031657682487555], [126.87254005350819, 38.01856307572189], [126.88149063426305, 38.02818438135041], [126.89411583040166, 38.07348598529843], [126.86694940752719, 38.080318587976784], [126.85025193556596, 38.09494507570746], [126.83602973085182, 38.08835625489202], [126.84639594867778, 38.07291597648982], [126.83676013815445, 38.08252466473794], [126.8232950378866, 38.07844854953421], [126.81912470063494, 38.08898950269931], [126.78172746533659, 38.08370404457532], [126.7845359856545, 38.099871737124715], [126.74791496944646, 38.12064677839646], [126.76978939492666, 38.15474955893102], [126.82578625833756, 38.19820907808756], [126.87296943934071, 38.22307678822598], [126.89533413386982, 38.20452708423568], [126.92907569025354, 38.20029106978578], [126.92885060088001, 38.207448235647895], [126.95160223180622, 38.21119325547226], [126.96210175541457, 38.20459399863468], [126.95403479119251, 38.19797533794771], [126.95973089142358, 38.188485655799965], [126.98395440650188, 38.21091296156355], [126.9758562130525, 38.23454269917186], [126.99237009371481, 38.23689205422395], [126.99788757270991, 38.23047419157243], [126.99736809953828, 38.24172508804528], [127.10928347342096, 38.29203792732757], [127.11300460083339, 38.23758900900872], [127.13053837374306, 38.23255916673148], [127.14894810204356, 38.24268329462632], [127.15836147058523, 38.23890408420614], [127.15943519693135, 38.21907095983377], [127.17218923091937, 38.21042417980581], [127.16624776540056, 38.198076550459305], [127.17937718266585, 38.18465332788373], [127.19039965472298, 38.188855032483886], [127.18958644244736, 38.161377447409784], [127.21888764407174, 38.139235662872295], [127.2558625396282, 38.16396488463498], [127.26612291341654, 38.18049761583458], [127.28312036060532, 38.18288315818567], [127.29728322501164, 38.174783735378924], [127.28724549207193, 38.16870762279289], [127.27674056363806, 38.12544775831842], [127.28559258924037, 38.115109338759886], [127.30722515075739, 38.11935610178101], [127.32119209688913, 38.09522494022175], [127.33739004471947, 38.08981567229382], [127.33894456733105, 38.101363792295444], [127.37808920579823, 38.117737044715966], [127.40300890366571, 38.11319490421889], [127.41205771107037, 38.10272263498851], [127.43075855914854, 38.11527231855821], [127.44390781937123, 38.099366686569496], [127.44370936180995, 38.05901290936213], [127.4613934752372, 38.0128987776764], [127.50141198893405, 37.99955782583657], [127.53974106686961, 38.00118093678474], [127.54432614845655, 37.96812054696053], [127.6013943261933, 37.95605150446106], [127.61376096988457, 37.93938624574545], [127.6177219225482, 37.90652754400169], [127.60586492146614, 37.876692939730845], [127.57640809185017, 37.87282506943788], [127.52505786124141, 37.83054436010836], [127.53716005058227, 37.81237165797362], [127.52166994910455, 37.79103486087499], [127.54447687307149, 37.759938344063855], [127.50990464729156, 37.7348611749848], [127.50730672950328, 37.71967268330843], [127.52538466245736, 37.726900554136215], [127.5408031201987, 37.719090623597396], [127.5573494309758, 37.72898806510706], [127.5623995185372, 37.72103863909467], [127.5501480820476, 37.68546328164025], [127.5528071283113, 37.66154695114282], [127.5356753829321, 37.65035030531343], [127.53701864951356, 37.6430018516369], [127.55898162627281, 37.628449266439425], [127.60721939494087, 37.651034674990285], [127.64687601772756, 37.632920398884764], [127.65241433607176, 37.622668890803986], [127.66367952344596, 37.62401590695102], [127.70812498323647, 37.58640159279938], [127.75349455431747, 37.591875449917666], [127.7859648676146, 37.57855329601982], [127.79335467528895, 37.58540985695072], [127.8129040883365, 37.56464099341878], [127.8494476999771, 37.55321122766271], [127.84239865804936, 37.5390232152675], [127.80950489899251, 37.53673678902226], [127.78398733639956, 37.51218764966601], [127.75936248977963, 37.503656793329405], [127.76033484886128, 37.492341617188025], [127.77447646288414, 37.49164675779633], [127.79968239272492, 37.472187918793665], [127.80396486269053, 37.42908179622432], [127.7946084606242, 37.424248778814025], [127.77779778784806, 37.37119533935394], [127.75948478241624, 37.36704394037488], [127.7685700680754, 37.307830488708625], [127.75476517652099, 37.29769229064109], [127.75830778668016, 37.25802651137657], [127.74764581415566, 37.24347482162601], [127.75074623145346, 37.221639235221254], [127.73539363449028, 37.20803285209406], [127.72650165537672, 37.18267634359324], [127.71097267426265, 37.17641790243345], [127.6877734483249, 37.13521534528794], [127.62876285826114, 37.15379586087151], [127.63782241041253, 37.14117793354999], [127.63478497244583, 37.10193535249379], [127.6008882327837, 37.08553423985253], [127.60419794249312, 37.068529349751465], [127.57621599529006, 37.07395339572637], [127.56512757988737, 37.06027051441796], [127.56813462783742, 37.047700808189184], [127.55998349396769, 37.04296203542277], [127.51826138285922, 37.05839707437722], [127.50465342204298, 37.047959683522855], [127.46803673152135, 37.0529979060048], [127.45718839274465, 37.04223171601322], [127.4580072963241, 37.02058384586881], [127.44670427543596, 37.01103156441478], [127.3925362280613, 36.996497463305275], [127.38491569480533, 36.98365776616833], [127.40185704887993, 36.96774918631386], [127.39807313569891, 36.96431785211769], [127.3875945076214, 36.96406537721189], [127.37549500023763, 36.94818434728433], [127.3497353751849, 36.952567164720065], [127.32702955185152, 36.93578267684558], [127.29566485063054, 36.92889073046906], [127.30407765078967, 36.91514051678885], [127.28855840198274, 36.89353353381547], [127.25312045378018, 36.92226411422914], [127.2440184977727, 36.91740455051251], [127.21073389210042, 36.93040699347654], [127.20189088793852, 36.952114776584835], [127.14430057523515, 36.97151191417936], [127.13173913071384, 36.96502480994814], [127.11105721736192, 36.97088314859412], [127.09646290430723, 36.959544494134576], [127.10180163612506, 36.9538285946172], [127.09470535984542, 36.94184262667285], [127.08612266904618, 36.94780505466422], [127.03173369240481, 36.92833964863846], [126.99540570788413, 36.93551723595457], [126.90895914884426, 36.904910270218934], [126.90062202897494, 36.930561992973416], [126.8642241350312, 36.93269128250594], [126.86240575861946, 36.94884651980673], [126.84988083339762, 36.94537231445373], [126.82562238098718, 36.99520105379399], [126.79020804586875, 36.99411680571008], [126.77751112452437, 37.00194785320772], [126.7976030712369, 37.008034836903725], [126.79456292376928, 37.02579170938629], [126.75100563879833, 37.02925100714912], [126.74475198869676, 37.03631903537446], [126.74836738352101, 37.04903504438102], [126.77018183857409, 37.06384627030056], [126.76133843339355, 37.068078872105126], [126.77033019223637, 37.101479932953154], [126.75980985231188, 37.117117214188724], [126.77609971580459, 37.13229927059282], [126.79492655193656, 37.129014530317896], [126.81538986617129, 37.1427491459748], [126.80045031527422, 37.15343253303656], [126.78124671206703, 37.152030935126106], [126.79760292295896, 37.162448850715606], [126.79200481334499, 37.17314556348512], [126.7955674164637, 37.17971432291861], [126.79710503013769, 37.1888808779548], [126.77797610534402, 37.16467678538359], [126.74923342867628, 37.1668823571325], [126.74250781505364, 37.15446773619981]], [[126.78923264561244, 37.340243527373346], [126.79077367344847, 37.339250446667855], [126.79084193682777, 37.33920645606016], [126.78923264561244, 37.340243527373346]], [[127.10360484705534, 37.189873534051024], [127.10323609730096, 37.18960855491049], [127.1040089028325, 37.19016387939212], [127.10360484705534, 37.189873534051024]], [[127.1893503497998, 37.591837516778796], [127.19123507663134, 37.591709945793525], [127.18533102329896, 37.59172147419011], [127.1893503497998, 37.591837516778796]], [[127.15650515898099, 37.59595510381932], [127.15657640703334, 37.59593345707192], [127.15598527026489, 37.5961552662086], [127.15650515898099, 37.59595510381932]]], [[[126.5821914288172, 37.28854709114019], [126.56925247055692, 37.27205466565069], [126.58306107556153, 37.27393359383353], [126.59068332783067, 37.26412127951296], [126.61634171488437, 37.25898282620652], [126.61455536042179, 37.25046391470135], [126.62641846193358, 37.244075625229144], [126.62259240989506, 37.23664372979831], [126.65072716857055, 37.22502710917233], [126.64762269545768, 37.20885229525414], [126.65433898750862, 37.21070855032978], [126.64665882935388, 37.205713811062104], [126.64754700160906, 37.19289011025014], [126.64059321270992, 37.197931688123354], [126.64683201625407, 37.2107663070774], [126.62921027858582, 37.217995598504125], [126.6218002501429, 37.23612281007232], [126.61928485501237, 37.22931793248218], [126.61121023997585, 37.2337610915651], [126.59950776548222, 37.22690446103702], [126.614322589641, 37.20729284632789], [126.59814106939325, 37.21110645147007], [126.60316815590244, 37.21627568049322], [126.60146663978293, 37.22087443625803], [126.59071421202508, 37.21327715483047], [126.57656618511021, 37.220560745856], [126.56178247367858, 37.193297786960485], [126.54939477270106, 37.20488090215695], [126.53498361102338, 37.198108825947706], [126.5470988242734, 37.215674490822714], [126.54037511992836, 37.2289266560311], [126.56676236614577, 37.23717224834126], [126.55479938192404, 37.271084993269795], [126.53294423678892, 37.28914532864101], [126.56039730625417, 37.2775427733996], [126.57709873249128, 37.29093500390413], [126.57080768596458, 37.29818964499631], [126.64524838377646, 37.32446562061783], [126.5792314324549, 37.29323693870516], [126.58615221887348, 37.293004541417965], [126.5821914288172, 37.28854709114019]]]]}}, {"id": "2", "type": "Feature", "properties": {"name": "\uacbd\ub0a8", "full": "\uacbd\uc0c1\ub0a8\ub3c4", "region": "KR"}, "geometry": {"type": "MultiPolygon", "coordinates": [[[[127.9034145955569, 34.762260120768126], [127.91338627601326, 34.739719445884226], [127.90601760563236, 34.727194224463055], [127.8915806716506, 34.72134266589679], [127.85684412717147, 34.72751401378635], [127.86177439645105, 34.731801700272676], [127.85085891635141, 34.737719412850566], [127.85286817514172, 34.74719093119119], [127.83618446278147, 34.75030262786725], [127.84346841708658, 34.763131595947904], [127.84053707735974, 34.767474213282846], [127.8520321107098, 34.769263604219574], [127.80650165584802, 34.85737591772332], [127.82962883892465, 34.880363994485826], [127.82427039517174, 34.88398486009058], [127.83308186850128, 34.89230142347569], [127.82398224094058, 34.89411000233844], [127.83097301734605, 34.89546634225281], [127.82558057679974, 34.90331235060566], [127.86205064167966, 34.90144572677052], [127.8498856037915, 34.91408827836144], [127.85890961287306, 34.921561721936385], [127.8570508640378, 34.933670628632875], [127.89089356829217, 34.94712988351269], [127.92563834485738, 34.940531624205676], [127.92090698696805, 34.93355130824354], [127.93067468532676, 34.924829907975784], [127.92406202094104, 34.92647082431842], [127.94028033882917, 34.91172871111717], [127.93028224776597, 34.91460039207887], [127.92605994479358, 34.89080576113284], [127.90266537711652, 34.884557582122696], [127.89787430053005, 34.87489634431329], [127.91738590574363, 34.83551478950387], [127.94450016321252, 34.82914039957215], [127.94427152775056, 34.80974356944404], [127.96579430776606, 34.8087002702423], [127.95840620686499, 34.81361349811916], [127.99199773666625, 34.833387017325805], [128.03005373643146, 34.83476676185805], [128.06668869931985, 34.818180771485586], [128.0651209743919, 34.80047584376343], [128.05238279488478, 34.79976749787181], [128.05905080281062, 34.79431706092813], [128.04891499071937, 34.780925697724605], [128.05696123198402, 34.74540987503642], [128.0355654088145, 34.72955964551241], [128.0455558211417, 34.713630012489865], [128.05357846792955, 34.71514928598289], [128.059915732566, 34.71007480394627], [128.04466785687757, 34.7024215190133], [128.03132196755473, 34.70809528658599], [128.01939739581323, 34.701567757970274], [128.0258155103351, 34.71894552227112], [128.0139587306128, 34.723968706140376], [128.00790801759982, 34.710966011482014], [127.98893038946021, 34.72020115264959], [127.98460356923584, 34.709117070115724], [127.95626323750437, 34.70945794924904], [127.94380260993678, 34.747026682990956], [127.94989263796079, 34.7769807005147], [127.92902319141734, 34.77585395255798], [127.9034145955569, 34.762260120768126]]], [[[127.83458943017686, 34.94908882408675], [127.80988902120976, 34.94805584327345], [127.81777026026332, 34.940904428669505], [127.80968514996157, 34.93837950561861], [127.78081669740331, 34.9443974469347], [127.76508653646373, 34.97278837402891], [127.78010588772723, 34.988365799668614], [127.78728639913857, 35.01624595640312], [127.76946826469988, 35.03402668788401], [127.76781645862742, 35.052704658535646], [127.74220570999717, 35.06027979246134], [127.73746651769069, 35.07808482798001], [127.71824660338523, 35.081970356249386], [127.69460008329773, 35.10308139249992], [127.6939979829801, 35.13178008191846], [127.64530121770899, 35.16130369715633], [127.6213662541375, 35.18851362765889], [127.61493551926904, 35.25027498118866], [127.5907104473387, 35.275374450243646], [127.57610675034829, 35.30636172956251], [127.62041644185827, 35.332326954469835], [127.62286233227857, 35.343948600020134], [127.61033510143389, 35.36629590222102], [127.62239577903036, 35.37320209954012], [127.63542009083224, 35.39981938348405], [127.6619777290484, 35.41665602035825], [127.67285617769511, 35.44335323365176], [127.64507321943923, 35.449510140557116], [127.63692507547805, 35.45931636106767], [127.63676995283858, 35.47846410386955], [127.65272223866066, 35.48566975931955], [127.65083539231424, 35.497632191004946], [127.62449741047149, 35.527329254455715], [127.628721900901, 35.53575192823703], [127.611933742488, 35.53569106184523], [127.58540555531327, 35.55458610896887], [127.58740875790158, 35.56516398969981], [127.61058764364043, 35.58486175063386], [127.61299543324701, 35.60868631692435], [127.635467698344, 35.618472047016816], [127.62024844455637, 35.646263392281874], [127.64026063415648, 35.67231036746198], [127.64504657345272, 35.69765553374916], [127.6607739402095, 35.709747912943065], [127.66413715845891, 35.76701260459386], [127.67903345117071, 35.7692696630321], [127.71927684786868, 35.797061273464216], [127.74441211644022, 35.84433495971195], [127.77215313674503, 35.838930187875775], [127.80387288273934, 35.85717759500797], [127.81273322902096, 35.85282880303443], [127.82533118854704, 35.86843428675152], [127.84168927255335, 35.86712652051737], [127.85987596047538, 35.90664618017139], [127.88760998455497, 35.91457892082827], [127.8830552915889, 35.89928595246679], [127.89329747265673, 35.88658939195073], [127.92024655770084, 35.89285544914681], [127.93317387467326, 35.86420384300959], [127.92614528870905, 35.85538569325506], [127.95083475957343, 35.86125421686659], [127.97326751851872, 35.85081186626425], [127.98181448679908, 35.858904453839955], [128.01105855421557, 35.82908441636925], [128.03099754480414, 35.83575292545515], [128.05083941880497, 35.82926045886636], [128.0704082429594, 35.84068741044189], [128.12526630786155, 35.82276128239286], [128.12168721624772, 35.803567397675465], [128.12880550773588, 35.7893746119665], [128.15783736989619, 35.78377301024596], [128.1638479845274, 35.76331097812862], [128.18925972120735, 35.752343204036094], [128.20156879265045, 35.72280853689266], [128.20328533878302, 35.685711347396044], [128.16398400178025, 35.67289386252991], [128.16138327563905, 35.65374368464288], [128.18429771698797, 35.658453678468334], [128.2010951906981, 35.64375612496794], [128.22966585380553, 35.63945012012952], [128.24361500867846, 35.65565874134917], [128.26110099567913, 35.64268892434193], [128.2972625282959, 35.65618736003463], [128.32371132393902, 35.646019157565526], [128.34916806256285, 35.646445691236345], [128.36305100451662, 35.628575198025636], [128.36234678654395, 35.61189343129063], [128.38166853351368, 35.60676578577469], [128.4319104715499, 35.62357948777567], [128.44650323831416, 35.63837420970652], [128.5056674993627, 35.63926559956375], [128.50752608968432, 35.67330617555831], [128.52641436462469, 35.68237968937188], [128.53831308667787, 35.65504270662898], [128.536502908741, 35.62365366519475], [128.5563434684491, 35.61662689742655], [128.5596854389683, 35.60325394801163], [128.58481839115916, 35.58619819630019], [128.6068487191421, 35.58042434941135], [128.63598939508694, 35.58408755387303], [128.6553314528208, 35.59800037094817], [128.688760232173, 35.59508342904905], [128.70326846285028, 35.5785263222399], [128.72404930762298, 35.58097481428045], [128.78563580536388, 35.565839055478364], [128.80119316442435, 35.58820371612298], [128.8261865442752, 35.596697315823306], [128.84301208735312, 35.58908400857373], [128.85170568443482, 35.594603608051784], [128.87110105070698, 35.61817579525252], [128.87472291074045, 35.63490343078154], [128.89820487158454, 35.631820020538484], [128.92309693656205, 35.64684962623177], [128.92415381560974, 35.63693775796644], [128.97911827006607, 35.608308169438125], [129.0033462950447, 35.6201417657111], [129.02183671094232, 35.61400471633768], [129.02018044416465, 35.58497382421155], [128.9709031054137, 35.56063916012274], [128.98064160312583, 35.54602450383303], [128.99761869874197, 35.542198741776005], [128.99449906539172, 35.528989458283654], [129.05910995180588, 35.51613404917777], [129.10400944464172, 35.49728258980415], [129.109496068162, 35.479837965458444], [129.14297415789693, 35.4459106762959], [129.16579930000495, 35.43204573442981], [129.19648536752186, 35.43942887386092], [129.20201989529093, 35.421604216249705], [129.21992337507757, 35.40901228289672], [129.1945080609123, 35.38374859783469], [129.19937257235028, 35.3756227630269], [129.1934933266998, 35.36091029052075], [129.17543110610936, 35.35137119215019], [129.13140274084756, 35.36564764885073], [129.1345724702276, 35.35141106740709], [129.11042351016636, 35.305969197083336], [129.08910874001845, 35.30314234784233], [129.0731730478537, 35.289942041962505], [129.06013398666815, 35.295554175602426], [129.03923404218543, 35.27588522443608], [129.01281372559808, 35.27345078877963], [128.99760664208236, 35.23438729442228], [128.8841424777816, 35.21367929321098], [128.87038897776137, 35.20171224662657], [128.8815648181799, 35.18293809868363], [128.88019930669716, 35.17203049299251], [128.8723536579352, 35.172274289032615], [128.87925755731314, 35.16199323006961], [128.87579125486937, 35.15230881072213], [128.86368996789872, 35.16743410801996], [128.82801308053266, 35.155757937371526], [128.79402273725665, 35.15793864075243], [128.81544724023152, 35.13256227459942], [128.83356802159656, 35.12918910076184], [128.84279181825804, 35.11337515394184], [128.83665582079811, 35.10198775330213], [128.82276319531059, 35.09881611338609], [128.83247305545595, 35.08631315072761], [128.78536484885737, 35.07947681690413], [128.78184130122946, 35.08611631604208], [128.80246245146822, 35.098626030595916], [128.7883342565341, 35.09795559096863], [128.7846516219046, 35.11379383989047], [128.77306099422483, 35.098927721740715], [128.7629652771764, 35.10512842878398], [128.76572018758284, 35.09796350295636], [128.78438935228598, 35.09667157313047], [128.78001986414893, 35.081746393466304], [128.76504043622137, 35.08285550713139], [128.76637406466173, 35.067457034037446], [128.75154925274012, 35.082149022128625], [128.74172242760451, 35.077958890275276], [128.7352878892636, 35.0886575008074], [128.7435539587573, 35.09981293197696], [128.7285695797734, 35.08995796471496], [128.72446180716682, 35.09751803400331], [128.71425342610982, 35.09518265067478], [128.71348391303712, 35.10671906373626], [128.6956330205002, 35.097036679344875], [128.6889161716355, 35.101143192439466], [128.68569686094116, 35.10703355871231], [128.70050599588814, 35.11581943520018], [128.690498960466, 35.146645449509265], [128.67082749614408, 35.14247637423138], [128.67794638644685, 35.12513680070477], [128.6671034092836, 35.11850396730097], [128.65900308569718, 35.13624918445091], [128.64363335062225, 35.14060809157325], [128.6470843817322, 35.15038367909093], [128.62539594194118, 35.14740332057922], [128.62188461558662, 35.13649219219288], [128.60679659727174, 35.13722909000745], [128.61384810809173, 35.144932993594374], [128.6109423425838, 35.163272552997874], [128.60484059464375, 35.16051095885853], [128.59303215649425, 35.17333787516776], [128.5892315177183, 35.199629401457415], [128.62011892768183, 35.21199009095682], [128.60952950699863, 35.21320832242382], [128.58649651635193, 35.20958014181966], [128.5647637137189, 35.18452754683502], [128.59166397027752, 35.15792952264271], [128.58556428451607, 35.146439016756354], [128.5975849669247, 35.14222929120038], [128.5873565372309, 35.13027712766167], [128.58022053363902, 35.138022328050745], [128.5746689476873, 35.1332676247219], [128.5876386152444, 35.12948091078907], [128.60097364177287, 35.133359539555606], [128.6007957733236, 35.12426411061513], [128.5917658344515, 35.12080348640264], [128.6006775270313, 35.119697312750205], [128.60307147488422, 35.10414820419738], [128.62543309843062, 35.08758617541991], [128.60670752306163, 35.07543167105634], [128.6367472650815, 35.067742473664126], [128.5744032300071, 35.051790986056965], [128.5934210776059, 35.06874147614776], [128.56218428574988, 35.066948110053346], [128.56420059076177, 35.072813932753526], [128.56152794427337, 35.083311048083175], [128.58095173441635, 35.08924836341655], [128.5450624597033, 35.09246590528876], [128.54097836191218, 35.10153438219258], [128.54737462827788, 35.10708747630344], [128.53586347103973, 35.10753984029258], [128.5367586301136, 35.118706008982095], [128.51868111552417, 35.096895900047336], [128.489754771218, 35.1068038630378], [128.4711399237951, 35.09707776486979], [128.4511151970636, 35.105646504901614], [128.44863719173904, 35.09607173392853], [128.47822608151543, 35.077092585193995], [128.46932185476874, 35.08181580474307], [128.46159438834536, 35.071506426177386], [128.45316392040746, 35.07385280242217], [128.43983688069343, 35.07165172118261], [128.4280950083275, 35.05511114900712], [128.41207640622463, 35.06181098798932], [128.38310039118107, 35.04587979199394], [128.37344340754154, 35.049637472318295], [128.38226448395937, 35.035335288765964], [128.36946333304633, 35.03122632120181], [128.37404529915224, 35.021710432707486], [128.3549901795744, 35.009644456923205], [128.3886194929142, 35.01716533883747], [128.38916845878302, 35.035074336107606], [128.3991993738819, 35.040710276065894], [128.4503582249889, 35.051832858611924], [128.44197966436832, 35.060219321591234], [128.44517656167446, 35.06817764559791], [128.46148773098193, 35.064810264979265], [128.46917097839815, 35.07608416614314], [128.48202415624365, 35.066081269613555], [128.47541291097158, 35.05539656504088], [128.48243010883309, 35.05292536957567], [128.47942396576403, 35.04679013753152], [128.45957208161968, 35.04755906153675], [128.47383378075097, 35.0355575297879], [128.47483205130365, 35.04188959109127], [128.48635412152, 35.03864311748661], [128.4823877375181, 35.02829672045287], [128.50344912768472, 35.01743820252346], [128.49212933824145, 35.00504864087117], [128.4842869114482, 35.010835715108456], [128.47856132413395, 34.992592161048414], [128.4655419906433, 34.99717764372324], [128.46327817336336, 34.98736553842678], [128.4078014587848, 34.99382928837667], [128.40820550702168, 34.98285288881747], [128.43437940829682, 34.9850686975687], [128.4437805980149, 34.977740800036514], [128.42613293421195, 34.9417830335911], [128.43672578870917, 34.931753968664324], [128.4238962977782, 34.91005988052744], [128.42655526157023, 34.904000270875116], [128.42029492723742, 34.89349526514589], [128.42127277831275, 34.87320296984197], [128.4342602413308, 34.88093729398149], [128.43160272610808, 34.888211761873805], [128.44536136477134, 34.888830785384606], [128.43884520999285, 34.89291326280214], [128.45112015197668, 34.902946475508145], [128.44026862931653, 34.91338711363986], [128.45349917256925, 34.91451477718969], [128.4608015831884, 34.9049872470149], [128.45393995083086, 34.90068268144161], [128.4749986110033, 34.890371914198035], [128.4671441392032, 34.871672974927485], [128.45733293796087, 34.88243612557856], [128.4564534240386, 34.86478007936969], [128.44691706320774, 34.86562349940761], [128.45222037431276, 34.8465652505707], [128.43368055640408, 34.84450546193673], [128.44181020054233, 34.84070971544119], [128.43541572181195, 34.838464816516385], [128.42559087048576, 34.84452914528864], [128.42247774909757, 34.838148326139056], [128.44086017097203, 34.82800712644036], [128.44234366920946, 34.80398263825751], [128.43152185440258, 34.806060668617505], [128.44023736655245, 34.794869140616484], [128.43408267947984, 34.78889816273364], [128.4195199572169, 34.79238260709776], [128.43564789993107, 34.78183943843051], [128.42359239288922, 34.76193597385772], [128.39744623170554, 34.76538239049251], [128.39722318430464, 34.77958942475023], [128.38733653541047, 34.77586229264642], [128.39124485561675, 34.78650964285267], [128.38347562168238, 34.796833748306], [128.37521252427848, 34.7886262071721], [128.3636529271853, 34.796387902121864], [128.37232785323866, 34.80304256564447], [128.37821902834426, 34.79863597955575], [128.37890975128064, 34.815284091693805], [128.34925096904624, 34.8254542691154], [128.3362801543357, 34.81724201923159], [128.3309060008862, 34.82485989105362], [128.3300932835968, 34.83002050956119], [128.3370638019725, 34.82742918440731], [128.33274104709224, 34.83443965395503], [128.34013022823254, 34.82875418489882], [128.3368282452693, 34.84197360439576], [128.34444927852786, 34.83136294991412], [128.3537828496115, 34.842698355685016], [128.356057322376, 34.83226501819313], [128.3709112761718, 34.83412540948827], [128.38623756553616, 34.81435350607122], [128.38393298689357, 34.82957124195176], [128.39422294177237, 34.824852945850445], [128.4045991310303, 34.83187837890263], [128.37912650161402, 34.835953078912226], [128.38846648904175, 34.84048305382347], [128.37239914200595, 34.84273364890012], [128.3772921845039, 34.845388752882286], [128.37100747692313, 34.852806172166346], [128.38867516269312, 34.8632333142563], [128.42054990533853, 34.86255045442911], [128.38478151362528, 34.86847233926896], [128.38964722205534, 34.87477261236617], [128.38095319042125, 34.87289423583747], [128.3847899170324, 34.881772981824824], [128.38070744498341, 34.8889872141448], [128.3761829013769, 34.8910412961231], [128.3725302734365, 34.86877540866548], [128.3557491134201, 34.870751808424664], [128.3571553978241, 34.879979445941565], [128.349018841379, 34.88714375258547], [128.34820336220614, 34.8726637180655], [128.3400967592632, 34.88227474263938], [128.3283829299213, 34.87540877878463], [128.32807212792616, 34.8861024790243], [128.3167246059231, 34.879787754953185], [128.2984426179827, 34.90252366631144], [128.3086516214805, 34.90880504092564], [128.35548560985373, 34.90930328363492], [128.35444418652685, 34.919280482816724], [128.3422414467102, 34.92510404660193], [128.34387253586195, 34.93910652766532], [128.3350801487718, 34.93647097127142], [128.34046571250363, 34.94835841857619], [128.33390081429656, 34.94447364132], [128.31977692365615, 34.961002433034565], [128.32080524707547, 34.94401530496821], [128.29999002629123, 34.93579434355406], [128.30055027516272, 34.912142209972025], [128.28191697182126, 34.91563545803541], [128.28314104523557, 34.904362154735196], [128.27280468209693, 34.89941629561869], [128.27407477535053, 34.91011893245258], [128.2656920153554, 34.91199016665945], [128.26764474881045, 34.91834452225358], [128.25737582558745, 34.929314411189324], [128.26411651050003, 34.92722143998375], [128.268550639852, 34.929969454623176], [128.2671070775263, 34.939440431696596], [128.25715493897485, 34.93586684433925], [128.24949915666, 34.94340441556225], [128.24519043246914, 34.93578697381166], [128.24531299504167, 34.94390399894295], [128.22279713130746, 34.94631402947113], [128.2180177448622, 34.93913147438357], [128.19567025125843, 34.936008601074775], [128.20435909774395, 34.92491015387485], [128.1968692389984, 34.912522302409805], [128.20098875272708, 34.893557103360614], [128.18748672357833, 34.89342528260494], [128.18678871850608, 34.90541621625507], [128.1843411756594, 34.89475855289298], [128.17468565702305, 34.90566390759121], [128.1698848856708, 34.89633126930523], [128.15628051454897, 34.908454236548295], [128.14667407516419, 34.9045749666214], [128.1506589662607, 34.89869884016785], [128.14172774059088, 34.902519603029766], [128.13272970147187, 34.887734906921665], [128.12179854792683, 34.90441759187805], [128.10244613366194, 34.914169638820646], [128.10331902171976, 34.91921379076683], [128.11208614254912, 34.923048795970665], [128.11671087882453, 34.920856025751256], [128.11946602164485, 34.92111632369234], [128.11940073016197, 34.92188828324793], [128.10028944613288, 34.92510924624564], [128.09826548572946, 34.92032394503131], [128.09573167839395, 34.92633333418281], [128.08551229178238, 34.91774983832725], [128.08780045360706, 34.92611773338843], [128.05334406657903, 34.92963086426539], [128.04752128613234, 34.9260016822272], [128.04349116436504, 34.924563025258216], [128.03744712335063, 34.91882661061945], [128.03564376606104, 34.91964283914211], [128.034809466944, 34.92730204287193], [128.04094893490304, 34.92339830035741], [128.05244451115502, 34.930737164434625], [128.02954909549513, 34.95806402668791], [128.05226227879044, 34.97747997849271], [128.03840582580028, 34.99578395429667], [128.0497550518537, 35.01613448804166], [128.04457425220806, 35.02429660375359], [128.03768038966473, 35.018083994438875], [128.03452463032784, 35.02317841891539], [128.04218253257153, 35.03181483181487], [128.0427819885394, 35.06379614228062], [128.0618538142313, 35.078627727633446], [128.05647263050386, 35.08733385704101], [128.03270889910326, 35.0684499976917], [128.02113636980965, 35.02834911696328], [128.00873645045735, 35.03030945206341], [127.9946906298014, 35.045650679473646], [127.97632389345047, 35.033303761031135], [127.99604685104282, 35.037889684142215], [128.00836904302545, 35.01341787216381], [128.01877259710122, 35.01039602423462], [128.01478516377693, 34.991072787518945], [128.00757604431973, 34.99593246025884], [128.0081444384203, 34.982325254370515], [128.00542653477132, 34.98821616617573], [127.9997398162493, 34.98354184405169], [127.99738912802032, 34.995990228216755], [127.99508016130892, 34.98509678495744], [127.9893276599959, 34.98919213219293], [127.99153182313799, 34.98107056484813], [127.98276468101018, 34.977713729087164], [127.97202733566829, 34.99376055542118], [127.9636398912435, 34.994413453404306], [127.9477858624692, 34.9766736500784], [127.93480289826455, 34.98182155157315], [127.94350188580204, 34.98426175712662], [127.93171303567186, 34.992187464683525], [127.9443875033483, 34.999338303729814], [127.93569870693968, 34.99794010441493], [127.94008702763183, 35.00422362441313], [127.9227189523343, 35.01419054639148], [127.91679933320385, 34.99541159072913], [127.92252766513688, 34.98879717342741], [127.91852320115466, 34.98798801128876], [127.91795070621508, 34.97980973299378], [127.90900361230085, 34.983194990466544], [127.91209764631114, 34.97245765870872], [127.9007111646105, 34.96864429433913], [127.90216606835496, 34.95476319152504], [127.84760880406142, 34.94633504903033], [127.84132766621643, 34.96170034428903], [127.83907610278975, 34.9509160677799], [127.83864154494688, 34.95016789749592], [127.83458943017686, 34.94908882408675]], [[127.83723231559917, 34.95118869812966], [127.83890310022566, 34.95093792286219], [127.83706674954297, 34.956598599792564], [127.83603573317424, 34.956435815885484], [127.83723231559917, 34.95118869812966]], [[127.83669027881209, 34.957949181280995], [127.83700276654008, 34.95927113477889], [127.83542058854268, 34.95884687092207], [127.83705100060787, 34.9566550945501], [127.83669027881209, 34.957949181280995]]], [[[128.02564092567837, 34.90172322888287], [128.01592557267028, 34.89299662860408], [128.01199645517508, 34.867147705752316], [128.02423346402594, 34.86639325753184], [128.02142980595877, 34.88194431415533], [128.03422366882933, 34.89727572105528], [128.0479723876318, 34.89715812296915], [128.04209889342883, 34.892709955919074], [128.0476662127619, 34.882210892520334], [128.06036186888898, 34.88304331033213], [128.06700060672833, 34.870338161069824], [128.05345301439016, 34.85288843866623], [128.0623469516938, 34.85587268875422], [128.06152884254166, 34.84449842006576], [128.07684235071008, 34.843930914808475], [128.0869622911866, 34.82838529978902], [128.0248490778997, 34.8464700292523], [128.02408262297044, 34.839228310815656], [128.00266695375507, 34.835952614235374], [127.96861970385045, 34.84356317979872], [127.96142932356054, 34.86973805752127], [127.99029588772993, 34.89495229831887], [127.98766408492058, 34.902766255692285], [128.00701003207246, 34.919549260415025], [128.02988748492686, 34.9222801701809], [128.02564092567837, 34.90172322888287]]], [[[128.2523632552572, 34.649354686496146], [128.27410524263266, 34.640001151208004], [128.2651232250643, 34.63436655579772], [128.27470416953318, 34.624769594273445], [128.28441346680745, 34.63856861073124], [128.299064656355, 34.63813850258026], [128.28737612022937, 34.62662918234813], [128.28953858777422, 34.61991762547792], [128.26327477175462, 34.627373480497454], [128.23546430477876, 34.61178719655835], [128.23126274798364, 34.61759371634281], [128.24273589443018, 34.62272787725729], [128.2367926318076, 34.63543879207872], [128.22515093292483, 34.632470034820464], [128.2235833772627, 34.638086949446134], [128.23531859942352, 34.64121367923675], [128.22765207987007, 34.64880796526416], [128.2523632552572, 34.649354686496146]]], [[[128.2487242950406, 34.82720781217959], [128.2662709536489, 34.815442823311194], [128.2547607322459, 34.80805670527965], [128.23836768557925, 34.81097979392585], [128.24222357673335, 34.7948549596421], [128.19839240759558, 34.817945801698784], [128.20084997894568, 34.82533772235281], [128.2113458810099, 34.82150825765746], [128.20672112782398, 34.827390676568676], [128.21749192003315, 34.83905757434773], [128.23653440462618, 34.84150460484297], [128.2487242950406, 34.82720781217959]]], [[[128.21335629556955, 34.85113644365743], [128.2329498717184, 34.84522715291756], [128.20368323072404, 34.841806859403505], [128.18984297492415, 34.82584820292284], [128.17956948440755, 34.82873296507043], [128.18220823293, 34.83749036091229], [128.1670138568878, 34.8419566383627], [128.16828876935182, 34.85243406664224], [128.19058490155106, 34.8593587063272], [128.21335629556955, 34.85113644365743]]], [[[128.48022992969587, 34.80839521185804], [128.48929963678435, 34.81281326751063], [128.49344652173826, 34.782699339518196], [128.51094060289674, 34.778913276310085], [128.50862218311133, 34.766646183950705], [128.4912228388423, 34.757239581794856], [128.46949111239638, 34.76076712762103], [128.47290994865764, 34.775595147884495], [128.4594226773123, 34.78649474703511], [128.46135338673997, 34.80600003817178], [128.4685893885704, 34.80087111112246], [128.46601625075837, 34.787941255864574], [128.4728894649956, 34.80372642457182], [128.48576502153838, 34.797743199929315], [128.47840435704458, 34.80607487975716], [128.46870764468588, 34.804652464194184], [128.468231121218, 34.817658107070436], [128.48475846991693, 34.81782001103357], [128.48022992969587, 34.80839521185804]]], [[[128.70317689721912, 34.880136384586564], [128.71454644481537, 34.874841607766726], [128.73175401744575, 34.89170086669949], [128.73985728229908, 34.88500033537384], [128.75228447684316, 34.8955633466684], [128.73891520498245, 34.878297789996346], [128.74416657194774, 34.8684045981639], [128.72382492682706, 34.86484308151271], [128.73498433779517, 34.84273716572201], [128.7171680805339, 34.8494569541294], [128.70128587626155, 34.839263040238436], [128.7103166439115, 34.828759175226104], [128.71902916529444, 34.837955108474425], [128.72483510682915, 34.83354437932672], [128.72103134987643, 34.81563071243466], [128.74076124431136, 34.78670308312936], [128.70930898805014, 34.7945690364956], [128.7143930365893, 34.802006398834145], [128.7080731554792, 34.81260756942139], [128.6913441967979, 34.796586629632955], [128.69156774841966, 34.80753761985868], [128.66871967682553, 34.812093186186715], [128.66694049469473, 34.79293042565949], [128.67434541640236, 34.785731402707526], [128.65775549918402, 34.77401926370394], [128.64625226629246, 34.77821695663203], [128.638320389206, 34.76300473062854], [128.6528891412343, 34.74274153609917], [128.6760731908313, 34.74449185417942], [128.6829594740356, 34.73607484031846], [128.67579263270673, 34.73623667969486], [128.67626644367797, 34.728013617355586], [128.67090587016372, 34.73864057932873], [128.62863846817936, 34.72984913211693], [128.62731150290776, 34.736336270532746], [128.62096611424064, 34.72963646918492], [128.64210047213228, 34.71237790168059], [128.6233375158663, 34.71255378190095], [128.61023347779667, 34.701118702171236], [128.57552478514916, 34.70624577933303], [128.58752653664325, 34.71757789156885], [128.58315949076268, 34.723363744422926], [128.6068894361461, 34.731345291483485], [128.57682457851124, 34.74105440338998], [128.5789605641716, 34.76205834741746], [128.60067567449107, 34.76456414327785], [128.59074509719505, 34.7704819775013], [128.5970103704478, 34.77745573133574], [128.57569298897667, 34.77825986025054], [128.56395881450544, 34.7656685612358], [128.5545214161718, 34.76642118769539], [128.5518775737574, 34.77530093572249], [128.5685548494261, 34.78582895930624], [128.5568656019553, 34.78924350315023], [128.54305595123594, 34.774886433182], [128.53829014847045, 34.78653081292925], [128.5835958456928, 34.797428995708884], [128.58359007859107, 34.81718398071635], [128.59505688562857, 34.828618242923916], [128.57586155931523, 34.843341877590284], [128.5872209470786, 34.84097117263009], [128.58863364859926, 34.84693002771443], [128.57316611859022, 34.854211330180256], [128.56334434462684, 34.83270434598673], [128.52424665534835, 34.83242411626538], [128.52846366244918, 34.821215671090954], [128.5194252874897, 34.822419401330244], [128.5239245383042, 34.81658300076337], [128.5104942351723, 34.808940075239704], [128.50055328672954, 34.82540750727602], [128.50799407725398, 34.837652782681886], [128.49663414411054, 34.832803556443146], [128.4818223319297, 34.84035922929427], [128.4717246377448, 34.87267096194964], [128.49167709648094, 34.90060457504682], [128.50116399445173, 34.90223515592805], [128.4968677968255, 34.90737156957185], [128.50645121548013, 34.903892278627], [128.49958624204905, 34.91090910888461], [128.51406544889872, 34.909133269383766], [128.52725022424605, 34.92377313494247], [128.5678730391555, 34.89938117832187], [128.57602671595052, 34.9014184095731], [128.5707028904029, 34.90862925259986], [128.58560644461426, 34.91408606039514], [128.59270712845773, 34.90363676429732], [128.60702777423876, 34.906272951696586], [128.62397134188737, 34.892042449810994], [128.61542988907695, 34.916617627933846], [128.6077796109848, 34.91516632947683], [128.6112356353575, 34.923239501821875], [128.58259323534412, 34.948400234888844], [128.59652957961853, 34.95150721877094], [128.59738932451071, 34.96552346874193], [128.60606947263537, 34.97034287103834], [128.61173131448754, 34.96514063088305], [128.6061864834503, 34.958248655886194], [128.63142192696426, 34.967586654257204], [128.65042420650235, 34.95910712005853], [128.6501789376481, 34.97924777343102], [128.63040967364216, 34.9777431077793], [128.62878499522128, 34.975596298403396], [128.6223084835884, 34.982959827196304], [128.61260950435283, 34.97248683271318], [128.6109658776833, 34.984315523680756], [128.62590134655437, 34.99277123737844], [128.61653100761964, 34.99911295504367], [128.63371344946967, 34.999523791734696], [128.6309092302515, 35.0088623613511], [128.6441819696436, 35.013000839029324], [128.64860182978998, 35.02291643067499], [128.6554838665499, 35.011208832587386], [128.64652984328413, 35.00026639779404], [128.65278408532404, 34.996470744006515], [128.645755115973, 34.993771094487975], [128.6473105910182, 34.980709993110615], [128.65784924313817, 34.98022933696638], [128.65539969087337, 34.99101671791252], [128.66596653168168, 34.98964376925015], [128.66090293647304, 35.001216543340234], [128.67902645357907, 34.98733319614347], [128.67315984712744, 35.0003648916725], [128.68152599249805, 35.006685014473035], [128.66706221753338, 35.00802128426222], [128.66899923309472, 35.02642647366558], [128.67501823467893, 35.02075798694209], [128.6752549800485, 35.03237079943813], [128.68444656649157, 35.034774289958854], [128.67693435981178, 35.04097762375614], [128.72171754784125, 35.02373272100303], [128.71762355139654, 35.00913030602556], [128.7024666099005, 35.00601731428439], [128.70751764389317, 34.99734558479605], [128.6933459910827, 34.9952458646707], [128.70137087254503, 34.99083332951412], [128.69715806712105, 34.97311761315143], [128.71657658948718, 34.96471885222003], [128.7273341987874, 34.946965248172255], [128.72622517383093, 34.937045526347845], [128.7156984109817, 34.93640365140284], [128.72401987522986, 34.917769790694805], [128.72072379557093, 34.90948296886747], [128.71044058647823, 34.91050091753111], [128.71749093287164, 34.90055477422445], [128.69671933510682, 34.89134758707169], [128.6959901888272, 34.88135276711407], [128.70317689721912, 34.880136384586564]]], [[[128.52597512806412, 34.934681084094954], [128.53021101864965, 34.928723916070226], [128.51821503392392, 34.930091744036794], [128.5116780846912, 34.941739094417926], [128.5185070538311, 34.976060897697565], [128.53697071010984, 34.968904531312084], [128.52230039860777, 34.95603270170176], [128.53480045337633, 34.94179867081213], [128.52597512806412, 34.934681084094954]]]]}}, {"id": "3", "type": "Feature", "properties": {"name": "\uacbd\ubd81", "full": "\uacbd\uc0c1\ubd81\ub3c4", "region": "KR"}, "geometry": {"type": "MultiPolygon", "coordinates": [[[[128.16173847582056, 35.777948871464815], [128.15477468594392, 35.786494160339835], [128.12880550773588, 35.7893746119665], [128.12168721624772, 35.803567397675465], [128.12526630786155, 35.82276128239286], [128.0704082429594, 35.84068741044189], [128.05083941880497, 35.82926045886636], [128.03099754480414, 35.83575292545515], [128.01105855421557, 35.82908441636925], [127.98181448679908, 35.858904453839955], [127.97326751851872, 35.85081186626425], [127.95083475957343, 35.86125421686659], [127.92614528870905, 35.85538569325506], [127.93317387467326, 35.86420384300959], [127.92024655770084, 35.89285544914681], [127.89329747265673, 35.88658939195073], [127.88486191093938, 35.89301510134845], [127.88891595175622, 35.91006503716945], [127.88250964642073, 35.928824378696945], [127.9114665190962, 35.94945009265632], [127.88959558560522, 35.97952602162895], [127.89302957994046, 35.987081261103576], [127.87581470137215, 35.99672280636425], [127.87692624777289, 36.02244194484872], [127.8854232083616, 36.036024205089575], [127.90355441686026, 36.03896672905431], [127.9170617626286, 36.05440274206359], [127.93586148048828, 36.05066365172531], [127.9613862261557, 36.06838914288329], [127.9578361101239, 36.094888499987334], [127.96856746242462, 36.10722000363856], [127.96647758808618, 36.11849233452083], [127.98703228063579, 36.12869897018264], [127.9873321499641, 36.147385156938775], [127.99685400771071, 36.1552158884297], [127.97578781875607, 36.1873962851802], [127.98253604040865, 36.19854860936936], [128.01351740596203, 36.20913294790416], [128.03835435697374, 36.1939990581746], [128.06295971248986, 36.19922069210288], [128.05068834366608, 36.205918075663476], [128.03004830584155, 36.2403082011607], [128.04802614151149, 36.257139240048], [128.02623372844707, 36.267867477480415], [128.0093889528894, 36.27205012123099], [127.98217036739776, 36.264197383894036], [127.97085425760454, 36.250434196279784], [127.96023358304664, 36.252431793369354], [127.93091373436454, 36.278215466119555], [127.90704739583418, 36.286080579563496], [127.90509215193288, 36.302378775098674], [127.88371168040504, 36.273159999033346], [127.85097513762713, 36.27444782756465], [127.84142612967106, 36.31045148543382], [127.8531515358901, 36.331726445490574], [127.88144562951723, 36.34486492655001], [127.89132656044171, 36.35955161263848], [127.87963235719995, 36.371506602821995], [127.88429056765769, 36.37978912046274], [127.87601639858147, 36.39074637561576], [127.86238026806168, 36.39257072265712], [127.8826373494679, 36.42174119524706], [127.87302833713828, 36.44170674510614], [127.88240226400916, 36.46099920869096], [127.8760946915116, 36.488368081994814], [127.90672089945132, 36.50784688700815], [127.90192959431641, 36.528173141923375], [127.8736794981026, 36.53783369862516], [127.86781709897312, 36.56327040747433], [127.85283949130175, 36.57158442145148], [127.82387530626174, 36.57080229550996], [127.80019758635791, 36.58551450902465], [127.79840808894663, 36.602280805215834], [127.82279090889487, 36.61244089581191], [127.85905718837064, 36.61324174774619], [127.84800512102368, 36.63336205649375], [127.8620666020699, 36.6343579156102], [127.87978099900091, 36.65756294715064], [127.88941316886705, 36.62945989124438], [127.90972772892407, 36.62573020184682], [127.91553289869549, 36.60625027329785], [127.92386792307082, 36.60523755867826], [127.93961031523092, 36.64691571908597], [127.93150759713882, 36.65361860157811], [127.93231911165631, 36.6651520956636], [127.90670629080192, 36.68020902595412], [127.87729725366908, 36.68223907390341], [127.89596236333618, 36.694246387412385], [127.92860192169273, 36.690366740635135], [127.93166668616641, 36.706324874873374], [127.94911570821237, 36.70595671569465], [127.94802432366625, 36.71780110878268], [127.96077330747892, 36.73677830811516], [127.98679978126262, 36.71749872081816], [128.00261703605463, 36.71663123600607], [128.01413875809385, 36.730063530264296], [128.04876754350613, 36.7075450322863], [128.07132459910594, 36.70729312574598], [128.0689508767222, 36.721665993980615], [128.03237670562388, 36.74796934014038], [128.0591470517512, 36.816685496491004], [128.0918810515422, 36.796455792383284], [128.13595645481513, 36.83407267425004], [128.16413102411482, 36.820122502350046], [128.21698838374462, 36.81305023270754], [128.21382004609634, 36.85000465801465], [128.23682188014558, 36.84812047431416], [128.23400771802935, 36.86265335781518], [128.2419196703263, 36.87279485620436], [128.28201115595002, 36.85662759338349], [128.3165706866525, 36.81663968150753], [128.33472458700538, 36.81685495689595], [128.3626442426871, 36.80051313753964], [128.38398003903262, 36.81446656904534], [128.42064591567234, 36.811416391162574], [128.44897386630623, 36.84807382003866], [128.44798322242454, 36.86458306672444], [128.42440683903914, 36.87647074297152], [128.44486089667743, 36.91381454943066], [128.44186829018182, 36.92790034504324], [128.46020161003437, 36.934006045109754], [128.46779412950497, 36.95181351288882], [128.50670155428617, 36.97019419507113], [128.5144905684291, 36.98680996018053], [128.55471038740134, 36.99823499494264], [128.57130727559422, 37.015982420181075], [128.5676694303343, 37.03414105050698], [128.58363878687317, 37.04388894530477], [128.60678837500316, 37.04339579681032], [128.60862882054633, 37.05258604008181], [128.63050838885323, 37.038956427845996], [128.65323485013232, 37.065338120741444], [128.68926702874134, 37.053034126107356], [128.7004335047696, 37.041059455838365], [128.73427661295082, 37.040280681558514], [128.75136503760837, 37.028322557045676], [128.7620887538917, 37.03669316489031], [128.75200187512672, 37.05639809489345], [128.7570678655234, 37.070055077279484], [128.76501273390153, 37.06399449868631], [128.7797776125945, 37.09231690821382], [128.80858959247206, 37.077534548864755], [128.8322222080079, 37.075770838466646], [128.84779942716307, 37.05153752426176], [128.87273499605203, 37.044589062506674], [128.87832340816826, 37.053583150223126], [128.89616512309843, 37.04489763183642], [128.8961095464069, 37.05566382003276], [128.92232373513392, 37.092068947953905], [128.9437929295322, 37.09524585065534], [128.95977984371493, 37.0775047746843], [128.9931022536669, 37.08455588349404], [129.05807070942703, 37.06457356685086], [129.07293633650812, 37.09087635177605], [129.09579552619093, 37.10046144957338], [129.1664423629934, 37.069469295150554], [129.18648749398133, 37.04160690069928], [129.22508862838313, 37.04453678695889], [129.23805700433275, 37.03881590277032], [129.225583726297, 37.07340308868119], [129.26610403806254, 37.102347839694275], [129.2719591461422, 37.11699329362208], [129.29446077148563, 37.11440569236826], [129.2981865549781, 37.12453925551198], [129.32453917058083, 37.14165389937067], [129.36652861818095, 37.14503190559359], [129.3815179430846, 37.12016521498743], [129.3795632974466, 37.100242176347905], [129.43007750760117, 37.05840007829702], [129.41549374576368, 37.054268938070486], [129.41016263498943, 37.03062502874787], [129.42000267577305, 36.993107163740746], [129.40893562111899, 36.9800902559847], [129.42165642797534, 36.940299136311836], [129.41545253375855, 36.88896446546388], [129.42755618805435, 36.850730079630765], [129.45743849214873, 36.815411190335524], [129.46306254986902, 36.7884921217747], [129.4789943239831, 36.76792460143015], [129.46787053501635, 36.757482175152035], [129.47803956862666, 36.72705047567881], [129.47051757771823, 36.68587765666789], [129.4374065180766, 36.66976333660731], [129.41219624501238, 36.62243299269495], [129.41316230044924, 36.58454356161675], [129.44069928858707, 36.551822305228626], [129.44418599160875, 36.51226173749549], [129.45351608780047, 36.50811161351197], [129.43339641095392, 36.48122156634374], [129.43801575764962, 36.46291995907615], [129.43059072871083, 36.40958773897836], [129.3893640164466, 36.35675643181193], [129.3748959977798, 36.28789723805158], [129.38158743052128, 36.27486858825545], [129.37316282229938, 36.25461547302417], [129.38586090262376, 36.239050030949166], [129.38673041861958, 36.22344517138585], [129.3843110820759, 36.21234225212893], [129.372582904576, 36.20711284363872], [129.3731320243327, 36.19554279240024], [129.39362847396416, 36.18150687501827], [129.39774668067074, 36.13489319049029], [129.425835999461, 36.11371322013924], [129.4307344009468, 36.112911493530966], [129.43113052561554, 36.114258836297594], [129.43766639460418, 36.11429032582398], [129.44101769208942, 36.11290779373882], [129.43266349738752, 36.11406751530964], [129.44085698289283, 36.110872420477556], [129.4407293892636, 36.099977935078364], [129.41859318545977, 36.08854668025456], [129.41831735937666, 36.07368888925899], [129.3828913067887, 36.06236120158039], [129.37829075380822, 36.05239144367629], [129.38167631957788, 36.050799005507216], [129.38514387919525, 36.04592414058558], [129.3812243424986, 36.05037272108869], [129.37296334014948, 36.0506298656152], [129.38405042082138, 36.02981871249057], [129.40817105991138, 36.02958289274106], [129.39168219318387, 36.01208462502601], [129.40749516782202, 36.009099131264996], [129.41167640382844, 36.01500137525417], [129.42141293784417, 36.00122170083326], [129.44794067055682, 35.99156629439045], [129.50290497397017, 36.02565826187426], [129.50410619542683, 36.03672395630651], [129.53322083076029, 36.05763724640192], [129.54742189947478, 36.08536206499917], [129.5697316458865, 36.07906644041185], [129.56862181933036, 36.06863884933391], [129.58367747263293, 36.0461713748146], [129.5772512613127, 36.024672086820615], [129.58485858175823, 36.01652863260698], [129.56743338755285, 35.989714683054196], [129.55277809388795, 35.987174672557536], [129.5597250418633, 35.98496453393157], [129.5518135099883, 35.97857735169345], [129.54961930755843, 35.95842666153041], [129.5311205213036, 35.93186543553266], [129.51889645722184, 35.92715979040933], [129.5265152458813, 35.9070178781173], [129.53759292478125, 35.89970862651783], [129.52589485562808, 35.895853367574574], [129.53140298343385, 35.88608590294944], [129.51920920606113, 35.87458122970361], [129.53572128871966, 35.87099725100589], [129.51003044582438, 35.82470853386435], [129.51318682633755, 35.807922410069345], [129.50385355348232, 35.80741299293952], [129.50139062938024, 35.79303633786179], [129.4921315715674, 35.78889974150834], [129.49343535796694, 35.75165634440744], [129.48472478539802, 35.74342150205637], [129.47305357662728, 35.703448272231554], [129.47770490815248, 35.69063889728448], [129.46509406728669, 35.666296471998095], [129.4545724108062, 35.66389871828962], [129.45000815531807, 35.650948468950105], [129.43517702046182, 35.65218463735037], [129.35388798057974, 35.679552765334265], [129.32399437098928, 35.659210286292954], [129.30357010391245, 35.656968549059926], [129.29506960299508, 35.64437319773596], [129.2551742920823, 35.660339192100196], [129.26269415916573, 35.691445407712], [129.2560356097542, 35.700784796861285], [129.23406285658183, 35.703582594047404], [129.20723454961526, 35.72150751730422], [129.19764570092747, 35.715794319449], [129.1815171899236, 35.72313901257429], [129.17685676445345, 35.715531148026095], [129.16063965091655, 35.71487964565827], [129.1457201819203, 35.72469752196527], [129.13524492721697, 35.711929816342746], [129.0885657076513, 35.70201710859793], [129.07742937650704, 35.693024975920345], [129.06760919066494, 35.66179876257611], [129.0812058572966, 35.64343175839386], [129.04731156623572, 35.650146667720406], [129.03705308885847, 35.63221748091651], [129.02053138883758, 35.635352116274504], [128.9859222798468, 35.60791772124945], [128.9598763543128, 35.61535275519296], [128.94906821152915, 35.62868197630427], [128.92415381560974, 35.63693775796644], [128.92030944481814, 35.64708331607646], [128.89820487158454, 35.631820020538484], [128.87472291074045, 35.63490343078154], [128.87110105070698, 35.61817579525252], [128.85170568443482, 35.594603608051784], [128.84301208735312, 35.58908400857373], [128.8261865442752, 35.596697315823306], [128.80119316442435, 35.58820371612298], [128.7863076267016, 35.56594246952023], [128.7574271561161, 35.56767482479508], [128.72404930762298, 35.58097481428045], [128.70326846285028, 35.5785263222399], [128.688760232173, 35.59508342904905], [128.6553314528208, 35.59800037094817], [128.63598939508694, 35.58408755387303], [128.6068487191421, 35.58042434941135], [128.58481839115916, 35.58619819630019], [128.5596854389683, 35.60325394801163], [128.5563434684491, 35.61662689742655], [128.536502908741, 35.62365366519475], [128.53831308667787, 35.65504270662898], [128.5263784544224, 35.67419956683743], [128.53513554545958, 35.69401993189054], [128.52714406219826, 35.71361249958369], [128.58011905280426, 35.739095986527005], [128.58940733744438, 35.731848770984904], [128.61666211361845, 35.7371167496519], [128.61021241186043, 35.72550032022821], [128.622543468955, 35.70346964047299], [128.6832669005797, 35.721493585310924], [128.69618873314369, 35.75658642975082], [128.6825807950897, 35.7899006175614], [128.71768785551026, 35.80671385175256], [128.70857403568365, 35.825622114537], [128.72510526261843, 35.83612591387995], [128.72150840050466, 35.85628183087354], [128.7382895022523, 35.85075576505381], [128.7600440069232, 35.865457447398256], [128.76044544050433, 35.906983610576795], [128.73784567892716, 35.92948526784667], [128.74570283687223, 35.973105164767695], [128.73282035539862, 35.98290053083763], [128.73516276731831, 35.99290436358518], [128.72571941925722, 36.004697767314596], [128.69474363764147, 36.01644624056211], [128.62005362888362, 36.00628232282955], [128.60215297573535, 35.98556226319634], [128.55721129159824, 35.97118512098872], [128.55332241969217, 35.96076458659877], [128.52878575203, 35.98045044955973], [128.5340231940727, 35.93360681023434], [128.50717255354246, 35.90660460972974], [128.50150821887198, 35.886014330962865], [128.49052404340387, 35.897720392495344], [128.46795228653266, 35.89981824233398], [128.4756792241082, 35.93599522605667], [128.4537650052245, 35.9431272887416], [128.4524872457524, 35.93601253146897], [128.4181015756921, 35.92124615232717], [128.38726569488227, 35.8714748091163], [128.39008701486196, 35.85037050598948], [128.45631240665978, 35.84299666385859], [128.4810065757389, 35.820325822252705], [128.4691269825045, 35.8084352474321], [128.4207171126266, 35.80962697296661], [128.3856703715989, 35.7618524794465], [128.39264023537373, 35.745534337025646], [128.43182168966132, 35.72626809028028], [128.43316926863702, 35.703019066579316], [128.41662543673786, 35.693050894178604], [128.3596540727213, 35.707504450834925], [128.3510784099072, 35.70299949550992], [128.36134067594236, 35.673412389446476], [128.40241888117484, 35.643426067884576], [128.38541744158323, 35.61207946492555], [128.36234678654395, 35.61189343129063], [128.36305100451662, 35.628575198025636], [128.34916806256285, 35.646445691236345], [128.32371132393902, 35.646019157565526], [128.30604854197196, 35.655143302177976], [128.26110099567913, 35.64268892434193], [128.24193877841563, 35.65543874007174], [128.22966585380553, 35.63945012012952], [128.2010951906981, 35.64375612496794], [128.18429771698797, 35.658453678468334], [128.15954920011055, 35.65490877509169], [128.16262315066567, 35.671820188456635], [128.2018201567149, 35.68417504336175], [128.20445601853723, 35.69735631600333], [128.19814089525735, 35.736435168789185], [128.18726699256447, 35.7541578523588], [128.1638479845274, 35.76331097812862], [128.16173847582056, 35.777948871464815]]], [[[130.91609702006164, 37.521919349206826], [130.91183538734805, 37.49087612846903], [130.91940922995826, 37.48844583169396], [130.8818478741505, 37.47457458054507], [130.8721108648701, 37.45689321240673], [130.8084739544007, 37.479601458330706], [130.80001785231067, 37.48906866384079], [130.80281976402094, 37.509175796228455], [130.78928467268872, 37.52300580577198], [130.7900388455325, 37.52865876229858], [130.802262385624, 37.524076202103586], [130.9051558656018, 37.55270224581607], [130.91944173227338, 37.54444228574617], [130.90714897015206, 37.53213264656441], [130.91609702006164, 37.521919349206826]]]]}}, {"id": "4", "type": "Feature", "properties": {"name": "\uad11\uc8fc", "full": "\uad11\uc8fc\uad11\uc5ed\uc2dc", "region": "KR"}, "geometry": {"type": "Polygon", "coordinates": [[[126.89540856166798, 35.08080078805997], [126.8556866497815, 35.07814132278509], [126.8189691718436, 35.05252034867692], [126.80371678668523, 35.052386096761566], [126.79520398677207, 35.06116723750484], [126.77011230115254, 35.054617393958495], [126.76719893712921, 35.06509393823525], [126.75704468490069, 35.05948163221132], [126.75448175515687, 35.06716697177351], [126.7708814562775, 35.06996792902756], [126.76582322838922, 35.08305290193765], [126.73211866679469, 35.11342317188932], [126.7306877511473, 35.107120058949555], [126.70491629708984, 35.112780879360635], [126.67051548271375, 35.10486890954981], [126.66919635118353, 35.112098595332334], [126.65521609781, 35.11503164984703], [126.65319173828615, 35.14470194118071], [126.64638616920111, 35.14544039287485], [126.65397371140273, 35.164569043930726], [126.67191356741873, 35.17262131351882], [126.65312064077364, 35.192403057045865], [126.67749169198252, 35.191092877472435], [126.6872602176824, 35.21541172299447], [126.70263101012037, 35.20780365585046], [126.71775169226505, 35.21189081430055], [126.73718572562056, 35.25205511056627], [126.75782918702852, 35.25835500107835], [126.76387089712469, 35.25431182221878], [126.75552470429545, 35.23438855825338], [126.80569379583584, 35.21885070142298], [126.87822116161608, 35.251312001639974], [126.88966488079954, 35.246985810798485], [126.90571861370394, 35.25887302916622], [126.92942701819628, 35.25221284827894], [126.9658996272668, 35.202701225637426], [126.95860096259862, 35.19319193417984], [126.96866835711168, 35.180940972189255], [127.00177832489376, 35.187863241848206], [127.02111745591529, 35.167972886655164], [127.00795939610911, 35.15491064050678], [127.00907732690398, 35.124406830529246], [126.98873417915688, 35.1099445501208], [126.98740660698317, 35.0942126937791], [126.96668552019439, 35.08957839049452], [126.95075098924306, 35.07282631210677], [126.93240119637986, 35.07443574951286], [126.92028393865738, 35.09145387804164], [126.89540856166798, 35.08080078805997]]]}}, {"id": "5", "type": "Feature", "properties": {"name": "\ub300\uad6c", "full": "\ub300\uad6c\uad11\uc5ed\uc2dc", "region": "KR"}, "geometry": {"type": "Polygon", "coordinates": [[[128.52885162893853, 35.711886135135195], [128.53348785298962, 35.68207670106075], [128.50762141101427, 35.67346897919906], [128.50621309381822, 35.63959320800858], [128.44650323831416, 35.63837420970652], [128.41099825306398, 35.615340973649054], [128.37169589156548, 35.60961034251733], [128.38796482097612, 35.61399206997368], [128.4029446630482, 35.64192395485151], [128.36073071487354, 35.6741216046112], [128.35113720748197, 35.703118955598754], [128.3596540727213, 35.707504450834925], [128.41662543673786, 35.693050894178604], [128.43316926863702, 35.703019066579316], [128.43182168966132, 35.72626809028028], [128.39264023537373, 35.745534337025646], [128.3856703715989, 35.7618524794465], [128.4207171126266, 35.80962697296661], [128.4691269825045, 35.8084352474321], [128.4810065757389, 35.820325822252705], [128.45631240665978, 35.84299666385859], [128.39008701486196, 35.85037050598948], [128.38726569488227, 35.8714748091163], [128.4181015756921, 35.92124615232717], [128.4524872457524, 35.93601253146897], [128.4537650052245, 35.9431272887416], [128.4756792241082, 35.93599522605667], [128.46795228653266, 35.89981824233398], [128.49052404340387, 35.897720392495344], [128.50150821887198, 35.886014330962865], [128.50717255354246, 35.90660460972974], [128.5340231940727, 35.93360681023434], [128.52878575203, 35.98045044955973], [128.55332241969217, 35.96076458659877], [128.55686396459245, 35.97100531750857], [128.59091728334175, 35.97911143326427], [128.62474621661238, 36.00772978463896], [128.69474363764147, 36.01644624056211], [128.7255560935835, 36.004808499796695], [128.73516276731831, 35.99290436358518], [128.73282035539862, 35.98290053083763], [128.74606825355698, 35.971934745511014], [128.73784567892716, 35.92948526784667], [128.76044544050433, 35.906983610576795], [128.7600440069232, 35.865457447398256], [128.7382895022523, 35.85075576505381], [128.72150840050466, 35.85628183087354], [128.72510526261843, 35.83612591387995], [128.70857403568365, 35.825622114537], [128.71768785551026, 35.80671385175256], [128.6825807950897, 35.7899006175614], [128.69618873314369, 35.75658642975082], [128.6909821919259, 35.730683934395444], [128.68286459255853, 35.721303163239355], [128.6611860100118, 35.720071362420924], [128.62307416321534, 35.70339934174056], [128.61021241186043, 35.72550032022821], [128.61666211361845, 35.7371167496519], [128.58940733744438, 35.731848770984904], [128.58003109988817, 35.739088561849854], [128.52885162893853, 35.711886135135195]], [[128.71526912679838, 35.86240733036267], [128.7149610981064, 35.86239142699456], [128.71495576923718, 35.862391151814606], [128.71526912679838, 35.86240733036267]]]}}, {"id": "6", "type": "Feature", "properties": {"name": "\ub300\uc804", "full": "\ub300\uc804\uad11\uc5ed\uc2dc", "region": "KR"}, "geometry": {"type": "Polygon", "coordinates": [[[127.37157772607513, 36.27037409720127], [127.35965600423556, 36.26266993499504], [127.36471837183991, 36.219968825443004], [127.33393697993405, 36.18327060324674], [127.33345195854518, 36.200451043557386], [127.32319157638932, 36.20342399459934], [127.31445083680362, 36.22241810700575], [127.3037995297465, 36.228973416650035], [127.30311717179423, 36.22171522789691], [127.29376346653464, 36.22312259465035], [127.27807800236758, 36.244069337306655], [127.29146982621593, 36.26533517754845], [127.24945943683807, 36.28342991968225], [127.2476294225829, 36.29164696689301], [127.25943030936702, 36.296853724347834], [127.25975117607548, 36.32721053472398], [127.27786553748318, 36.34861401842306], [127.2708374874336, 36.36096803847244], [127.28098858958607, 36.374818841664926], [127.28231470262878, 36.41453730462398], [127.34071762557373, 36.43097601346038], [127.36441019250722, 36.471696683030586], [127.36034838383773, 36.490222788369316], [127.38116723844692, 36.50002188987698], [127.40420820519319, 36.483324398613306], [127.40436653918967, 36.4551214022208], [127.43317071389092, 36.45724059472532], [127.45321046295142, 36.450099505526325], [127.46395849971864, 36.456570974355955], [127.46905525257573, 36.472550846801724], [127.48413104955722, 36.4776156712835], [127.47934035151367, 36.45784063625294], [127.50303928366998, 36.4530450132388], [127.48921490264003, 36.43327479324508], [127.50256289751616, 36.40820092710566], [127.51004375707333, 36.40311573909526], [127.51568790123477, 36.422280753416175], [127.54239915084551, 36.42074665855737], [127.55725127828721, 36.39724266103409], [127.53915877834955, 36.3971916455765], [127.52571849179749, 36.3873092143274], [127.52131006175681, 36.35320453295086], [127.50125056149407, 36.33870629031555], [127.50358423747666, 36.32576480119502], [127.4947615257004, 36.311686775112626], [127.49945192513174, 36.30528304170889], [127.48899984494847, 36.30083743036127], [127.4982598941923, 36.282874311360196], [127.48625137581662, 36.2614438583252], [127.49276503953664, 36.23809225998161], [127.44107515390338, 36.19446805333839], [127.40827470423427, 36.21305573965577], [127.40057032300722, 36.231817234684264], [127.38788067464492, 36.23447257238722], [127.38970293093185, 36.26422228744721], [127.37157772607513, 36.27037409720127]]]}}, {"id": "7", "type": "Feature", "properties": {"name": "\ubd80\uc0b0", "full": "\ubd80\uc0b0\uad11\uc5ed\uc2dc", "region": "KR"}, "geometry": {"type": "Polygon", "coordinates": [[[128.83356955482668, 35.066267428925144], [128.83677524801323, 35.06735092289453], [128.83742433370045, 35.07505428429106], [128.85883950493493, 35.06422960818541], [128.84579547761842, 35.05962427748204], [128.85124570069192, 35.041586029842506], [128.83573349674757, 35.01635086390243], [128.84109005336478, 34.99714378162463], [128.82731002810795, 34.988047656887005], [128.8296139896939, 34.994525924295296], [128.8181423113676, 35.00138028727874], [128.82602998529185, 35.01378032650727], [128.80580859847552, 35.020595660852464], [128.81500308839898, 35.02897027579476], [128.79598986690166, 35.05890284224201], [128.83077980982048, 35.072892155652454], [128.83070344561003, 35.080446487298495], [128.80949256161838, 35.08278081783569], [128.83247305545595, 35.08631315072761], [128.82276319531059, 35.09881611338609], [128.83665582079811, 35.10198775330213], [128.8429403905099, 35.11296974857826], [128.83356802159656, 35.12918910076184], [128.81544724023152, 35.13256227459942], [128.79402273725665, 35.15793864075243], [128.82801308053266, 35.155757937371526], [128.86368996789872, 35.16743410801996], [128.8654529447669, 35.15792088914184], [128.87579125486937, 35.15230881072213], [128.87925755731314, 35.16199323006961], [128.8723536579352, 35.172274289032615], [128.88019930669716, 35.17203049299251], [128.8815648181799, 35.18293809868363], [128.87038897776137, 35.20171224662657], [128.87905662643058, 35.20976298450512], [128.91022909536053, 35.21501883745479], [128.90504598342622, 35.22007429742726], [128.90953104141997, 35.22308536415739], [128.92348871431918, 35.21605396989045], [128.9448320866592, 35.22792179440606], [128.99760664208236, 35.23438729442228], [129.01281372559808, 35.27345078877963], [129.03923404218543, 35.27588522443608], [129.06013398666815, 35.295554175602426], [129.0731730478537, 35.289942041962505], [129.08910874001845, 35.30314234784233], [129.11042351016636, 35.305969197083336], [129.1345724702276, 35.35141106740709], [129.13140274084756, 35.36564764885073], [129.17807634762252, 35.351441813571256], [129.19358066827675, 35.36100526803991], [129.2005262441342, 35.38866596354607], [129.21772140923156, 35.37867306903836], [129.26527076472655, 35.38647176283808], [129.28318077509877, 35.36522513001945], [129.2798561764195, 35.341514353807554], [129.30087518247925, 35.334243671156486], [129.30265183212205, 35.321371878147374], [129.28967060537943, 35.31815424049438], [129.28185130949086, 35.3265911285792], [129.26295449610078, 35.31515880664624], [129.26047307465416, 35.28139070495384], [129.23409245511652, 35.26239017756238], [129.2519668852276, 35.260214844769564], [129.25337576324543, 35.24666823722878], [129.23892287575103, 35.22052141768926], [129.2284587450895, 35.2207144442862], [129.2332332279117, 35.21447461013801], [129.2247504041364, 35.1857327382342], [129.19967833849012, 35.17907702843201], [129.1941222642016, 35.16108144793322], [129.18118813645177, 35.15474387095549], [129.16444518646745, 35.15915691416499], [129.15056078953748, 35.151753441806264], [129.1527871550036, 35.15735199105734], [129.1463709897158, 35.15336769252019], [129.13408161895987, 35.162168352300576], [129.13733384104538, 35.156805018213156], [129.13650135985554, 35.15375586288658], [129.12098324072193, 35.13772493745789], [129.1184371353254, 35.136547359106956], [129.11181015089383, 35.135477062726224], [129.12061039938683, 35.133949727165444], [129.12702722519055, 35.11981432205294], [129.12349589161863, 35.098860334091654], [129.09459587195863, 35.099125531158975], [129.09181331926223, 35.10779364320242], [129.07491424348004, 35.103577800926104], [129.06719791808808, 35.10769398081242], [129.07377788419188, 35.11674639795173], [129.06529893880335, 35.12962310748651], [129.04509842599035, 35.1156815807148], [129.0395042524266, 35.095225179067526], [129.05794213264312, 35.10124062215544], [129.08428764400523, 35.074203035802775], [129.09427059287262, 35.08069260653919], [129.07997959519076, 35.071384545121525], [129.09650163855255, 35.05971983809037], [129.09150210662608, 35.051027785749426], [129.03988638379454, 35.08073177231654], [129.0313748529301, 35.09224282499297], [129.03605078546966, 35.09636390192045], [129.02867277741564, 35.09636890178279], [129.02459226925455, 35.07608456621619], [129.01597168618292, 35.0745527620154], [129.02227748343276, 35.06234094564348], [129.0158556740009, 35.05308634620245], [129.0083646767923, 35.0508106817845], [129.0051454785631, 35.084397733465494], [128.99311906615398, 35.08386999399523], [129.00129603740098, 35.048215040820686], [128.99027743067396, 35.04908470769659], [128.98455919395383, 35.05969255961449], [128.97279707324896, 35.05663222792713], [128.9821400319223, 35.0477610653449], [128.96958220800866, 35.04747089286919], [128.9656766475302, 35.032636689770484], [128.95090449520768, 35.078017227783455], [128.93851606290053, 35.07810166840806], [128.92535444740878, 35.093411534530844], [128.9121729069662, 35.089365281474244], [128.91217533550352, 35.07946303225213], [128.89532140440446, 35.07914157447694], [128.9054627609308, 35.11805913018915], [128.90064416208733, 35.119256386360945], [128.88196559420194, 35.06005509004624], [128.85879602061198, 35.0697586196432], [128.87454771693734, 35.069733064750224], [128.8719511530955, 35.08047806394134], [128.83476246476482, 35.08024503937214], [128.83356955482668, 35.066267428925144]], [[129.03849708055327, 35.09362267838633], [129.0382160754761, 35.09700868573582], [129.03631505397712, 35.09642289270006], [129.03692475467798, 35.09472353010395], [129.03849708055327, 35.09362267838633]], [[129.11590419569734, 35.14968952477852], [129.11199066268026, 35.13637543325397], [129.1207525835756, 35.13818147440849], [129.13666352339698, 35.15673118021629], [129.1329182047037, 35.161915390998345], [129.1343682592253, 35.15470749908686], [129.11590419569734, 35.14968952477852]]]}}, {"id": "8", "type": "Feature", "properties": {"name": "\uc11c\uc6b8", "full": "\uc11c\uc6b8\ud2b9\ubcc4\uc2dc", "region": "KR"}, "geometry": {"type": "Polygon", "coordinates": [[[126.88970719808991, 37.452324123487436], [126.86890824425872, 37.495100292797325], [126.84648396021252, 37.48170481737114], [126.84532782726085, 37.47380367762621], [126.81475306932268, 37.47466778953366], [126.82333329535585, 37.48821757534788], [126.81266872402362, 37.49662859635275], [126.82159414369191, 37.502061252630334], [126.82846062923139, 37.52670278937289], [126.82214710748974, 37.54067925643015], [126.80284918268174, 37.54308164775801], [126.79440080024341, 37.5358308630404], [126.76434462306543, 37.555216871109145], [126.80078804748985, 37.588003506064844], [126.80093469942108, 37.60433652672384], [126.8509394260532, 37.57561931537229], [126.87707656896659, 37.57890294324922], [126.88482247645315, 37.59339156125308], [126.89984123859193, 37.589866904828185], [126.91246668819639, 37.64168518354049], [126.90527090887042, 37.648914873430456], [126.92126892195863, 37.6455576652439], [126.94730531549875, 37.6589315442636], [126.97507466788086, 37.63138628651299], [126.98636747030174, 37.6406509135974], [126.97944805866928, 37.6558273383455], [126.9941556158441, 37.66627693413485], [126.99173632766428, 37.67946543249625], [127.00862503813086, 37.684869471420576], [127.01584584752527, 37.70102523886384], [127.02715195609714, 37.700718475057165], [127.0324683384129, 37.69171225536733], [127.04820486178114, 37.693913737164664], [127.05077658612298, 37.687021624314454], [127.07734112258754, 37.69638438035926], [127.09579195526719, 37.68886098597054], [127.09396031613478, 37.66257066784949], [127.08603443399842, 37.65591267225598], [127.11115471503085, 37.642411591637234], [127.10350738000311, 37.62290365585501], [127.11567458701147, 37.61929460112488], [127.11837502985998, 37.60737632861361], [127.11782383634053, 37.59400532907511], [127.09975048588927, 37.58305151357613], [127.1011460799232, 37.56002336317411], [127.17766725925382, 37.58083494134746], [127.18355190345548, 37.54582646715933], [127.16319304745531, 37.54501868568689], [127.14113212588735, 37.51564465122406], [127.14113544171697, 37.50545395934769], [127.1613782187471, 37.50025065997565], [127.15763863747891, 37.48914280054281], [127.11674713187564, 37.45859429669539], [127.0963176312864, 37.46143202137049], [127.08798962369333, 37.445061519871594], [127.07165113315283, 37.44179568919055], [127.07045631000307, 37.43006340527568], [127.05089348836941, 37.42965493838712], [127.03586426708745, 37.43915589962556], [127.03126894028551, 37.46577535727363], [127.01106032839904, 37.45538864973786], [126.99627509882059, 37.46671749087119], [126.96303541990515, 37.44102117675872], [126.93952757367016, 37.43595763292998], [126.92874943387082, 37.45019265142709], [126.90446939432324, 37.43405783101786], [126.88970719808991, 37.452324123487436]]]}}, {"id": "9", "type": "Feature", "properties": {"name": "\uc138\uc885", "full": "\uc138\uc885\ud2b9\ubcc4\uc790\uce58\uc2dc", "region": "KR"}, "geometry": {"type": "Polygon", "coordinates": [[[127.21067515846498, 36.43548572573543], [127.19908668746794, 36.44004523265668], [127.20473347031805, 36.45929025054558], [127.19201739291093, 36.47466651647477], [127.19467546940622, 36.489593554939304], [127.17687680580985, 36.49252957401574], [127.17001846888749, 36.509037876211906], [127.18223038201842, 36.52146400289803], [127.17424052382016, 36.54218948421706], [127.19182944647815, 36.54603565724841], [127.18675520767309, 36.55294163109525], [127.20791495257721, 36.57873175078612], [127.19275490007064, 36.5808597738473], [127.19054811632684, 36.5940816960446], [127.15559470532158, 36.60614085321765], [127.14996398572943, 36.619067105783095], [127.16023834864971, 36.62459802819459], [127.15303588141391, 36.645039554141455], [127.16440129979566, 36.67834108505827], [127.1614004324606, 36.690573702701506], [127.15707494941292, 36.69547754045348], [127.14155690793953, 36.68975050161019], [127.12765872447403, 36.70799535232896], [127.16335774763337, 36.73364128591465], [127.2029216097686, 36.72617528145413], [127.24580881280117, 36.695818612283034], [127.30459470036844, 36.68487601408166], [127.30162418324214, 36.66008523412434], [127.2869562454221, 36.65416905111462], [127.27670647626819, 36.638516295681775], [127.29236788308711, 36.63575984397303], [127.29128423720721, 36.62554278551131], [127.30714860487393, 36.60151554265241], [127.3010564850916, 36.582196946306276], [127.32238647724026, 36.58253400616043], [127.33794417335761, 36.56253373166683], [127.3770729168576, 36.56775157850302], [127.37267327572799, 36.55965856365666], [127.38348836569338, 36.54200512793118], [127.40151507038524, 36.54149320403639], [127.40840294465754, 36.527193519947645], [127.39754992790805, 36.521048610214045], [127.4088497053343, 36.50960131732451], [127.4088066988029, 36.49529747859688], [127.3956687444112, 36.49161155068815], [127.38277210499206, 36.50044784837237], [127.36034838383773, 36.490222788369316], [127.36450180287572, 36.472432370742524], [127.35595353002903, 36.464018087076525], [127.35870915991386, 36.45603282506565], [127.32673817660775, 36.421912997037694], [127.30404254190387, 36.42509464808893], [127.28699054088966, 36.41532437734148], [127.26241311988062, 36.41662500307286], [127.25079566419382, 36.40675835257603], [127.21067515846498, 36.43548572573543]]]}}, {"id": "10", "type": "Feature", "properties": {"name": "\uc6b8\uc0b0", "full": "\uc6b8\uc0b0\uad11\uc5ed\uc2dc", "region": "KR"}, "geometry": {"type": "Polygon", "coordinates": [[[129.26233558319606, 35.38558126752062], [129.2087084758063, 35.38117127544707], [129.20297368420788, 35.38786983020016], [129.2199949023348, 35.408769680617276], [129.20201989529093, 35.421604216249705], [129.19659230527577, 35.439353965912204], [129.1656440436094, 35.43207878286996], [129.12266116575552, 35.46526945793792], [129.10400944464172, 35.49728258980415], [129.05910995180588, 35.51613404917777], [128.99449906539172, 35.528989458283654], [128.99304456944296, 35.54794077163011], [128.97364753026324, 35.55223198706079], [128.9709031054137, 35.56063916012274], [128.9953849395832, 35.56890495321609], [129.02318375163148, 35.590773945636045], [129.02183671094232, 35.61400471633768], [129.00741531125044, 35.615959992902866], [129.007734402281, 35.626807266157], [129.02097816830363, 35.63556088852573], [129.03705308885847, 35.63221748091651], [129.04731156623572, 35.650146667720406], [129.0812058572966, 35.64343175839386], [129.06804999803984, 35.65874656480451], [129.06756921865764, 35.67124164785093], [129.08611865038645, 35.700725596582856], [129.13524492721697, 35.711929816342746], [129.1457201819203, 35.72469752196527], [129.16063965091655, 35.71487964565827], [129.17685676445345, 35.715531148026095], [129.1815171899236, 35.72313901257429], [129.19764570092747, 35.715794319449], [129.20723454961526, 35.72150751730422], [129.23406285658183, 35.703582594047404], [129.25910428252868, 35.69821460496749], [129.25487104563257, 35.66090051717066], [129.26950008999398, 35.65104352825378], [129.29580796064099, 35.6443030989463], [129.30357010391245, 35.656968549059926], [129.32399437098928, 35.659210286292954], [129.3586098962238, 35.67972583349411], [129.45000815531807, 35.650948468950105], [129.4408129706256, 35.632391323078835], [129.46130523280493, 35.6073219533063], [129.46517134946762, 35.586602474658314], [129.45263630993685, 35.57832563192694], [129.4547175163088, 35.52684771002911], [129.43882501552667, 35.52856151896663], [129.43891468493266, 35.51946442644592], [129.45062131734275, 35.525312977108484], [129.44549480990597, 35.51099228590384], [129.43295811133743, 35.51087901863627], [129.44344861264227, 35.5021302446174], [129.43198183071314, 35.493573892240285], [129.44156564483956, 35.49584890240292], [129.44652520488737, 35.491050851818045], [129.40928793957508, 35.47107153820758], [129.40303565034455, 35.499711537500886], [129.36234182903755, 35.50530990428694], [129.38932646398152, 35.48774480307969], [129.36491508412257, 35.45666239714398], [129.35439630483623, 35.45973570734146], [129.3526707788447, 35.46541052798455], [129.33933909225908, 35.47526715696355], [129.33905219249831, 35.48013404098792], [129.33654904734408, 35.48235087225149], [129.33570435294038, 35.48240599445166], [129.3499665066324, 35.44827187356664], [129.35955700711781, 35.44796125826202], [129.35513969244178, 35.43853818767626], [129.37335179610844, 35.4472448784722], [129.36394656600717, 35.41454938616262], [129.355795909817, 35.414131921121616], [129.36292517570254, 35.40618290482866], [129.35229633265354, 35.40282353660499], [129.3574460950726, 35.39495969245739], [129.3465058265487, 35.38941750506527], [129.35296734446376, 35.38585037752481], [129.34555508774383, 35.376422864356556], [129.35596181804638, 35.37390003894265], [129.3615918923039, 35.35861662526364], [129.3357503672826, 35.35592818037696], [129.3136442275032, 35.33046000246084], [129.3045309283998, 35.32951391038803], [129.2798561764195, 35.341514353807554], [129.28318077509877, 35.36522513001945], [129.26233558319606, 35.38558126752062]]]}}, {"id": "11", "type": "Feature", "properties": {"name": "\uc778\ucc9c", "full": "\uc778\ucc9c\uad11\uc5ed\uc2dc", "region": "KR"}, "geometry": {"type": "MultiPolygon", "coordinates": [[[[126.11116558092695, 37.26756256172504], [126.11849515462427, 37.248281050939724], [126.12865317528717, 37.251812879866335], [126.16617577910142, 37.23258211001923], [126.14658685142703, 37.219523639046955], [126.15762233990756, 37.209574859791815], [126.14001792764878, 37.20322308206822], [126.1407771730173, 37.196299085693], [126.13255480016147, 37.201135527326585], [126.14211356813227, 37.21427962162856], [126.11736428844448, 37.2092869106257], [126.11261845104472, 37.22232572305401], [126.10016965366121, 37.222039754417615], [126.10301817167206, 37.229745773942156], [126.0837598434615, 37.22164453851265], [126.10041099937884, 37.27277271623722], [126.11116558092695, 37.26756256172504]]], [[[125.71562129208642, 37.67276221129088], [125.70185663578701, 37.65876604209647], [125.71281555417744, 37.654490877878786], [125.71381742464177, 37.6494913053793], [125.70038147950389, 37.658578488818726], [125.68375497229137, 37.65284828656636], [125.68446143479073, 37.669402296487746], [125.67611439486487, 37.67600607277589], [125.7146431017359, 37.682362688563586], [125.71562129208642, 37.67276221129088]]], [[[126.1984687990982, 37.67827329008868], [126.21141020612374, 37.66659204367874], [126.20807616243465, 37.65464948325122], [126.18849208166037, 37.65748164559517], [126.18133814613813, 37.668729920436945], [126.16731349808332, 37.66618127854535], [126.15347769667572, 37.67739796039032], [126.17219977055566, 37.67668014721562], [126.19484315013841, 37.68911259106125], [126.1984687990982, 37.67827329008868]]], [[[124.72155276327759, 37.84466060628455], [124.72863352571459, 37.839156780913925], [124.71420090203665, 37.830364983528774], [124.7206330227349, 37.8170461771558], [124.71165941505333, 37.80699448851522], [124.6970708474707, 37.808537349511234], [124.682006966687, 37.79823402168329], [124.68375200754113, 37.8127932351482], [124.6621872102072, 37.821668066684], [124.67707686607784, 37.82048015796906], [124.70270941983686, 37.84937435605659], [124.72155276327759, 37.84466060628455]]], [[[124.72157921032849, 37.98199407342299], [124.7459071450807, 37.95770954848251], [124.7330417458282, 37.96218775089887], [124.73491018501885, 37.951369791886], [124.70799514906811, 37.944104863903924], [124.69893471168928, 37.9188339232393], [124.68969339565038, 37.9144935599322], [124.67985217723216, 37.921957360388944], [124.63757839918725, 37.92289848593749], [124.62497750738498, 37.953282666487084], [124.61036344072325, 37.96332702729712], [124.61560252945841, 37.97809300560943], [124.64047054336363, 37.96875046447592], [124.67417652733343, 37.98190494318568], [124.72157921032849, 37.98199407342299]]], [[[126.30376155697734, 37.26552384190719], [126.33143336460459, 37.25544137034431], [126.33505595792546, 37.26308620066859], [126.34898605477272, 37.25930217876095], [126.34290464800343, 37.24999959911137], [126.31840223473343, 37.24402613547558], [126.27793254257523, 37.263058947013896], [126.2866575200754, 37.272311203433595], [126.30376155697734, 37.26552384190719]]], [[[126.42252286379166, 37.42116841962227], [126.4093146626596, 37.43795975350066], [126.3996778497408, 37.434077662546954], [126.40399851410854, 37.4397400968265], [126.39528821889992, 37.44608546632017], [126.38095688396189, 37.43461973434796], [126.36408579418737, 37.44165377585744], [126.37221465201107, 37.44687659709217], [126.35625240947226, 37.4695713295232], [126.43217335665307, 37.50391953636948], [126.48298708311133, 37.50419930870835], [126.4983927427595, 37.531848466830084], [126.51377682010217, 37.53497770515297], [126.56550231909705, 37.514646324023865], [126.58285181284452, 37.491578132294904], [126.56483609796068, 37.479621115461775], [126.50734573508326, 37.465809485938856], [126.49616382660763, 37.44820679308625], [126.44262261640418, 37.421135410016554], [126.42252286379166, 37.42116841962227]]], [[[126.33689331989338, 37.552181538484476], [126.34443831944407, 37.53900894715846], [126.38404239605501, 37.53925818783297], [126.38399998921373, 37.53076325272614], [126.33584047347853, 37.53033851796256], [126.32662601888134, 37.521687246354176], [126.3288065451083, 37.54106897659683], [126.3073598457992, 37.56024897316157], [126.33689331989338, 37.552181538484476]]], [[[126.32560659026167, 37.71485490731143], [126.3463931951997, 37.69915963678118], [126.37192799129171, 37.69522767733373], [126.37959242473798, 37.68219808906787], [126.37660940391304, 37.667933547176574], [126.33069421053669, 37.6414766611771], [126.32257691128468, 37.64453712532705], [126.32736700300207, 37.66437895238209], [126.31730429424552, 37.68174175753434], [126.26779155175166, 37.710396884155436], [126.28382133172047, 37.71482899907806], [126.2874176633259, 37.7429939584708], [126.32394892038715, 37.75428392989655], [126.33067809920304, 37.748429959334906], [126.32146310865913, 37.72522291906677], [126.32560659026167, 37.71485490731143]]], [[[126.49082952368327, 37.78953081930826], [126.50803775602914, 37.78329849212648], [126.51238789693636, 37.763537212954], [126.52690245513148, 37.74783294154012], [126.51845734366346, 37.72159809825519], [126.52728142525596, 37.70314165222603], [126.5229825306347, 37.67651724683649], [126.53575523183068, 37.665022501914315], [126.5305280115994, 37.63855248378674], [126.54728151709698, 37.604182991582675], [126.51852321521974, 37.59344059214567], [126.52769866955958, 37.58658332232575], [126.51630768796588, 37.579495901190825], [126.5004654052613, 37.590211481565056], [126.4802971903927, 37.5835800179734], [126.47334402724205, 37.59748811244498], [126.46165666947829, 37.588770118764316], [126.40372284070298, 37.59409865488048], [126.36999033284121, 37.611799839939444], [126.3771777547325, 37.619263713752446], [126.36416121297668, 37.63591458205338], [126.39529445815344, 37.64187322493461], [126.40500133140436, 37.65078291578038], [126.38695287952083, 37.65572311363267], [126.39569551161996, 37.66457324982514], [126.38677116548091, 37.69027485420212], [126.35237254863817, 37.70581012744984], [126.34318275206653, 37.72059792564927], [126.34148314991434, 37.748368589973886], [126.35350462854637, 37.74358800482058], [126.35480650774117, 37.75639763762712], [126.34893426164795, 37.79196822467347], [126.39387318529577, 37.82549239932337], [126.41365930666144, 37.82469324629906], [126.42688650022409, 37.83336859534389], [126.49082952368327, 37.78953081930826]]], [[[126.28172635168661, 37.80873085097658], [126.29422432526805, 37.80210565938723], [126.32388998005102, 37.80929939708654], [126.3346117699205, 37.799178697022235], [126.31795243126903, 37.77590126952211], [126.29103315918381, 37.76263952729277], [126.2727977517718, 37.76974912447438], [126.24767468015848, 37.76544568685397], [126.2320586812595, 37.75114445593654], [126.20276695101394, 37.76927464235896], [126.21599369885396, 37.77837921213307], [126.2231767742662, 37.80541207624023], [126.23777337460164, 37.81706665849732], [126.2644012476742, 37.81837748876551], [126.28172635168661, 37.80873085097658]]], [[[126.48268047953984, 37.28126278981011], [126.49740358616552, 37.27709284122744], [126.50048287078408, 37.254639989414365], [126.48890501132831, 37.25965305134115], [126.48915653739755, 37.25029876403963], [126.47677853152408, 37.25363814637323], [126.48304116679017, 37.24194763776246], [126.45953865675327, 37.223863908853446], [126.43156315743455, 37.23303034294268], [126.4350032404971, 37.2544503172642], [126.4277999881635, 37.26225030279835], [126.43622407978674, 37.26597513890509], [126.43376634034284, 37.27432460315123], [126.44745367590507, 37.271925570364964], [126.4515571383151, 37.28227809829834], [126.47062693197229, 37.28776021695003], [126.48268047953984, 37.28126278981011]]], [[[126.41362412808822, 37.40512835087943], [126.44174566423773, 37.38437024179266], [126.43352043909293, 37.368500649723], [126.41321868658758, 37.36625111718642], [126.40734562649035, 37.38811790982515], [126.39644278546207, 37.39121978148173], [126.40237710799688, 37.40968760212862], [126.40961450038856, 37.41278154024833], [126.41362412808822, 37.40512835087943]]], [[[126.6097197251198, 37.41605126920353], [126.5902939571556, 37.419135534994865], [126.58981373154339, 37.43305495803859], [126.61089887953172, 37.427049487968304], [126.61419491949964, 37.43773299194233], [126.60813798082538, 37.44062839557974], [126.61817781839137, 37.444368664125065], [126.61064119622702, 37.45348853759307], [126.60098784097232, 37.43837340890169], [126.59293509597005, 37.44131828196632], [126.59330424255485, 37.45493393547183], [126.60180147227085, 37.4572579501817], [126.59257992707012, 37.457720709549065], [126.59316780411487, 37.463724961686445], [126.62499892406643, 37.459069898107], [126.61419948429504, 37.464093590037976], [126.61234447079873, 37.47701319216434], [126.603271172698, 37.46552239250154], [126.59557676049808, 37.471848088243725], [126.60624481827791, 37.48630422346441], [126.6050962592342, 37.48017043909651], [126.61365320117619, 37.47889272839066], [126.61885376037854, 37.485474730847365], [126.60982327288986, 37.48739842738111], [126.63205126135979, 37.48770446927525], [126.62744765914306, 37.49324937875425], [126.64076302099006, 37.49587372507508], [126.64111276007968, 37.50497765680893], [126.60438694193329, 37.49681248118924], [126.60266300325527, 37.527045098208994], [126.61099815001141, 37.52779198289849], [126.60265874042513, 37.52784882381359], [126.59914563153856, 37.53917389783217], [126.6050946770271, 37.53932084861924], [126.60658211270162, 37.553685439218185], [126.59371579255499, 37.55425686554815], [126.57257906940627, 37.587784222507025], [126.6124630778915, 37.605430433709564], [126.62339794803326, 37.60279721049733], [126.65246336274842, 37.63957683199508], [126.68007370953424, 37.629639653741584], [126.70528291910733, 37.611537766886805], [126.70450659500229, 37.602648840231886], [126.71199392181632, 37.6047861523375], [126.72512592212895, 37.59200096855635], [126.74362412306513, 37.593349709658874], [126.75181644136558, 37.57957178878135], [126.76731222973504, 37.58802599503989], [126.79367364183499, 37.5816045499506], [126.76427829650976, 37.55533906695236], [126.76019208815293, 37.51587172754705], [126.74217531945305, 37.508397172704626], [126.7426005760681, 37.48664671488252], [126.77984193551697, 37.46579138667863], [126.77035223152424, 37.42904817687088], [126.75369009495193, 37.42253943913569], [126.74581910282696, 37.401170693665605], [126.66106887302728, 37.343249576852855], [126.58461496792053, 37.34738163466011], [126.58452752586668, 37.35466406674054], [126.61190843388417, 37.35530975179463], [126.62473296440598, 37.37414507384809], [126.60987450359247, 37.38716180249997], [126.6097197251198, 37.41605126920353]]], [[[126.4699062707536, 37.527736313197344], [126.47063633900153, 37.51178280566102], [126.4291957090395, 37.517894839025736], [126.45697851008029, 37.5445349393058], [126.47251105442362, 37.53755389515129], [126.4699062707536, 37.527736313197344]]]]}}, {"id": "12", "type": "Feature", "properties": {"name": "\uc804\ub0a8", "full": "\uc804\ub77c\ub0a8\ub3c4", "region": "KR"}, "geometry": {"type": "MultiPolygon", "coordinates": [[[[125.1164703553869, 34.08772199592717], [125.12394071567476, 34.088036914876575], [125.12104098843382, 34.07736610831596], [125.14480268747786, 34.049456881948096], [125.12220035534983, 34.04670737524525], [125.11244097994084, 34.06279822779185], [125.08203428922612, 34.0745574239513], [125.09337855909037, 34.07413261719998], [125.09632719732363, 34.09322569118941], [125.09039130045124, 34.09974990204905], [125.1164703553869, 34.08772199592717]]], [[[125.86253364125237, 34.60613249683095], [125.81703898725016, 34.592942553238125], [125.81064174870609, 34.602663687354045], [125.82549827182923, 34.60952604939458], [125.81263980414279, 34.6097265229938], [125.8143866113163, 34.61602840511597], [125.80070712418602, 34.62083914170126], [125.82089710756358, 34.614677466964], [125.85492670752505, 34.6306399465199], [125.86253364125237, 34.60613249683095]]], [[[125.43218710177511, 34.6953539864065], [125.43169034503975, 34.68564783527648], [125.45469746731492, 34.69684424547073], [125.46570126313169, 34.68730297147467], [125.44808727634258, 34.680559022079656], [125.4449085498944, 34.662875843881245], [125.42744335554242, 34.658701768670525], [125.43027766745915, 34.64372891192395], [125.41475021173166, 34.638524728841944], [125.41378096962359, 34.62244941237404], [125.40293344983164, 34.622834380925596], [125.38870478195896, 34.63317992799338], [125.384525564683, 34.643799367982965], [125.39806946223831, 34.6471616022645], [125.3869295379776, 34.65896191005516], [125.3970374650046, 34.66409844945], [125.40727995483716, 34.69556798066981], [125.44235140528409, 34.70245866900823], [125.44363268377472, 34.696302492423804], [125.43218710177511, 34.6953539864065]]], [[[125.1937815674399, 34.67938281404406], [125.19772982652466, 34.67290453541196], [125.18847932709521, 34.664093500122654], [125.17258677601276, 34.67353551048226], [125.18262213807944, 34.68838394810548], [125.19195083557535, 34.68652094600264], [125.1993010432915, 34.7107477970673], [125.20020794530943, 34.710961782335374], [125.20161442830761, 34.711554048961275], [125.20658943963127, 34.714015893577816], [125.20668745674242, 34.716531472066194], [125.21310967987606, 34.71549455160753], [125.21316783082403, 34.69539163674339], [125.2031797025312, 34.68022934753737], [125.1937815674399, 34.67938281404406]]], [[[125.97929035337076, 34.7203216937857], [125.99167226435559, 34.71961648957626], [125.99797100899124, 34.7057770132212], [125.99732656383567, 34.71910895315127], [126.00473825859949, 34.72050850017636], [125.99027675305565, 34.72966344269681], [125.99930376020599, 34.731547609851454], [126.01048431020993, 34.72153557602967], [126.01467873789782, 34.71041314685895], [126.00859964124304, 34.70379888551847], [126.01504609926755, 34.70109184809939], [126.00838618317995, 34.68443393514949], [125.98036731071691, 34.67255061713802], [125.97600316989231, 34.65907289753508], [125.95572623961642, 34.65752708899244], [125.95368524742862, 34.67180896402475], [125.9403269850088, 34.66320433777812], [125.931318335609, 34.66878498092418], [125.93329695186097, 34.67678611820585], [125.92528842898551, 34.66832767445264], [125.92221148545299, 34.67901283161279], [125.91562125094988, 34.677337346311916], [125.91590773427319, 34.711186760784386], [125.94625820112824, 34.71444729753519], [125.96082079443107, 34.73754762283628], [125.97929035337076, 34.7203216937857]]], [[[125.99887334007475, 34.78749225729817], [126.00016911696528, 34.76205795691614], [125.99195139014613, 34.75522749383706], [125.98920123251735, 34.76196727573132], [125.96270407269225, 34.746765021278456], [125.940061807258, 34.75133752662858], [125.95107120874108, 34.73241668818618], [125.93847319450056, 34.71916581988551], [125.90819466228974, 34.715883214995536], [125.89336255638892, 34.73200323715601], [125.88607322667126, 34.73047012925886], [125.89387902267036, 34.75992107073134], [125.88867016712564, 34.76516953487484], [125.8988334416692, 34.78119000500667], [125.93638710209869, 34.77628577592812], [125.95156624154174, 34.788931681070615], [125.96345774993783, 34.78658937919648], [125.97394591591708, 34.803299620813824], [125.99317573799584, 34.807371317368], [125.99887334007475, 34.78749225729817]]], [[[126.0631604157956, 34.23896682516592], [126.05815897417939, 34.22458399524302], [126.0430983380054, 34.23166628113679], [126.03570595170171, 34.21870421122755], [126.03390285821416, 34.231259417577164], [126.02345119493955, 34.231746400886045], [126.02613627482856, 34.238868405988505], [126.04788522653769, 34.23912931039799], [126.049079345754, 34.25477369703951], [126.0631604157956, 34.23896682516592]]], [[[126.04856995702914, 34.308258677388835], [126.08894518625796, 34.312198685667624], [126.09396847215122, 34.272895166283426], [126.07993783582198, 34.284414815093726], [126.06724663916124, 34.27351174261424], [126.06302337337443, 34.28900884165902], [126.0529709017328, 34.28702433026638], [126.05574425299929, 34.27405922260535], [126.04963691316591, 34.2816404114364], [126.02342602469966, 34.28515743020256], [126.0241842360124, 34.295334701489615], [126.0151435305277, 34.29112945585386], [126.02081094848641, 34.30288998901259], [126.03239880105573, 34.30479848024536], [126.02128257038551, 34.30943239181149], [126.03418043535129, 34.311805283692486], [126.0318104216371, 34.3178710861403], [126.03924019073374, 34.31956432618096], [126.04856995702914, 34.308258677388835]]], [[[126.05716964125867, 34.32792711505213], [126.05897412533785, 34.31901573300417], [126.03659334748441, 34.322560334236385], [126.04600084200555, 34.32374973807604], [126.03686628737782, 34.330074601079204], [126.01094801024284, 34.32123996397933], [125.99780300586774, 34.325074940804605], [125.99234765876716, 34.33856669818633], [126.01592951855072, 34.3325854511195], [126.01100394329971, 34.33938840348567], [126.02418947291393, 34.33994059894495], [126.0263881839362, 34.3429958747342], [126.05716964125867, 34.32792711505213]]], [[[126.05969365850439, 34.48836435867631], [126.05735936498309, 34.480147995911885], [126.07190488843182, 34.48143067216609], [126.04126279115007, 34.45542755071703], [126.03183378361793, 34.48413097779021], [126.03894953141983, 34.48084097309799], [126.05492538397979, 34.4987009162868], [126.06612550422577, 34.49192731472868], [126.05969365850439, 34.48836435867631]]], [[[126.09964537325925, 34.60930945247943], [126.0991527784101, 34.59674213801434], [126.1115363758327, 34.58837111728254], [126.09348686717102, 34.56955559564973], [126.10110514110507, 34.55311774527243], [126.08292529265906, 34.555119088308906], [126.08665969828994, 34.54630876313382], [126.06234144837886, 34.539244879944846], [126.05674185760803, 34.53048294992186], [126.02521858420187, 34.534404321757926], [126.02926634080279, 34.54407800837838], [126.04703933519211, 34.53895450835701], [126.04449069647106, 34.54683482212356], [126.05788887807506, 34.54949275607472], [126.05554515400725, 34.55604119991026], [126.03850096355487, 34.55783625443077], [126.02732028390301, 34.54878368270481], [126.03100409723922, 34.56272785687067], [126.06481702080642, 34.56135503520605], [126.08036293851566, 34.57825978694523], [126.06394729883587, 34.60795941434547], [126.04588923848262, 34.609226433324544], [126.0491973395219, 34.62892534011109], [126.06846807664292, 34.63525636119428], [126.0875266532762, 34.60907094074967], [126.09964537325925, 34.60930945247943]]], [[[126.0408960452537, 34.63185089687061], [126.0387955268318, 34.60684762517815], [126.05506618411275, 34.604781043327414], [126.06532199857293, 34.58294248765908], [126.05607194533894, 34.568032064515315], [126.03172557120301, 34.572133867260725], [126.01947336199542, 34.56358998224682], [126.01152539152636, 34.589313293976616], [126.02643635899857, 34.592909110324605], [126.01954942842109, 34.60021787722331], [126.01085100700371, 34.59630855640301], [126.0164714346753, 34.6176043950729], [126.00984280806013, 34.63136721429716], [126.0282550705348, 34.635877068051684], [126.02821770475754, 34.64690873421842], [126.04743667632306, 34.669447686270814], [126.05310032826415, 34.65011495159955], [126.0408960452537, 34.63185089687061]]], [[[126.08139453349332, 34.655809395466264], [126.07909252047105, 34.643389686542626], [126.06984878908598, 34.64342542691615], [126.06255477916277, 34.67548822029396], [126.06463403853074, 34.68472639836293], [126.07945580757527, 34.69172954737974], [126.0865139953323, 34.668992221838046], [126.08139453349332, 34.655809395466264]]], [[[126.02999609065772, 34.75727814444064], [126.0252158004095, 34.74010583064565], [126.03156785942456, 34.72288038744562], [126.01847579705476, 34.72322926162371], [126.01055729078965, 34.74510060991366], [126.01687118223514, 34.766922025951466], [126.02999609065772, 34.75727814444064]]], [[[126.1226019739214, 34.879853025843275], [126.13794301385668, 34.87520174559352], [126.14403229774348, 34.88095795476778], [126.15791610602815, 34.862048245174925], [126.13530019090965, 34.86230214013055], [126.13478387759113, 34.85288161817025], [126.15107736298208, 34.84537179576107], [126.13956711143295, 34.835001477565854], [126.14348743972945, 34.82405883915078], [126.1217245510594, 34.83439483768855], [126.11466728390404, 34.82601813356336], [126.12304187197788, 34.81248122423657], [126.11904230420353, 34.800302468739076], [126.09388131642964, 34.79662079831341], [126.09059187962134, 34.814992785403184], [126.07381656152135, 34.82299794099875], [126.05837046659074, 34.84959376486328], [126.08733401968391, 34.86096361428655], [126.1148965798074, 34.850706297470964], [126.12008318363738, 34.85775430802667], [126.11022269994756, 34.86488038623776], [126.10838549450513, 34.87946903635769], [126.1226019739214, 34.879853025843275]]], [[[126.07674044572657, 34.93272366964115], [126.0778373309251, 34.92135338749944], [126.09187231839242, 34.923187516061425], [126.08423650280344, 34.912494709820415], [126.09846369188689, 34.9114047594435], [126.09627970950149, 34.90434254864049], [126.10406825658822, 34.90107671880574], [126.0853437171321, 34.863621802268455], [126.05026745796991, 34.85338177167614], [126.04361044870384, 34.84280400909215], [126.0319176069386, 34.85775299058497], [126.01710271297931, 34.86048550848803], [126.02184338019929, 34.86502043284947], [126.00873567740085, 34.858553056879636], [125.9971159831085, 34.86494733363444], [125.98251814784265, 34.86140631812215], [125.97392496145623, 34.86439167397702], [125.97721597167649, 34.87239596006427], [125.96573994245934, 34.87340155847518], [125.98926647958979, 34.87718910652437], [126.01360018985132, 34.91354947326196], [126.0312344751071, 34.90953322037615], [126.03690719062688, 34.91992015194959], [126.05257261597308, 34.91272898307057], [126.05518248217545, 34.938673005540196], [126.07674044572657, 34.93272366964115]]], [[[126.1280383221841, 35.11624199958487], [126.12052217478784, 35.099541846932745], [126.12344006705898, 35.07579837221197], [126.1162333117857, 35.05824958667877], [126.10589677074606, 35.056789401333255], [126.10864320445069, 35.049033462909804], [126.07576409218808, 35.05352565683272], [126.07426914888828, 35.06724290668721], [126.06409967468345, 35.06485730321507], [126.06347137735837, 35.055132276310566], [126.036690054685, 35.06512839165191], [126.0457629704477, 35.07346235911729], [126.04067580547056, 35.07840372467505], [126.05114742213185, 35.0938551667712], [126.04838295730504, 35.102557654466494], [126.0711465339618, 35.10467847450586], [126.08483055787887, 35.11162264869672], [126.1132349932041, 35.143836742984874], [126.16488248439946, 35.14590531944413], [126.14528082632246, 35.13738481840743], [126.1280383221841, 35.11624199958487]]], [[[126.0288689203697, 35.35507595636514], [126.04144494153864, 35.34634386205508], [126.0313422199973, 35.3349327582772], [126.0141256292757, 35.331620844419504], [126.0196361711722, 35.33950260921943], [126.01227641987107, 35.33968160906972], [126.00891821273058, 35.343737481430736], [126.00838635697781, 35.347546094970596], [126.02331077453911, 35.347134147961896], [125.99580326114028, 35.35651435058411], [126.02066637692798, 35.35641058860056], [126.02070886686484, 35.36441317637898], [126.0288689203697, 35.35507595636514]]], [[[126.27174368264222, 34.39605425267213], [126.25950105249525, 34.38896850486023], [126.26740367310144, 34.378077453439985], [126.24634613987197, 34.37989406532677], [126.23423970439946, 34.36846333586481], [126.23110874029055, 34.37457614500979], [126.21985686839356, 34.3672316214577], [126.20241191139327, 34.37066214386796], [126.21418008655239, 34.36030755034035], [126.18009272715176, 34.35065090017037], [126.18167874305597, 34.35910262999927], [126.16287572431554, 34.35293526993022], [126.15284563189799, 34.3663981193255], [126.14169784998968, 34.357354442911905], [126.12977622228412, 34.35930385670156], [126.1341555393409, 34.37409564174654], [126.14553904635063, 34.378781636626165], [126.14288418222547, 34.38465201694443], [126.11709523607726, 34.37897236675383], [126.0889947915589, 34.41861584534964], [126.11091344931079, 34.44773912867749], [126.12801150436279, 34.44391794683081], [126.11651194917432, 34.459855128524765], [126.17250508344236, 34.48469084228563], [126.19067443280245, 34.51455557635237], [126.18848850597583, 34.49632332098669], [126.2049864419071, 34.49586473338483], [126.19810825605487, 34.5098977034473], [126.2232186965834, 34.51643185698817], [126.2116310920477, 34.5267073801694], [126.22485667473404, 34.53018701166991], [126.22556623112189, 34.54139210840647], [126.23722147531419, 34.532357602912], [126.24656024963407, 34.53185569856424], [126.24585899144506, 34.53973866640728], [126.25499061239661, 34.536790329016874], [126.2609910495527, 34.54818560377314], [126.25507466786378, 34.55952233346148], [126.23943617327868, 34.565918537513966], [126.24455772251504, 34.58019803254219], [126.23821219002161, 34.58378741312752], [126.25020636620035, 34.589498237063594], [126.29780172251763, 34.57416677272022], [126.31024024510758, 34.56312503470241], [126.30287854089056, 34.556596216983245], [126.32549757106823, 34.541236929647404], [126.34165341902393, 34.55003680064185], [126.33697152482804, 34.54333169214622], [126.38249190593844, 34.50364395562106], [126.37302456837001, 34.49684982467425], [126.38390719409541, 34.480411051795514], [126.35802147540836, 34.48060553933829], [126.360471960595, 34.47320549982425], [126.37186007148249, 34.47207826713909], [126.35816577512517, 34.45613750542949], [126.36550855448104, 34.44287528084299], [126.33578794918668, 34.41458954586538], [126.33673523884306, 34.40031456330766], [126.3275300036868, 34.39671150015654], [126.32070209221915, 34.40474523539661], [126.32753178543508, 34.40614153097346], [126.32010707952142, 34.424575953344835], [126.31116862385363, 34.41596554145396], [126.315236287016, 34.40042131868303], [126.30290387569269, 34.41423389199924], [126.30666326669505, 34.402776939005875], [126.2927330203298, 34.4088674027594], [126.29724205990401, 34.39791709623105], [126.28962037668042, 34.39406806967229], [126.30249017585372, 34.395459351491596], [126.30475139955554, 34.388701001089665], [126.2965707712274, 34.38505825181722], [126.30686301432947, 34.385432318710166], [126.30877069136335, 34.373949437023555], [126.29903848836473, 34.368932253671225], [126.29196155776782, 34.3741045663789], [126.28808083793275, 34.36421762207776], [126.27956486337837, 34.37129946948999], [126.28398885742384, 34.388046790924534], [126.29193353197847, 34.391190584714174], [126.27174368264222, 34.39605425267213]]], [[[126.16710080451183, 34.666485180578576], [126.18439463290065, 34.66241333827591], [126.18507672774169, 34.6388481799454], [126.20127171244455, 34.64286523035663], [126.20258851669108, 34.63486824226976], [126.16190625983798, 34.6160530978601], [126.12156694611917, 34.615303408981454], [126.12860809451978, 34.62093928904579], [126.10815807669421, 34.64662248480665], [126.11743999716015, 34.66437681414525], [126.14270985850816, 34.67433162071958], [126.16710080451183, 34.666485180578576]]], [[[126.17390678551206, 34.673130632307576], [126.15412942683373, 34.688272696278695], [126.17703380826102, 34.69463284058477], [126.19359138606515, 34.70979191239409], [126.20384846605185, 34.700095374227956], [126.20129746803748, 34.69031455426492], [126.18489271118369, 34.67400880289774], [126.17390678551206, 34.673130632307576]]], [[[126.11243623147362, 34.773849856615215], [126.12396408328195, 34.77580358676142], [126.13837508967093, 34.75839572429361], [126.17512343068616, 34.75365342054333], [126.19627887951827, 34.71945305948519], [126.17586551427941, 34.69976522118743], [126.12590971033887, 34.6832655939403], [126.09372027147393, 34.70705170820473], [126.07849219205006, 34.705237250434934], [126.07243924926021, 34.7121616150611], [126.06713926287397, 34.707020813612154], [126.07006039748471, 34.74053486356276], [126.08067313873858, 34.75013599703941], [126.06314536347762, 34.76870303904128], [126.08673919733764, 34.7665192009182], [126.07553293736841, 34.772894791686454], [126.07855784337701, 34.77903802301674], [126.11243623147362, 34.773849856615215]]], [[[126.1754378004524, 34.78488607478189], [126.16964517507603, 34.757794069062385], [126.14020793462505, 34.76064841441598], [126.12346289783807, 34.77950564270837], [126.09954444804461, 34.77765534059996], [126.08135553788094, 34.78868895373912], [126.13283156574306, 34.7996604651962], [126.15811043369695, 34.82427929996509], [126.16556955472406, 34.82097340486521], [126.1754378004524, 34.78488607478189]]], [[[126.22753804602168, 34.967754118514144], [126.21445183868255, 34.93336718080321], [126.19938336738174, 34.91596609693801], [126.19023088312196, 34.917159162997535], [126.1879646563951, 34.946106913445504], [126.20406403649781, 34.98327474913901], [126.22920838611778, 34.98469105386498], [126.22753804602168, 34.967754118514144]]], [[[126.16937634427664, 35.01677553387016], [126.1819330208044, 34.99732019126798], [126.1768402708808, 34.99367822703754], [126.1878028812037, 34.98493216822604], [126.17459230016729, 34.945965401878425], [126.1579727054442, 34.937889089950815], [126.14070712078465, 34.94714265746771], [126.12608822690008, 34.942029833531485], [126.13622830837902, 34.997299104460836], [126.1045708142981, 34.994103980536856], [126.10288811173508, 34.999807428213614], [126.0971385192188, 34.99976473490548], [126.10024878451163, 35.007970124541465], [126.1089191685866, 35.006357475132035], [126.12761087430215, 35.02710110465537], [126.15744139991284, 35.02629606582565], [126.16937634427664, 35.01677553387016]]], [[[126.1610152280172, 35.055777686627934], [126.20085119411569, 35.03913656006016], [126.19571114235423, 35.01017872824577], [126.19011241100733, 35.00738603620074], [126.19334464956586, 35.01694079197402], [126.18250052306932, 35.027236014538744], [126.16955983042244, 35.02459968778405], [126.16705125449113, 35.03379509732168], [126.1486225269437, 35.03361204721343], [126.13357575313528, 35.04193574492732], [126.13670681417179, 35.04725310881452], [126.12653799215114, 35.04775388943462], [126.13732884348904, 35.05774844419197], [126.1610152280172, 35.055777686627934]]], [[[126.26270205668672, 35.04560631757708], [126.27407943191888, 35.033938479862535], [126.25592189792566, 35.0126821262118], [126.24722276177012, 35.01366646761738], [126.24286134491307, 35.027500640603705], [126.24145309057067, 35.01912617307835], [126.22884058465065, 35.017519957544465], [126.23268288418896, 35.053062474347826], [126.20447277888238, 35.056879721468235], [126.20541781494713, 35.03945423652658], [126.19419529146215, 35.055006837449945], [126.20424225864053, 35.05705025803665], [126.20082339336888, 35.06183995223388], [126.18243821743377, 35.057802228612836], [126.1673680989853, 35.07239361720352], [126.16118871099346, 35.06668995930976], [126.16557022235591, 35.08346725371272], [126.15871001684654, 35.09660190150261], [126.19043596004084, 35.112796417371285], [126.25024410209605, 35.097036989009574], [126.24182084193802, 35.10606486604995], [126.24770618056681, 35.11071478681834], [126.23963247100005, 35.107567962584035], [126.26133715194123, 35.145224473420434], [126.27425822576396, 35.15084119322691], [126.27986558812344, 35.135827051926704], [126.29177147452224, 35.14163156264372], [126.31826233931369, 35.13139384251537], [126.33034129766405, 35.14111921032506], [126.32633256867736, 35.150163982794616], [126.34591750563918, 35.159757868184656], [126.34444839206553, 35.11540223164447], [126.33159708566548, 35.09472442951119], [126.34355134250902, 35.09201706827642], [126.35319074574579, 35.09958899194925], [126.34481951239377, 35.07726319816525], [126.36473630642395, 35.0797865908993], [126.37043727531304, 35.062000345665474], [126.38039934831463, 35.082323972037166], [126.39805298107773, 35.08327965168439], [126.38979728193799, 35.08182439162163], [126.38418605105278, 35.06777445902923], [126.39077638355427, 35.06520553563297], [126.3966369680704, 35.07667215464844], [126.40426921409086, 35.070734321623256], [126.4034077065225, 35.05058280549438], [126.39094823048572, 35.04324743272083], [126.40163042786295, 35.04330071845304], [126.40236847748668, 35.02727057964425], [126.42630213716087, 35.028057422493575], [126.41786977739397, 35.04188591717899], [126.4572710748228, 35.074376937882825], [126.4357654378156, 35.08633851670868], [126.45759292401685, 35.089890913041174], [126.46466277405499, 35.09972927618484], [126.42058216933567, 35.10645343662837], [126.4030119798273, 35.13539956816932], [126.39067337028877, 35.13804891657699], [126.35234761640814, 35.181533473675124], [126.3397391031666, 35.18631507601537], [126.37216474538053, 35.198889098069344], [126.37663505331376, 35.21177412686542], [126.36200892209705, 35.1969454037606], [126.31748653056653, 35.18027849186142], [126.30700863465101, 35.17822699946984], [126.29812149868897, 35.18812223230748], [126.31367391057347, 35.209571098020014], [126.297544232405, 35.21598560762029], [126.30736558128662, 35.25051001701504], [126.3118338471638, 35.25445203270471], [126.3259445756348, 35.2429218287384], [126.33343287904415, 35.24726874627576], [126.324033504416, 35.252587667146464], [126.3321004104727, 35.267479489088], [126.3248537975889, 35.270716043166104], [126.32336449040858, 35.28806175913784], [126.35839907998424, 35.28935174487805], [126.37438949905145, 35.3015142637922], [126.39695999508044, 35.36887347683546], [126.44411644143403, 35.35557694732874], [126.44798659744743, 35.3485889653624], [126.44626976671154, 35.35711269020776], [126.41059778575641, 35.375542208934476], [126.41880090126018, 35.383150423843546], [126.40787696380009, 35.38145885591213], [126.40205865026715, 35.389904241621075], [126.41215406152187, 35.405090669346755], [126.40330140420974, 35.406139438535355], [126.42216114378134, 35.43002642849483], [126.47871146451979, 35.42422587704254], [126.49281284806108, 35.40914252282908], [126.49046811931301, 35.39504546798851], [126.47739295699235, 35.38619145602143], [126.49730917017648, 35.37340512448082], [126.49368620499612, 35.350541960413196], [126.51282107275992, 35.36201649543823], [126.52041881521491, 35.348364213266585], [126.51386879985714, 35.3274034524168], [126.52434724309613, 35.313868400111225], [126.53138113633955, 35.307420939440206], [126.57049489917422, 35.31074659922861], [126.58504846992709, 35.30077488502367], [126.58597588741921, 35.330552272666736], [126.6042505309578, 35.3355604195943], [126.62506672872489, 35.32133705859936], [126.64473425322905, 35.319865237484784], [126.66673476136123, 35.35154762029113], [126.6854783173378, 35.34458576481346], [126.6992071338963, 35.3496486233212], [126.70458172982374, 35.36511310631844], [126.72267812304341, 35.36724017003356], [126.73207565278777, 35.38413981220087], [126.72214494769243, 35.39999827168686], [126.75429694398166, 35.41793635340708], [126.75130371007378, 35.43689203718201], [126.73812702656105, 35.44911976413488], [126.76395416455388, 35.466018993114545], [126.81357380788494, 35.468847317303464], [126.81540444375258, 35.48437549617941], [126.83988614226243, 35.48309538999394], [126.8390154961886, 35.462515249998106], [126.8530841209328, 35.465471620636414], [126.89484365559927, 35.448481479946174], [126.90472730147506, 35.44079360475796], [126.89748822013526, 35.43560770809433], [126.90313950842128, 35.420829082957866], [126.92066709070274, 35.410892454189835], [126.91746332920722, 35.40211755215759], [126.93356983689941, 35.405804055193904], [126.93552622428288, 35.394364503916535], [126.97653903929474, 35.400103258742966], [126.97039407062732, 35.42743045158014], [126.98161656858781, 35.42646177497198], [126.99416268993616, 35.439774776963425], [127.00001460588884, 35.461574896374245], [127.0144303059035, 35.45745403164557], [127.03462769738933, 35.465801800109766], [127.03698866078413, 35.43361933747442], [127.05230311016003, 35.426858238121554], [127.04723912808603, 35.40278873526882], [127.02728304016286, 35.394925436033525], [127.04643477088855, 35.37694224030909], [127.05590248889004, 35.384927036521695], [127.07027850345123, 35.36612182589625], [127.07029384457157, 35.33972705170782], [127.05230093275478, 35.34021131003177], [127.04332589097497, 35.32176365791137], [127.10550421129737, 35.2991983540031], [127.14539842541876, 35.309121489410295], [127.18163227591702, 35.338017920725136], [127.18683918742644, 35.32255345627899], [127.20087804957903, 35.31580161999344], [127.21574361507994, 35.31657828838288], [127.22451109091554, 35.33663498970858], [127.25954217539433, 35.31175122020289], [127.2884173164542, 35.3141746182877], [127.30851048132214, 35.303123050120995], [127.35636111575141, 35.32125878817399], [127.3844510762062, 35.30327636997462], [127.39848749840701, 35.31174124437891], [127.40154740974971, 35.32510247162462], [127.4313225302281, 35.359531884612906], [127.47283663017579, 35.366180256837026], [127.50141328196517, 35.358826027756535], [127.56815175001621, 35.31828588909182], [127.5907104473387, 35.275374450243646], [127.61493551926904, 35.25027498118866], [127.6213662541375, 35.18851362765889], [127.64530121770899, 35.16130369715633], [127.6939979829801, 35.13178008191846], [127.69460008329773, 35.10308139249992], [127.71824660338523, 35.081970356249386], [127.73746651769069, 35.07808482798001], [127.74220570999717, 35.06027979246134], [127.76471753795293, 35.056661209968], [127.77196204417221, 35.02948160071882], [127.78728639913857, 35.01624595640312], [127.7783024131398, 34.98886080581012], [127.76029552438621, 34.9665437479859], [127.73744993850337, 34.955229594651534], [127.72877924690957, 34.963203886921704], [127.73113649003125, 34.9547703683912], [127.70030944561947, 34.931106585748026], [127.69647451901687, 34.91823663040528], [127.68776784425697, 34.92428625364427], [127.69321491709928, 34.91701995487328], [127.67317239264479, 34.904442013327355], [127.66879203280203, 34.90843868969807], [127.670979744671, 34.90310592986695], [127.65074883824114, 34.890774658188676], [127.63998041799172, 34.886359313495966], [127.60004588143508, 34.938350736359375], [127.59926571464501, 34.926765874319734], [127.57881170496566, 34.91881476017373], [127.59072221872316, 34.91907227612105], [127.61424135325854, 34.89234666955935], [127.58968216024677, 34.87490548778411], [127.60755322502435, 34.850775918935], [127.6238344261171, 34.84424528545793], [127.63637153197665, 34.84661898901911], [127.63511767572763, 34.83859834309655], [127.62687449183152, 34.840495269819485], [127.6267228457293, 34.829796739846635], [127.63952840336799, 34.81982644252088], [127.63874578580685, 34.831118479621956], [127.66159662254437, 34.84449912493477], [127.67011225597318, 34.837026777766624], [127.69505135875134, 34.864885622719825], [127.72039722441211, 34.85887524817225], [127.72869436007696, 34.86339300643543], [127.73591160554713, 34.86405024565082], [127.72873984251257, 34.85977344745872], [127.74324694637188, 34.850934535524054], [127.73938327429103, 34.8621152861697], [127.77414617492752, 34.86080384447645], [127.77517284656884, 34.85689143456319], [127.7778788726439, 34.85684233262468], [127.77988519735102, 34.85229786774919], [127.77178337769924, 34.85205813241853], [127.76978188931689, 34.80386207207291], [127.75927705832983, 34.80022379202888], [127.7451935164102, 34.77719226360012], [127.75696254070643, 34.75224084657826], [127.7482072554834, 34.747180650032725], [127.76924713982424, 34.7449429884571], [127.74233767383684, 34.736995323498235], [127.73678149711463, 34.73226556472533], [127.73437962548972, 34.7243300881731], [127.7355830157961, 34.722452257674924], [127.72475094084514, 34.72632676124524], [127.7029123347915, 34.72039477949202], [127.6781341339799, 34.73569075486117], [127.68047393335159, 34.741596163015046], [127.6664326944813, 34.748460651401004], [127.6630844661943, 34.74060659028269], [127.6636914077431, 34.75628595268271], [127.65764835823484, 34.755454380248906], [127.65850830198977, 34.74615332696439], [127.6412572640082, 34.7268229454259], [127.64294259067053, 34.70663930685314], [127.62519785074733, 34.718220845216294], [127.61375044402243, 34.70658545613806], [127.62786736159896, 34.696385603838614], [127.62341065962467, 34.68731480923765], [127.63944929826795, 34.6835366147969], [127.63147455643143, 34.67998251910633], [127.61889870922036, 34.684525670114084], [127.61743755075011, 34.6829914150647], [127.6331620197048, 34.670190519853406], [127.6298132497315, 34.650522495865424], [127.64264945507304, 34.650385728744624], [127.63331320187909, 34.6362189022993], [127.64617832905817, 34.628797635016305], [127.62494530115701, 34.62983924509349], [127.6151456006522, 34.64316508671012], [127.58924843431424, 34.65184684927678], [127.57480982349274, 34.64770562983938], [127.58097527175431, 34.630470435733905], [127.55347627953142, 34.658455014920335], [127.55238183966252, 34.66929493338726], [127.56346179980223, 34.67517315473857], [127.55021492527973, 34.68226065012029], [127.55936099702888, 34.700424827003445], [127.58116325876878, 34.69380783556602], [127.56171502038724, 34.708086330777824], [127.55312295436524, 34.70058151050817], [127.5556793384735, 34.71228628873355], [127.54811286547096, 34.71243829545104], [127.56375550893658, 34.72420090556956], [127.56111998102367, 34.73199017809029], [127.57858957301463, 34.73301012675972], [127.58246030692106, 34.74554679879777], [127.60386392262953, 34.74335689388004], [127.58409652412138, 34.750308179918996], [127.59018987560707, 34.756516907416184], [127.58314069041161, 34.768777781303875], [127.5726654365859, 34.76006780660891], [127.57165815077656, 34.77442016703836], [127.55944446141491, 34.77732891776689], [127.57274204148541, 34.78289793151059], [127.5572252107564, 34.80682073341321], [127.52286270158758, 34.80982167459158], [127.54338389143062, 34.842143108631134], [127.53226127495456, 34.83586990070494], [127.5256330624909, 34.84528948712067], [127.51477798946233, 34.86967478458951], [127.51809279228253, 34.88066481764362], [127.49090089509835, 34.87673563980153], [127.49502778547468, 34.86087928235589], [127.48584836906618, 34.8416859372017], [127.4341872176928, 34.839844395827306], [127.40085135019214, 34.82505460107572], [127.38238497656148, 34.8361479783089], [127.3535485947669, 34.83906488063969], [127.38298822780723, 34.826737061215674], [127.39196597954077, 34.814548403007485], [127.42747554547846, 34.81386221795361], [127.39502546247358, 34.796314481192184], [127.38667178605647, 34.77904613306588], [127.36956327721138, 34.77873334264299], [127.39298297072531, 34.776692893458254], [127.40228766553697, 34.76662094872986], [127.37328641094123, 34.74152084861341], [127.3964255614195, 34.707134694781715], [127.41474629898356, 34.70695287399811], [127.4227063743768, 34.70143075324089], [127.43263339737592, 34.70172450789746], [127.44484035635743, 34.690570388875045], [127.4451394874427, 34.696924843010315], [127.45204737700118, 34.69499341901349], [127.44357992839507, 34.68225793138348], [127.42017226610956, 34.701432497672755], [127.402136339859, 34.702857325747104], [127.42425293506562, 34.69143712133852], [127.42985262251472, 34.67512160669337], [127.4401554802328, 34.679698930585886], [127.4469732255196, 34.67431480599462], [127.44559138493634, 34.662366902427706], [127.45762987778708, 34.66916034192851], [127.46681844174378, 34.662238881111], [127.47160197349261, 34.665659467550235], [127.46250859285605, 34.67083223386547], [127.47760103077857, 34.67189858772975], [127.47532539879552, 34.656780196195896], [127.49208309565468, 34.64343966865487], [127.45915827420556, 34.64576701732561], [127.49677072098848, 34.63209517802446], [127.5084593764621, 34.59263335773672], [127.49713456800956, 34.5901701588663], [127.4877176405384, 34.573644067437456], [127.46489841501848, 34.57823898423061], [127.45808166747607, 34.59142628128017], [127.44462179765091, 34.57663655331951], [127.43343978086371, 34.588403214537124], [127.41882402682322, 34.58232091889679], [127.41077032231479, 34.58992055913913], [127.39554513921189, 34.5869497436435], [127.39913412933336, 34.57621614442204], [127.40873512122226, 34.57993170303201], [127.40426599326018, 34.56914884314871], [127.41993808092506, 34.57312597054131], [127.42965770509969, 34.565665768841065], [127.40621511407979, 34.56074472360411], [127.40412200111747, 34.568746399459656], [127.39652568359996, 34.55966322378942], [127.43824589361026, 34.54868398552349], [127.42657620497327, 34.54309203695582], [127.43595248285882, 34.53630470589676], [127.42341416255276, 34.52929701198518], [127.43079600821858, 34.51320483577935], [127.4133789705964, 34.52140692859425], [127.404014069323, 34.51520094122828], [127.40400408820807, 34.50498912343919], [127.3889374755718, 34.50970748493406], [127.38005806115015, 34.503773440530296], [127.3914936920067, 34.48853975583331], [127.38242286873177, 34.47862801605048], [127.37807490445572, 34.48723523001385], [127.3707959063779, 34.479934163098385], [127.35839962154925, 34.49151943930343], [127.35115734304537, 34.4809283665208], [127.34055246641113, 34.48943870456914], [127.34130581707645, 34.480947021253115], [127.32522505719945, 34.47652464323879], [127.33759699097305, 34.4678391922475], [127.33272286970015, 34.4634473771509], [127.32342659051955, 34.47016683374059], [127.31696438934073, 34.46355024479364], [127.33940165777187, 34.45464554188343], [127.33893747328426, 34.44552953700775], [127.32764310639656, 34.44133662117661], [127.30464392867836, 34.44968122002337], [127.3161386053516, 34.45386229275575], [127.31003650924697, 34.46193266363329], [127.30194542860826, 34.45756292879939], [127.30067670916029, 34.47026587167017], [127.26759401449429, 34.4821887336057], [127.28292261673775, 34.49752145024932], [127.2553538066566, 34.520477764911156], [127.23040546376396, 34.51784851196999], [127.23336492699843, 34.524804039173326], [127.22024441331386, 34.533956268913165], [127.21466136461345, 34.52407238160226], [127.20939249892544, 34.526725671417715], [127.21176458556648, 34.51640922262739], [127.19436736019725, 34.532373314386135], [127.17869966625209, 34.53090968377333], [127.17293579852208, 34.52021979994585], [127.16647943170811, 34.52588465051327], [127.14581871189336, 34.52101585245087], [127.12113017452283, 34.530128763219224], [127.12125166875009, 34.54091442138072], [127.11203310957116, 34.546911982785616], [127.11321637511858, 34.55933189329375], [127.13568466001338, 34.57355384602226], [127.14847413353604, 34.600656523687675], [127.15955066805923, 34.59122875607266], [127.1708100531123, 34.59451886001497], [127.17243935473813, 34.62706105501661], [127.19624822943427, 34.65172273797607], [127.20293868950367, 34.638304028096634], [127.19796219901772, 34.59671102848636], [127.22614364165842, 34.584625580409266], [127.20181208909509, 34.597020188313635], [127.20755397388558, 34.628729327924056], [127.22414086528251, 34.635867012352264], [127.23264372572949, 34.67855222845658], [127.24366534438299, 34.68504548403074], [127.23654057784168, 34.692852000958254], [127.2533976674511, 34.704926568661584], [127.25128644710013, 34.711971738030144], [127.28090201749463, 34.71866688849835], [127.28017340859914, 34.69967617216655], [127.28702826208104, 34.695998398814154], [127.27948304744686, 34.67299172620115], [127.31464909922371, 34.665205977532736], [127.33190935306895, 34.707057283876956], [127.34398383715254, 34.709498050541605], [127.34309518580307, 34.716012505517114], [127.33255104892773, 34.71479946055255], [127.3269105676173, 34.75157509551126], [127.30357122893929, 34.74959033822535], [127.29269121863372, 34.73063862079165], [127.27200099147812, 34.74159218495069], [127.26197601859936, 34.73174569573547], [127.24628199198101, 34.76077047682476], [127.2374518057224, 34.759225171925436], [127.24487037601048, 34.76618477000386], [127.24041935818728, 34.775121920480515], [127.22878205645675, 34.76353668029532], [127.2353629550458, 34.75858291381014], [127.20938584389877, 34.737561302053514], [127.2063054098799, 34.71888184417921], [127.18720423973868, 34.69591963018107], [127.14391743014109, 34.692628985014665], [127.1279690175271, 34.70244250057157], [127.10723275575529, 34.67683326206264], [127.06464742142353, 34.66051767302647], [127.04662891144277, 34.63470614668348], [127.01200142864731, 34.62461587676726], [126.96381552102861, 34.626126706607316], [126.99372837017117, 34.62380812799339], [126.99447134023221, 34.614611628310655], [127.00931307840636, 34.60769227490252], [126.97928182651978, 34.574030788265915], [127.00468584211856, 34.569865663421], [127.00435279293943, 34.55576628394811], [126.98898349078206, 34.56182771534594], [126.98903082952651, 34.54031253628901], [126.97220280927596, 34.542957712477005], [126.95975414302075, 34.53089139218188], [126.97377053916993, 34.52376063938473], [126.97826206069894, 34.511420597811735], [126.96223896742559, 34.501364225076244], [126.9766142227169, 34.48731171091587], [126.97851249137076, 34.470824731582375], [126.96813218524167, 34.478309586453186], [126.95694953794913, 34.46852406283945], [126.94133110695199, 34.48240578316274], [126.94733582325206, 34.45672682533604], [126.93286777482483, 34.44681097349335], [126.87306222977257, 34.456096744331234], [126.8870070662101, 34.43355296146964], [126.88499036317347, 34.42184817370162], [126.87493733188566, 34.4355556610132], [126.86516061296524, 34.433901424650756], [126.84511598090641, 34.45133857905553], [126.80669770936099, 34.45044112546478], [126.80869860134698, 34.46810921173967], [126.78501684783343, 34.46920056769989], [126.79692948970191, 34.48039117652013], [126.78656251471386, 34.512477099057705], [126.79385403405463, 34.56760995211892], [126.78565268281116, 34.57705749437121], [126.78854492569046, 34.58643782457257], [126.77762385421535, 34.594955719738905], [126.78177800330921, 34.632870071948396], [126.77003669502396, 34.616029127292485], [126.76575624157121, 34.56304985722332], [126.76423790027698, 34.5331457359748], [126.77329578127599, 34.525374430854484], [126.75905177063244, 34.526043631317805], [126.76607838566375, 34.49835275423588], [126.73846041740148, 34.486000146539276], [126.75358015898266, 34.47157367688636], [126.72510596173214, 34.44224184134796], [126.69783889426061, 34.43985392013774], [126.67464037832154, 34.427522581976106], [126.67759733436151, 34.4160842147658], [126.66307761802817, 34.42604923168054], [126.64707820202133, 34.41756879931157], [126.64610994733602, 34.40828109308525], [126.63488418582723, 34.41153937120256], [126.62840630113476, 34.40179960452227], [126.62433554832414, 34.40765257424055], [126.61908742313328, 34.403454490787006], [126.62145477326595, 34.393204724896464], [126.61271021767087, 34.386257756922696], [126.6231224052479, 34.377651301858904], [126.6214283375242, 34.35930620529126], [126.60256845557763, 34.34868202012924], [126.61105654613341, 34.34187031000222], [126.60415579380903, 34.338341763451936], [126.60596532465335, 34.314729259630624], [126.55911294973494, 34.32184499829468], [126.54467095361694, 34.30303737710733], [126.52916091019702, 34.30059109108762], [126.52394046698807, 34.29213665466352], [126.51212298904481, 34.31908150340025], [126.52689407874377, 34.33407588643339], [126.51985368812977, 34.360764718179254], [126.50267022944384, 34.36482805073109], [126.4763086682208, 34.348077922991635], [126.46561249331354, 34.35777302102749], [126.46801740271385, 34.363678313073116], [126.47636855611027, 34.35565028443486], [126.476044558473, 34.36494521745398], [126.48682604502015, 34.36451361906066], [126.47336354813409, 34.37820262018096], [126.48097809533863, 34.38283790076383], [126.47472171088589, 34.38176085069671], [126.47104593043491, 34.38440137405126], [126.49678860952905, 34.38591684757555], [126.48689430250109, 34.408404561346174], [126.50509615280875, 34.40542530164993], [126.51672963586495, 34.41435019523267], [126.50837651501148, 34.43946454236146], [126.49724474631519, 34.43123353013408], [126.48442625515045, 34.433651617306815], [126.48242525907919, 34.42539362551484], [126.45420948253405, 34.44866494384141], [126.46447338536788, 34.45436793536241], [126.47678365123215, 34.45018124571202], [126.46737596250973, 34.45674890081268], [126.47103768416272, 34.469251249381834], [126.46252023512267, 34.46781862351777], [126.45512318717735, 34.47751375211573], [126.46500493263711, 34.484266110298265], [126.45594718785654, 34.4888874250111], [126.46222618323242, 34.49586585168731], [126.45583757100295, 34.50131765235447], [126.47138921485964, 34.506973912045055], [126.45679162282399, 34.52332972000009], [126.43993577950273, 34.523931564812216], [126.46011557703963, 34.53207803293437], [126.44299667243553, 34.539070648242884], [126.43353476355765, 34.53460790582982], [126.43813202989647, 34.54011167305066], [126.43015137977666, 34.55526999627384], [126.3862344028058, 34.532274624192596], [126.3781960493165, 34.538975937735486], [126.38922561716628, 34.551022421480106], [126.38325959741901, 34.56170196862846], [126.36248585805681, 34.560779524958214], [126.33407683778648, 34.57307695141508], [126.31384029471504, 34.566634870295516], [126.30361610209688, 34.5774737814739], [126.31257864550865, 34.58771915796851], [126.29923551731379, 34.59005136959768], [126.29543319769887, 34.60057942661724], [126.29209413234605, 34.591823466556995], [126.28000484652992, 34.595354017859734], [126.28760652539927, 34.60523427171023], [126.28046751009298, 34.61089108223388], [126.26261382791719, 34.60875447288255], [126.25891457922502, 34.61208503850683], [126.27946686738979, 34.6122743841152], [126.2804495893701, 34.6221167573432], [126.29326628782256, 34.629496130958046], [126.2595717849921, 34.64124965735304], [126.26819591134827, 34.64735328364399], [126.25933155493136, 34.653390493798696], [126.25489048232527, 34.67967729065106], [126.26252053189853, 34.68516948658224], [126.26121649997387, 34.70788437971148], [126.26669437939437, 34.7040315798099], [126.2801732813056, 34.717853367106684], [126.27433281601269, 34.728748761188086], [126.28547861392559, 34.75800282500618], [126.29863486133769, 34.76261042457052], [126.33316320017326, 34.740752431211334], [126.3311813897961, 34.72115415954643], [126.34966066131264, 34.709008941388646], [126.33773144107725, 34.68484578898331], [126.3606618410297, 34.63854691739957], [126.3705303974333, 34.63695472735154], [126.37007386531113, 34.60468807682683], [126.38048165463358, 34.61774313110671], [126.45177427708627, 34.58207165525623], [126.45006664151666, 34.589587111891575], [126.46512910948225, 34.594580531896], [126.43608464547977, 34.598092980244836], [126.42669039245085, 34.603958851916886], [126.42846979665978, 34.61365644950423], [126.40534661066332, 34.62552224310169], [126.41754668586806, 34.63644561613975], [126.40556228510025, 34.63344745966601], [126.40500234955597, 34.64661146379864], [126.41934638583933, 34.655981442122204], [126.40184263709097, 34.64540485993459], [126.4010446579682, 34.62764267458583], [126.37388097562915, 34.64368665416289], [126.36113818704094, 34.66820544120919], [126.38821555066721, 34.692662830101426], [126.3782454656982, 34.708890608440356], [126.3759873609188, 34.68857240026476], [126.36353076839572, 34.679201497387375], [126.35503301916036, 34.67678045192108], [126.34461322998533, 34.685715890252226], [126.34730574960234, 34.69472696203396], [126.3682396808256, 34.69886262854964], [126.38435242197231, 34.720133579145035], [126.38845631140214, 34.73098509192968], [126.3626376596763, 34.7435264670772], [126.38040858728763, 34.75281552004331], [126.3746725003239, 34.75597584234206], [126.37919943536737, 34.766983434624045], [126.44917864049245, 34.78320911649983], [126.441455015652, 34.79941879056329], [126.38237600244835, 34.77944495007956], [126.3496584858199, 34.79646976659623], [126.36461134394246, 34.8033461373499], [126.38805215656622, 34.836886030617386], [126.41241312339069, 34.84270123987848], [126.39470182708087, 34.86926020045338], [126.40153466170561, 34.8802108405587], [126.38632343448735, 34.8778588411257], [126.39129054990721, 34.89975968719424], [126.39988147481617, 34.899480385711776], [126.40456738232511, 34.910239473691036], [126.389408352195, 34.92740643317452], [126.3984453718169, 34.93497334739862], [126.38729073228752, 34.94461374617774], [126.39346036642716, 34.963948167286965], [126.37886650186422, 34.97116716764134], [126.37210582970881, 34.99918083280611], [126.36632701734284, 34.985923104888315], [126.37100453926573, 34.97302879193556], [126.3597331465237, 34.968503431167434], [126.37459645567637, 34.95591631572876], [126.36579034650275, 34.943105323563486], [126.37490666110646, 34.94273441144805], [126.36667286988595, 34.93262789423389], [126.3691145429152, 34.919565100453376], [126.35324647077098, 34.92210213599839], [126.34311330829603, 34.91460136652344], [126.32934684870179, 34.91584749607905], [126.32635651230306, 34.93050647575786], [126.30661119388273, 34.927993747195465], [126.32123769698867, 34.9436841228319], [126.2948029125806, 34.96518568182203], [126.31378833199477, 34.98854113257886], [126.30998647262595, 34.975864375520906], [126.31949867403526, 34.98127474275106], [126.32796870175885, 34.96702874651915], [126.34802340911955, 34.97579411944478], [126.35862994542519, 34.992668817206216], [126.33277145785519, 34.993797755727336], [126.38926346303595, 35.025104013901725], [126.38805360558523, 35.03638906791489], [126.38033100834808, 35.04844200042772], [126.35156423398105, 35.03878735828167], [126.34911918541341, 35.05615522183822], [126.33105942882008, 35.0614387163066], [126.34404527438772, 35.07045519722033], [126.32821030844411, 35.08840535280865], [126.31684639714281, 35.08677227786996], [126.31178781719981, 35.074935930296654], [126.31806433155685, 35.070320967264266], [126.30071565641818, 35.06109588342143], [126.31510263518008, 35.05505302078579], [126.30325180595914, 35.04421439367505], [126.29482722840083, 35.04104783843724], [126.3016144886995, 35.04655419220872], [126.28251779945586, 35.061833178221576], [126.27721878469261, 35.054076428899094], [126.26010974738512, 35.05323293080039], [126.26270205668672, 35.04560631757708]], [[126.56118443932283, 34.68235567241757], [126.5359965685059, 34.66766859234574], [126.52434983680415, 34.672302639958495], [126.50985862963442, 34.68810727775381], [126.52731930326411, 34.68874543303283], [126.51010350686553, 34.69283595059651], [126.49532179352533, 34.70865236612296], [126.50676971930528, 34.71349700442842], [126.47032334386984, 34.71878354387246], [126.4768751456361, 34.727238513759495], [126.4717796706236, 34.73767082552046], [126.4570841879078, 34.72784615549906], [126.44958177671343, 34.73714219333372], [126.44062777099641, 34.728024943776376], [126.42361468859593, 34.726457090392515], [126.4271545653261, 34.73358606540703], [126.436176588708, 34.73081109621253], [126.44884669150726, 34.74342278228141], [126.43943281700841, 34.73734132351686], [126.42794256390461, 34.74395233420838], [126.40117036090102, 34.7388424178625], [126.38818649715182, 34.720341075286385], [126.42188216946327, 34.71338805629191], [126.41916975035147, 34.704877469000614], [126.42556404919584, 34.702650171089886], [126.43978973432418, 34.710116746574464], [126.45268729139305, 34.706318630388346], [126.45755156290556, 34.69734256578058], [126.45121431651579, 34.68636595910773], [126.47143408525275, 34.659149511400685], [126.50233707112237, 34.653514252528694], [126.52560995553459, 34.63451135483867], [126.50388036039584, 34.656795454149005], [126.47951465546862, 34.66130612130386], [126.47923085537901, 34.67984719842625], [126.5061215249334, 34.65998264419132], [126.54270963953509, 34.65493743070564], [126.57875848371881, 34.635569506722135], [126.6208034674961, 34.62935164552166], [126.58055287841152, 34.6385480942649], [126.53808738900352, 34.665477887935246], [126.56118443932283, 34.68235567241757]], [[126.87210447151834, 35.24832901241699], [126.80569379583584, 35.21885070142298], [126.75552470429545, 35.23438855825338], [126.7611554671275, 35.25840993141004], [126.73718572562056, 35.25205511056627], [126.71775169226505, 35.21189081430055], [126.70263101012037, 35.20780365585046], [126.6872602176824, 35.21541172299447], [126.67749169198252, 35.191092877472435], [126.65312064077364, 35.192403057045865], [126.67191760020779, 35.17205270510042], [126.65397371140273, 35.164569043930726], [126.64638616920111, 35.14544039287485], [126.65319173828615, 35.14470194118071], [126.65184270297527, 35.119601531964925], [126.67051548271375, 35.10486890954981], [126.70491629708984, 35.112780879360635], [126.7306877511473, 35.107120058949555], [126.73211866679469, 35.11342317188932], [126.762036892662, 35.09097820958766], [126.77056197408503, 35.07275706450019], [126.75281484661281, 35.06453618475677], [126.75704468490069, 35.05948163221132], [126.76868568793934, 35.06492346783357], [126.76723370799077, 35.05680137036765], [126.77573029205104, 35.05325917672072], [126.79520398677207, 35.06116723750484], [126.80371678668523, 35.052386096761566], [126.8189691718436, 35.05252034867692], [126.8556866497815, 35.07814132278509], [126.89206178709185, 35.078161321118365], [126.91806198827122, 35.09149319218392], [126.93240119637986, 35.07443574951286], [126.95141359165672, 35.07292645502299], [126.96668552019439, 35.08957839049452], [126.98740660698317, 35.0942126937791], [126.98873417915688, 35.1099445501208], [127.00907732690398, 35.124406830529246], [127.00795939610911, 35.15491064050678], [127.0214698068767, 35.17345714734088], [126.9996151464618, 35.18835672001666], [126.96866835711168, 35.180940972189255], [126.95860096259862, 35.19319193417984], [126.9658996272668, 35.202701225637426], [126.92942701819628, 35.25221284827894], [126.90571861370394, 35.25887302916622], [126.88755141349074, 35.24628799258444], [126.87210447151834, 35.24832901241699]]], [[[126.30534717916863, 34.91593649581827], [126.35165722071642, 34.898420469243995], [126.34953850990061, 34.887155149036644], [126.34527213163142, 34.89436632781751], [126.3349417748217, 34.8866322104166], [126.32637965109612, 34.89167241737927], [126.32991603971945, 34.8793066728628], [126.31304144482448, 34.87899269056708], [126.32566194447031, 34.87308391610191], [126.31562046068024, 34.86662763699414], [126.32103552003178, 34.86219374809189], [126.35432128735503, 34.8647283653562], [126.36786074365492, 34.8575211516277], [126.3716258303726, 34.84325985372531], [126.36554882509988, 34.83623203975419], [126.37337890735205, 34.833053919428565], [126.35756845977753, 34.81460862085025], [126.3274838602935, 34.82157679912324], [126.34579081965657, 34.83540492702371], [126.32864279617597, 34.85111915224058], [126.31641433898278, 34.84614711108747], [126.31255088618175, 34.85328120232274], [126.27657152762744, 34.85574783763566], [126.2622191380143, 34.84013654242151], [126.2265865926545, 34.84746779133885], [126.23289537077785, 34.86476098637612], [126.26417374238983, 34.85931283852016], [126.26940080478902, 34.87294776384943], [126.27932918696122, 34.86340227599741], [126.28042518579839, 34.88654730889998], [126.29259853612717, 34.88129499497427], [126.30367839745178, 34.8872178356104], [126.28050849986633, 34.91044170420566], [126.29641337876048, 34.921998535064624], [126.30534717916863, 34.91593649581827]]], [[[126.25424726968639, 34.931498049493904], [126.25496644073964, 34.91335128879618], [126.24578789290919, 34.917097568454665], [126.23413846916384, 34.90936975980389], [126.2200795794291, 34.9186531882425], [126.22756494860317, 34.93758363034808], [126.25424726968639, 34.931498049493904]]], [[[126.2801891007932, 34.96581877102185], [126.28880324338307, 34.962631389520745], [126.29818779478745, 34.93342876131567], [126.28095331379241, 34.93465769708189], [126.28700365678857, 34.94244054371316], [126.27183181932195, 34.956824885360646], [126.2628006365115, 34.9518191423512], [126.25842793698929, 34.95723588010172], [126.26358156536737, 34.968769492859984], [126.2801891007932, 34.96581877102185]]], [[[126.26184718187758, 35.00573863381056], [126.27074849726081, 34.976166198061115], [126.24885301365636, 34.972934303276006], [126.24654972330025, 35.00633853383039], [126.26184718187758, 35.00573863381056]]], [[[126.55754835706982, 34.16807690459235], [126.57041445580488, 34.170377231692065], [126.57407379899247, 34.162528247935604], [126.57640905019841, 34.16877952622425], [126.5977436890104, 34.16896715514584], [126.62073288073864, 34.1650177587349], [126.62473561740674, 34.157110500768475], [126.61698024491892, 34.14829975298463], [126.60315073650484, 34.15895000864376], [126.603143260892, 34.14571211434172], [126.5910960305556, 34.16174287967034], [126.57958870543244, 34.15687535831618], [126.57738552525355, 34.144397040965266], [126.5661903966693, 34.143417056619015], [126.56434637534548, 34.13494303329736], [126.51245788156278, 34.12115762707585], [126.50430100148125, 34.16059682853259], [126.54011602094963, 34.182539232856485], [126.55754835706982, 34.16807690459235]]], [[[126.57269509226985, 34.22838068821082], [126.57287245021833, 34.22281197006097], [126.57731740746623, 34.22858239395544], [126.60794112093154, 34.224228989090356], [126.62390200447578, 34.20666820083835], [126.61537900884659, 34.19562670838383], [126.60343402625153, 34.199548984616484], [126.6169899650102, 34.18557644151312], [126.61486174470784, 34.17829299030792], [126.58686959559476, 34.172260959695414], [126.56027598775238, 34.178913401888586], [126.56178891668755, 34.18896196017435], [126.54777629772434, 34.18897285079687], [126.55601363934277, 34.19582830787385], [126.55297518690257, 34.20655930644127], [126.56353426434586, 34.21179549756958], [126.55399141188028, 34.21176106189395], [126.55641589504776, 34.21857685343107], [126.56595316374329, 34.21984872338686], [126.55283173654541, 34.23363143041355], [126.57269509226985, 34.22838068821082]]], [[[126.68378851035361, 34.18201521062853], [126.68233785058216, 34.17571562882804], [126.65666107293272, 34.16882372727293], [126.6687147539393, 34.16280785709443], [126.67020187436297, 34.14937624582077], [126.68333456486309, 34.14886104700946], [126.68083307849005, 34.13923086467189], [126.66923211627815, 34.14341612282391], [126.67108955020201, 34.11974723850687], [126.66009593883433, 34.11058925286], [126.64750674841709, 34.11440311118156], [126.64777066007112, 34.130497544875595], [126.63755715416764, 34.11974415165176], [126.62717707889587, 34.14739251263016], [126.65146932019503, 34.16990891036276], [126.63354718677537, 34.179663442011325], [126.63262706867422, 34.188184438456545], [126.64465086264943, 34.19032801148411], [126.65022280409997, 34.20046131473966], [126.68378851035361, 34.18201521062853]]], [[[126.84959326737452, 34.34523493035701], [126.86917453199914, 34.350652972696736], [126.87947285978417, 34.33764846311796], [126.89965004132648, 34.341152365645804], [126.8975297380097, 34.331887811603025], [126.88134520279898, 34.32958117785869], [126.8839274824934, 34.309251545926024], [126.87196084007651, 34.30885418357282], [126.86462080478191, 34.3213683026366], [126.86695915053981, 34.31241279730477], [126.84533892980551, 34.29826694431973], [126.82948629820176, 34.32440639533321], [126.80868123203777, 34.32610925225706], [126.79134621434632, 34.31538882475013], [126.77992725822097, 34.32750549227712], [126.7510882933234, 34.333710951520686], [126.77603205852579, 34.33514552759613], [126.78596686010155, 34.34755353767926], [126.8026284994649, 34.333641592452], [126.81650489089405, 34.33700557792551], [126.82016255757526, 34.35069465635083], [126.83363016143277, 34.35854423304664], [126.84959326737452, 34.34523493035701]]], [[[126.73187878890941, 34.36571088604144], [126.73581368521988, 34.34292536031304], [126.75124691363177, 34.31829619434449], [126.77221406914722, 34.31234316339352], [126.76159292018514, 34.3008758207105], [126.77775840502574, 34.28740743686546], [126.74792591265907, 34.29129498519286], [126.73454848020778, 34.30465820670862], [126.73794236115889, 34.286453525748534], [126.71754094198066, 34.296846931696464], [126.69380735361109, 34.29351721564968], [126.668774266792, 34.32366552005144], [126.65329551836625, 34.3312014002564], [126.6428184768869, 34.327490948862796], [126.64898294683505, 34.333413172460915], [126.64098193612482, 34.341134313680435], [126.6456162909306, 34.36742889173589], [126.63867747961693, 34.382114324692026], [126.64793272276376, 34.392856727999344], [126.63702326211681, 34.387397176514476], [126.63906813918119, 34.393668477937275], [126.6239427142707, 34.400590381278306], [126.65422000768794, 34.393323968945396], [126.68533828427314, 34.403241500908706], [126.7021706931372, 34.39853960253779], [126.72689553030011, 34.383166952955094], [126.73187878890941, 34.36571088604144]]], [[[126.84583858780437, 34.43012497661272], [126.8438668025988, 34.42049536817623], [126.82554900133961, 34.419119686637785], [126.84045820977671, 34.41094793822937], [126.8503006444293, 34.418639245708874], [126.84802682783841, 34.40827406531147], [126.8574798005689, 34.407167272768866], [126.86772004450211, 34.390425395737246], [126.84725325704584, 34.39006526068706], [126.83103282563717, 34.3776209057779], [126.82341129322884, 34.386790066448924], [126.79353845978846, 34.38223776189592], [126.78097855750518, 34.36956924627583], [126.77953754775335, 34.3520370810605], [126.76541414085091, 34.35991640859035], [126.77926520213542, 34.38178090508319], [126.74914803296713, 34.379481348207115], [126.7680098899972, 34.39910604940855], [126.76430328534188, 34.40961084836174], [126.78837538309004, 34.433310888171604], [126.83465910246524, 34.4441130046425], [126.83448904311474, 34.4315537352266], [126.84583858780437, 34.43012497661272]]], [[[126.9028873949576, 34.21311318227486], [126.91192790878254, 34.21256159730384], [126.90376646189503, 34.202097563830364], [126.91200163822263, 34.187412751528925], [126.92339149920429, 34.19059525461986], [126.93058696421954, 34.18845258139311], [126.92040164040914, 34.18606687437212], [126.92520284646643, 34.17462276297856], [126.91535352374717, 34.154099760063744], [126.88105657671194, 34.14965567892306], [126.8654128886571, 34.16586381643689], [126.8561779615147, 34.150559369762355], [126.84821114607524, 34.16295182324463], [126.85940911164536, 34.17076653011457], [126.84693318108779, 34.17421773906127], [126.85093771694484, 34.1818580629298], [126.8573067776066, 34.17729892146785], [126.85722915714625, 34.19936646761572], [126.8845957393332, 34.21688286894929], [126.9028873949576, 34.21311318227486]]], [[[127.00979538817352, 34.33182929537034], [127.01638245746659, 34.32328456074431], [127.00582863716184, 34.32123442932674], [126.99348099254235, 34.31168833878173], [126.99261403533359, 34.30478276517634], [126.9716192219579, 34.30103897919181], [126.95686436131092, 34.31268753553383], [126.95737625877544, 34.3293759791853], [126.97073768683413, 34.33945053551444], [127.00163727214907, 34.33931052033312], [127.00979538817352, 34.33182929537034]]], [[[127.04631412582411, 34.35295080326162], [127.05861129846889, 34.36266680987479], [127.0756530759374, 34.36335202257037], [127.09380496260214, 34.35709036931473], [127.09072260054023, 34.348065880176996], [127.1029189527761, 34.336945787338806], [127.06813441519898, 34.34646943789428], [127.06408355382703, 34.33998939808974], [127.08322815424705, 34.33461354640442], [127.05594716507083, 34.32901320009346], [127.04165474499777, 34.307633616425875], [127.0349206935789, 34.32339410054569], [127.04969968451105, 34.32886313494773], [127.05177013470126, 34.3393720080573], [127.0303565725322, 34.33209547011176], [127.03177437744714, 34.3385475922575], [127.01755955282754, 34.33908799057721], [127.03191715584386, 34.34192685666622], [127.0259731686031, 34.34791138127376], [126.98510976343103, 34.360056218387975], [127.00651078596464, 34.35820832276423], [127.0106528902717, 34.363047394373396], [127.0111174533683, 34.377146491815274], [127.02791277396052, 34.374195608763486], [127.02969325112073, 34.38101465736849], [127.0507899464018, 34.3640589386863], [127.04631412582411, 34.35295080326162]]], [[[126.95136633979112, 34.404379454060425], [126.93548606341822, 34.38357205066668], [126.94775253843494, 34.377580184082774], [126.94894088010739, 34.36726321641117], [126.92209421789728, 34.36710331632515], [126.91759500695893, 34.3557717233883], [126.8890147996973, 34.35845387745297], [126.8885777550595, 34.36510293593458], [126.86377856029245, 34.37457052224222], [126.87219061183526, 34.39396445126873], [126.86467679698717, 34.41105433107427], [126.87242211416266, 34.40107360686829], [126.88212704393584, 34.406971682083096], [126.89384601943043, 34.39588273372337], [126.89516602116767, 34.403493411343625], [126.90037283023636, 34.3977677572142], [126.90837038637201, 34.402555090017934], [126.91386346131223, 34.39122706234744], [126.93532322683158, 34.3917129587842], [126.9434175607399, 34.41297028954258], [126.95136633979112, 34.404379454060425]]], [[[127.05663582953746, 34.45826951986455], [127.07577208114331, 34.42757715782443], [127.06144724409735, 34.39962221854267], [127.05876702029305, 34.41322589984326], [127.0396517471366, 34.41888113733264], [127.03348345522367, 34.44847302939929], [127.02204782310217, 34.4543618637383], [127.05663582953746, 34.45826951986455]]], [[[127.29732824613647, 34.05499663670464], [127.29686783799426, 34.03223274510238], [127.30751580181094, 34.02599626612342], [127.30496191109921, 34.01898962184745], [127.32464732318832, 34.01531450970549], [127.3245746755851, 34.00485168524218], [127.3164371525024, 34.012887809552986], [127.29446276284253, 34.01418017283775], [127.28838857939333, 34.0331773655688], [127.28120510699473, 34.03445575200284], [127.28176706645633, 34.051254282426456], [127.27410783185327, 34.05218414450652], [127.27877364588356, 34.059471025488975], [127.29271294586583, 34.05494422900547], [127.29410786698226, 34.06350504113183], [127.29732824613647, 34.05499663670464]]], [[[127.26261924224569, 34.24454506962931], [127.25796734142267, 34.23710902515632], [127.26167803930132, 34.224457696151624], [127.24989753443313, 34.221670809016096], [127.25896681226965, 34.21149183112292], [127.24120599738524, 34.21900943344134], [127.22142367087191, 34.2101821255893], [127.23311176421315, 34.23669599643595], [127.24319950093415, 34.23798637973098], [127.24304761682544, 34.24799779515837], [127.25635988466945, 34.25125562723923], [127.26261924224569, 34.24454506962931]]], [[[127.23741548108552, 34.47752887407599], [127.21168033900636, 34.43111479043792], [127.16632300648982, 34.435245842236576], [127.1625691625736, 34.42837095019848], [127.14491580933048, 34.42898029957931], [127.14162680774817, 34.420626703792], [127.1154403623509, 34.43942256184323], [127.11514785976904, 34.448048563805735], [127.09904761425759, 34.4434099238438], [127.10598641256979, 34.45504370374036], [127.09269972793962, 34.471011875970596], [127.1140684292597, 34.47748714117367], [127.114668767313, 34.49035931045782], [127.1244370744776, 34.490594072459004], [127.1279328863036, 34.479468794206625], [127.14043880172143, 34.47340717138845], [127.176476960215, 34.491762445706456], [127.18942885637944, 34.49507851793788], [127.19919070613422, 34.48816341099847], [127.21618678164182, 34.49635378500676], [127.23741548108552, 34.47752887407599]]], [[[127.46930711847668, 34.4725149721025], [127.47288074997894, 34.4647410636218], [127.49071689872831, 34.46574044619693], [127.48318021964789, 34.46006310158498], [127.49267048122017, 34.458633203520094], [127.4979280953535, 34.46761201932206], [127.50404705533782, 34.46362760937003], [127.50494563363686, 34.47409731147995], [127.52085333715597, 34.453586154010765], [127.5371676132786, 34.448079338903156], [127.53846289414265, 34.431053844816574], [127.53022391468338, 34.42219234765344], [127.52040420760257, 34.42646487998238], [127.48753227499269, 34.413310149796416], [127.49301342684483, 34.43121833967135], [127.47467549562293, 34.43279714699541], [127.46122349825146, 34.44430775729408], [127.48368787708426, 34.44720678027566], [127.44961701878476, 34.44893596569562], [127.4581201430484, 34.45228260107997], [127.45437727622256, 34.47555720556408], [127.46930711847668, 34.4725149721025]]], [[[127.47100389595488, 34.5445894843451], [127.478444167259, 34.53526316914249], [127.45913445613866, 34.52563351521384], [127.47571456527162, 34.5149004802277], [127.45787682597164, 34.513702155670835], [127.50215718737888, 34.5048216282887], [127.50675992325738, 34.49213086921485], [127.45239401047942, 34.478645640939874], [127.44070710801202, 34.492412157619626], [127.45814294418805, 34.505210485268826], [127.43412656414063, 34.51993234449191], [127.45361329662555, 34.54393282814227], [127.47100389595488, 34.5445894843451]]], [[[127.55163126310059, 34.61495147208915], [127.56176815680928, 34.61564932620779], [127.5669070131237, 34.605461147571454], [127.54877276444577, 34.59572931011696], [127.53417880075976, 34.59737398176731], [127.5404824441883, 34.60793472128247], [127.5252952239627, 34.60396385575455], [127.5220643166971, 34.61446988996707], [127.55163126310059, 34.61495147208915]]], [[[127.80756621539292, 34.45935996864721], [127.80246720069323, 34.45095218530484], [127.81725060487868, 34.451670320115454], [127.8051213918133, 34.429461363784796], [127.80559343447396, 34.40824901550934], [127.78629237933609, 34.41462224095429], [127.78863646132884, 34.425611223836064], [127.80124030765376, 34.43191659121841], [127.78509037402146, 34.43023677563982], [127.79808437561195, 34.44415718175104], [127.79503934085808, 34.457344729355306], [127.80756621539292, 34.45935996864721]]], [[[127.74898186073398, 34.5520148185415], [127.75774569215145, 34.55234023074269], [127.76287264539849, 34.53422336950604], [127.78020316416102, 34.51995684562661], [127.78223034716689, 34.511541615076034], [127.76727061903262, 34.509538967127995], [127.79854146878617, 34.496536128685015], [127.79014357320663, 34.48698887008229], [127.76384575176512, 34.489808963602144], [127.77202561806924, 34.498458990890555], [127.75380645649913, 34.49922923811744], [127.75431885971219, 34.50453370999408], [127.73478081596504, 34.50299548974893], [127.74063066582818, 34.51047303392914], [127.72542956776527, 34.51595053103461], [127.73255681347263, 34.527279702502085], [127.72002793225595, 34.523069628191436], [127.69666677387193, 34.53789242928334], [127.74898186073398, 34.5520148185415]]], [[[127.66548021215497, 34.583202996194146], [127.6707490533959, 34.572349728802756], [127.69110570212665, 34.57657057384886], [127.70492940463075, 34.56495370991141], [127.68698250649264, 34.55871412403807], [127.68784776568305, 34.571231444209126], [127.67420895099447, 34.55563904677433], [127.66908237394922, 34.56089069043093], [127.65854148615155, 34.552626128089074], [127.64166348573504, 34.56987890580741], [127.63889756465369, 34.555923519959784], [127.63909332303449, 34.574881158424404], [127.66548021215497, 34.583202996194146]]], [[[127.76410356652316, 34.726216476628366], [127.78709727919343, 34.71623496917601], [127.79118121756633, 34.70305644747128], [127.77977780867523, 34.69659240845896], [127.77708924719079, 34.67987107361396], [127.78502082909661, 34.6700882371852], [127.8007946326683, 34.66755159839875], [127.79503161610334, 34.660740908878694], [127.80655776515033, 34.66089224521102], [127.7979813294291, 34.65487391980738], [127.80038978275967, 34.6302821530508], [127.79240213696961, 34.6302343946104], [127.78810522228586, 34.607305708330706], [127.80793838808042, 34.59660339108509], [127.80050144841869, 34.586344096685025], [127.74944359192777, 34.59271414798467], [127.73751872206682, 34.6104904429467], [127.71216345816183, 34.62147294098342], [127.7238427718081, 34.6335190907919], [127.71798558205359, 34.643019867630436], [127.72207209257891, 34.654174238193356], [127.74340577061933, 34.665355022698186], [127.76285936478283, 34.68765438207919], [127.75610254720324, 34.69131411500063], [127.75782256952148, 34.71251356358044], [127.74684045946192, 34.714433653722224], [127.73695776605608, 34.731695692086944], [127.76410356652316, 34.726216476628366]]], [[[127.73596567040555, 34.893552976407236], [127.74563317228643, 34.89097084952754], [127.75122791219938, 34.877753856716836], [127.74639867113471, 34.87269541551162], [127.7039003111931, 34.8700252093255], [127.69152804486318, 34.883749098184914], [127.71562136249388, 34.899416224073526], [127.73596567040555, 34.893552976407236]]], [[[127.73458232485892, 34.90711244790749], [127.70427821239291, 34.91255996666803], [127.7029565486529, 34.93107961479614], [127.71449598109905, 34.932576673735426], [127.73006412667243, 34.951122426007615], [127.7398080369121, 34.946128227678685], [127.73783278292531, 34.93211398775452], [127.76528244228332, 34.9318799449157], [127.78481953857715, 34.91548769190833], [127.78439214923046, 34.88639254230829], [127.76200860674709, 34.8917912136824], [127.7591715969324, 34.90606911496446], [127.73458232485892, 34.90711244790749]]], [[[127.74682944049982, 34.93320511873624], [127.74072227913047, 34.95129802053084], [127.76106284005883, 34.96028615889537], [127.76876376621861, 34.93370326905144], [127.74682944049982, 34.93320511873624]]]]}}, {"id": "13", "type": "Feature", "properties": {"name": "\uc804\ubd81", "full": "\uc804\ub77c\ubd81\ub3c4", "region": "KR"}, "geometry": {"type": "MultiPolygon", "coordinates": [[[[126.64609151550647, 35.32561885215723], [126.64473425322905, 35.319865237484784], [126.62824675916178, 35.32053969391613], [126.60399659705318, 35.3355817878185], [126.58336246104794, 35.3286816773764], [126.58964877683671, 35.31197523358017], [126.58504846992709, 35.30077488502367], [126.55094840781462, 35.313602234450016], [126.53118546030142, 35.3074719320713], [126.51391657476418, 35.327232578961414], [126.52041881521491, 35.348364213266585], [126.51282107275992, 35.36201649543823], [126.49368620499612, 35.350541960413196], [126.49730917017648, 35.37340512448082], [126.47739295699235, 35.38619145602143], [126.49046811931301, 35.39504546798851], [126.49162886899252, 35.41129916354356], [126.47712763499287, 35.42495157317351], [126.42793001493187, 35.434353162239155], [126.48417798801572, 35.52277315869709], [126.49655816488247, 35.51005222384062], [126.5005952195855, 35.52434895594047], [126.5193150106044, 35.53353590550856], [126.54460886697144, 35.527337396023725], [126.5669742103149, 35.54305770678787], [126.59112865458579, 35.541830044178305], [126.59398764137435, 35.535124243175034], [126.61657567890782, 35.55713248982026], [126.61724709631123, 35.56987094868761], [126.63411415610783, 35.574923103588546], [126.6668885776616, 35.55414185692196], [126.6727939147241, 35.57054802028366], [126.6595145682897, 35.58958851439136], [126.63672800993686, 35.5999421542898], [126.61715900159862, 35.584953935789535], [126.59821534304534, 35.59429984692989], [126.59295518471949, 35.58817189527036], [126.54109552908338, 35.58801194579942], [126.52943836879194, 35.57935556090761], [126.51647047159037, 35.58071654884825], [126.51510726408006, 35.587492398664416], [126.50862946186783, 35.57920687361308], [126.4788541547747, 35.60157486752166], [126.46562332475953, 35.59860358516053], [126.46065433515923, 35.61370334256023], [126.47040158208469, 35.62027926065587], [126.46032999076499, 35.621704224415694], [126.4683820061153, 35.63114170337818], [126.45606288652293, 35.63666126828664], [126.50362330227642, 35.65940438476762], [126.52822023116752, 35.67718542648878], [126.53292847900123, 35.69077710911934], [126.55430225174157, 35.699940687773044], [126.57028317262551, 35.694962164203055], [126.59437054925036, 35.712413984170425], [126.62687769209369, 35.748644898044816], [126.62263158707651, 35.78870011205005], [126.63234726930645, 35.80040540643064], [126.72828892955013, 35.79410239263784], [126.76866118081331, 35.773617720326996], [126.77723058000228, 35.757646392147244], [126.76782433348805, 35.78533539214783], [126.77683783945753, 35.80148786248296], [126.68536804921749, 35.84418383622136], [126.73084181702916, 35.86662633216282], [126.78915449600838, 35.86536413928826], [126.79871426131666, 35.873749873793756], [126.80089990544514, 35.89375091521946], [126.82529399487628, 35.898471205708994], [126.83813587129912, 35.91049437111296], [126.79117642733505, 35.90483498452772], [126.76998974467178, 35.88900540433468], [126.72500479673118, 35.88577288413868], [126.67638834736762, 35.89465645299458], [126.66767112637741, 35.88342544434358], [126.61405198776403, 35.88583465429984], [126.61495284920593, 35.94267423957913], [126.53837074850654, 35.942084915604205], [126.52773582652345, 35.93314069619085], [126.52113928246187, 35.97101863901757], [126.67771487305092, 35.983400926196275], [126.67568663734346, 35.99063472121183], [126.68626227335291, 35.99323617255718], [126.68011032928744, 35.99928536867935], [126.72891908169889, 35.9960026397839], [126.74868151264613, 36.02354345586943], [126.81009407436322, 36.033965337368244], [126.86616336873391, 36.0623428653198], [126.87404698434072, 36.08266509755022], [126.8726016413176, 36.11087587501735], [126.88673675610359, 36.135792278504695], [126.90491953306707, 36.14355277332351], [126.92339270761323, 36.139332170030286], [126.95697608852244, 36.156419564095806], [126.98630061180971, 36.145155976943464], [127.01565804932793, 36.14891658654024], [127.02365979664886, 36.136555795926576], [127.04976204127567, 36.14236853625761], [127.04957712406816, 36.132754799146596], [127.0607924652541, 36.12512872628001], [127.06139778280482, 36.093487192775314], [127.08983776525262, 36.072420643274924], [127.10178415639466, 36.07570214114121], [127.122900428152, 36.063192114220755], [127.13362263622206, 36.06951272958521], [127.13716331519623, 36.08684851259203], [127.16920476712512, 36.08391000400988], [127.18159162212706, 36.094565098817306], [127.19932934579252, 36.08601292132821], [127.20496770701708, 36.100478645230396], [127.22556081665533, 36.09922184822716], [127.2540545871295, 36.08365633027658], [127.24600914483526, 36.09657430860067], [127.25161206357157, 36.11226288817958], [127.27498797445674, 36.10774127899495], [127.29401890743166, 36.11253201358382], [127.3023653335331, 36.12544752719573], [127.31438074585327, 36.11863492596818], [127.3229991813415, 36.13008586091514], [127.33848155674458, 36.13049332741605], [127.35338324449997, 36.11340596600789], [127.34789244891132, 36.09838843717301], [127.36000147685245, 36.089507303123625], [127.36041445522889, 36.05599789689686], [127.37307858492082, 36.04352423849077], [127.3778306990583, 36.022815850302074], [127.40114531548213, 36.00790053404408], [127.43466722892593, 36.02773412621319], [127.43740827474952, 36.00911897918579], [127.4559754464542, 35.98378423762079], [127.46822324155436, 35.987744194879966], [127.4876067932177, 35.978015326367135], [127.49545419007478, 35.986511019295], [127.50846498121261, 35.97989837846916], [127.53581329421313, 35.994940111119035], [127.53930381132629, 36.026007092201674], [127.5316496003266, 36.0411422213003], [127.57556540640438, 36.02265578732769], [127.5909950535775, 36.025016860706], [127.61439221105648, 36.001284031249035], [127.61737914166933, 36.01719886752686], [127.61014137336662, 36.02492144959006], [127.63805741934746, 36.032895697570595], [127.61908274833087, 36.04123877040486], [127.62032507147596, 36.06255697691999], [127.63775557078975, 36.068359414614505], [127.654041773329, 36.05641267825896], [127.66040471923989, 36.038067384509624], [127.66920147842455, 36.038297278405125], [127.67081114841135, 36.0519178122572], [127.68858439982871, 36.06282033123952], [127.70210509410187, 36.035207418802145], [127.76110433591009, 36.02545891655369], [127.76470501732238, 36.012082012052026], [127.7878526799305, 36.01424896298778], [127.80022203490684, 36.026254789011055], [127.8493727972915, 36.03966341499098], [127.87692624777289, 36.02244194484872], [127.87581470137215, 35.99672280636425], [127.89302957994046, 35.987081261103576], [127.88959558560522, 35.97952602162895], [127.9114665190962, 35.94945009265632], [127.88250964642073, 35.928824378696945], [127.88760998455497, 35.91457892082827], [127.85954023430764, 35.906490587319865], [127.84357628835602, 35.8690679031808], [127.82533118854704, 35.86843428675152], [127.81273322902096, 35.85282880303443], [127.80387288273934, 35.85717759500797], [127.75839469056234, 35.83668918141521], [127.74441211644022, 35.84433495971195], [127.71927684786868, 35.797061273464216], [127.67903345117071, 35.7692696630321], [127.66413715845891, 35.76701260459386], [127.6607739402095, 35.709747912943065], [127.64504657345272, 35.69765553374916], [127.64026063415648, 35.67231036746198], [127.62024844455637, 35.646263392281874], [127.635467698344, 35.618472047016816], [127.61299543324701, 35.60868631692435], [127.61058764364043, 35.58486175063386], [127.58740875790158, 35.56516398969981], [127.58540555531327, 35.55458610896887], [127.611933742488, 35.53569106184523], [127.628721900901, 35.53575192823703], [127.62449741047149, 35.527329254455715], [127.65083539231424, 35.497632191004946], [127.65272223866066, 35.48566975931955], [127.63676995283858, 35.47846410386955], [127.63692507547805, 35.45931636106767], [127.64507321943923, 35.449510140557116], [127.67285617769511, 35.44335323365176], [127.6619777290484, 35.41665602035825], [127.63542009083224, 35.39981938348405], [127.62239577903036, 35.37320209954012], [127.61033510143389, 35.36629590222102], [127.62276568924935, 35.33839706079016], [127.59320046478213, 35.311929315268884], [127.57744981030764, 35.308958991688115], [127.50141328196517, 35.358826027756535], [127.47283663017579, 35.366180256837026], [127.4313225302281, 35.359531884612906], [127.40154740974971, 35.32510247162462], [127.39848749840701, 35.31174124437891], [127.3844510762062, 35.30327636997462], [127.35636111575141, 35.32125878817399], [127.30851048132214, 35.303123050120995], [127.2884173164542, 35.3141746182877], [127.25954217539433, 35.31175122020289], [127.22451109091554, 35.33663498970858], [127.21574361507994, 35.31657828838288], [127.20087804957903, 35.31580161999344], [127.18683918742644, 35.32255345627899], [127.18163227591702, 35.338017920725136], [127.14539842541876, 35.309121489410295], [127.10550421129737, 35.2991983540031], [127.04332589097497, 35.32176365791137], [127.05230093275478, 35.34021131003177], [127.07029384457157, 35.33972705170782], [127.07027850345123, 35.36612182589625], [127.05590248889004, 35.384927036521695], [127.04643477088855, 35.37694224030909], [127.02728304016286, 35.394925436033525], [127.04723912808603, 35.40278873526882], [127.05230311016003, 35.426858238121554], [127.03698866078413, 35.43361933747442], [127.03462769738933, 35.465801800109766], [127.0144303059035, 35.45745403164557], [127.00001460588884, 35.461574896374245], [126.99416268993616, 35.439774776963425], [126.98161656858781, 35.42646177497198], [126.97039407062732, 35.42743045158014], [126.97653903929474, 35.400103258742966], [126.93552622428288, 35.394364503916535], [126.93356983689941, 35.405804055193904], [126.91746332920722, 35.40211755215759], [126.92066709070274, 35.410892454189835], [126.90296350656666, 35.4210870431648], [126.89748822013526, 35.43560770809433], [126.90466423485736, 35.440901354419765], [126.86869217100137, 35.461388959784685], [126.83963609228417, 35.46212860062145], [126.84228006997716, 35.48009286416566], [126.82612675025241, 35.48630146133217], [126.81396336477084, 35.48294246231825], [126.81357380788494, 35.468847317303464], [126.77251960116996, 35.46837906838677], [126.74090804790498, 35.45232272600723], [126.75429694398166, 35.41793635340708], [126.72214494769243, 35.39999827168686], [126.72957374029168, 35.39458551484886], [126.73106549794832, 35.37646103420026], [126.71943429137023, 35.36492086852572], [126.70458172982374, 35.36511310631844], [126.6992071338963, 35.3496486233212], [126.6854783173378, 35.34458576481346], [126.66673476136123, 35.35154762029113], [126.64609151550647, 35.32561885215723]], [[127.11276723807285, 35.825848346666284], [127.11275063274071, 35.825879326724404], [127.111573909113, 35.82807464172496], [127.11276723807285, 35.825848346666284]]], [[[126.30756892314817, 35.6204501958146], [126.31562318658239, 35.61061016627653], [126.30366442984158, 35.595753848617946], [126.26634259263217, 35.576199209353646], [126.2666797148999, 35.566810581864495], [126.25967209257583, 35.570752145643254], [126.24844704851623, 35.58706899937077], [126.2708575161992, 35.589982972561536], [126.25678574361243, 35.59380544369756], [126.27306037284619, 35.599046748263504], [126.27088049612381, 35.608616250634505], [126.28355382893093, 35.604246238445434], [126.27535519277433, 35.61726994920222], [126.28799567663333, 35.60852303745908], [126.29444640413817, 35.618418417249664], [126.294148171809, 35.60427643210697], [126.30334907278007, 35.61259302889988], [126.30111161694461, 35.620663870805615], [126.30756892314817, 35.6204501958146]]], [[[126.49234624738742, 35.829808784680104], [126.48073830196478, 35.81888179621553], [126.48742092027268, 35.81566831929436], [126.47034436484972, 35.81074334798805], [126.46180972211528, 35.81904965988773], [126.45366104034872, 35.80598848579006], [126.44566876308869, 35.81882162692437], [126.45331707605598, 35.81837990750821], [126.44156772991734, 35.8276903187764], [126.45048907372464, 35.83214349922653], [126.4757722926587, 35.82246863030308], [126.49096277996979, 35.83820302156225], [126.48992251944819, 35.847180961945114], [126.50045032278034, 35.844221566204446], [126.49234624738742, 35.829808784680104]]]]}}, {"id": "14", "type": "Feature", "properties": {"name": "\uc81c\uc8fc", "full": "\uc81c\uc8fc\ud2b9\ubcc4\uc790\uce58\ub3c4", "region": "KR"}, "geometry": {"type": "MultiPolygon", "coordinates": [[[[126.29302723442453, 33.20926486184609], [126.29472119623155, 33.19601583071693], [126.26467924787967, 33.19600626763897], [126.26240587462564, 33.20957341669934], [126.24936270280891, 33.213115142967574], [126.23245841775754, 33.234474255649204], [126.18221758590856, 33.2589124804787], [126.16069680608351, 33.28518009051645], [126.16617765174941, 33.3183969272596], [126.15907615854869, 33.336622783377706], [126.22151590411167, 33.39080138644817], [126.2496356431814, 33.4020556701479], [126.2628207219056, 33.41632870823387], [126.25970313620351, 33.422755152625726], [126.25786112295665, 33.417045331181114], [126.25218706561218, 33.416855257120154], [126.26227992696268, 33.42662192713727], [126.26160139583153, 33.437518395050596], [126.29950306689892, 33.44753491301913], [126.3133102237843, 33.469796723328336], [126.3354825335904, 33.466930714829], [126.3853641650789, 33.489589691592904], [126.39834506151236, 33.484026411042564], [126.42374941426266, 33.495804805566436], [126.45121795079687, 33.497501547907184], [126.49308069778037, 33.52132816979777], [126.52770121113309, 33.51883512584236], [126.5397380770155, 33.53081275524188], [126.55065783803315, 33.52063556487933], [126.58419899889716, 33.52716863075906], [126.59737071439703, 33.53776955632276], [126.63267137920273, 33.537059622719724], [126.64364974234573, 33.556662687604856], [126.665735373686, 33.54443701957028], [126.6784805450577, 33.55358047798513], [126.71513793665561, 33.554867475696156], [126.73080499005653, 33.562690532145055], [126.74006590609628, 33.55592428485608], [126.78028871792208, 33.567295794185235], [126.79691716660045, 33.556584633286654], [126.82791655676974, 33.56009910756971], [126.8334894641987, 33.54343335750323], [126.85901838182195, 33.52613213257483], [126.8718341450666, 33.53166144047532], [126.90291211296575, 33.52607533161386], [126.90751555444311, 33.52091624617172], [126.89954338166885, 33.511700533938985], [126.91387150625874, 33.50816835826249], [126.91782112541442, 33.48686606050747], [126.90466998753148, 33.48707097677368], [126.90389151893262, 33.479668239204486], [126.92047187702633, 33.46961943121318], [126.93609339664808, 33.47762114201795], [126.94841064459072, 33.457747005624945], [126.93048440367872, 33.458408662235826], [126.92227219277207, 33.44334286683112], [126.93713034096626, 33.42918057085655], [126.93087786599347, 33.421952800011994], [126.91665574508359, 33.43345381354505], [126.9034249200923, 33.40307356876772], [126.90713176331317, 33.39119274114873], [126.88327845817959, 33.38340706164754], [126.86808604438289, 33.36366054477178], [126.87017002475821, 33.35492419168643], [126.84304106892938, 33.33093588944649], [126.84823062435746, 33.319860259055865], [126.83432106291563, 33.30806102386804], [126.80852908735801, 33.301385659169355], [126.77813443474025, 33.30663677565372], [126.7388118320224, 33.27655780620528], [126.73327684149483, 33.280958782844635], [126.67721586168275, 33.26679784832122], [126.66099953605651, 33.267009194070916], [126.66398522750369, 33.269781470753415], [126.65875725104765, 33.27400106147996], [126.66090752940741, 33.268330199179445], [126.64404099584738, 33.266938093017636], [126.6403228826734, 33.25698221546667], [126.6201371779073, 33.249557626935804], [126.61809708398353, 33.24035527719994], [126.59939220095457, 33.23593137042114], [126.58632803130847, 33.24371679425687], [126.57058064484214, 33.24363609706357], [126.57068862107995, 33.23718171305301], [126.5657419460432, 33.2353682477702], [126.56034614417518, 33.24224533434742], [126.56465898365705, 33.23345178762239], [126.55075173501655, 33.24107979604075], [126.52085174452668, 33.24069272247275], [126.5091920629719, 33.23002424576387], [126.48846407196588, 33.22993641311241], [126.47602523085517, 33.22159698229259], [126.4543947592142, 33.239927161249035], [126.43247776602509, 33.23169479327926], [126.41057886069962, 33.244050217366], [126.36975354505826, 33.22866900646567], [126.32842060190984, 33.240359963352944], [126.29760294435744, 33.222754186374495], [126.29302723442453, 33.20926486184609]]], [[[126.96608092010244, 33.51495369511734], [126.9729816233875, 33.51416523377048], [126.96656177179425, 33.51116880941984], [126.96665707671742, 33.48947993652053], [126.9432314719897, 33.49467077539946], [126.9470343643733, 33.52279026164158], [126.95542763235595, 33.52570902091504], [126.95889417953727, 33.51275883946948], [126.96608092010244, 33.51495369511734]]]]}}, {"id": "15", "type": "Feature", "properties": {"name": "\ucda9\ub0a8", "full": "\ucda9\uccad\ub0a8\ub3c4", "region": "KR"}, "geometry": {"type": "MultiPolygon", "coordinates": [[[[126.35435944177486, 36.62822399896818], [126.3572140752137, 36.6181168697127], [126.33585572236801, 36.618454795949276], [126.31388232517237, 36.5881109474365], [126.3072540115284, 36.59525156619102], [126.29215222539626, 36.58378701472618], [126.28241331115187, 36.592320673110514], [126.28303723923418, 36.622321024290194], [126.29547343390477, 36.6281696629835], [126.29680981756592, 36.63749184133229], [126.28093254415415, 36.66846160194592], [126.26321765695093, 36.67307161980676], [126.26707762386249, 36.681086924079274], [126.2601322798483, 36.69340816174096], [126.27231030585642, 36.70532431600136], [126.2712729211649, 36.729237561575715], [126.25180486511854, 36.71299818314584], [126.24225699878785, 36.717072180692114], [126.24332553324574, 36.70994473694559], [126.23609758911198, 36.71727236787594], [126.24175383941498, 36.70261032522618], [126.22907881683085, 36.69267579930199], [126.21180868051646, 36.69240692005977], [126.19736002666268, 36.67450516995253], [126.17306757882037, 36.671993523991276], [126.17106312456944, 36.67851851821199], [126.1304170714098, 36.668266220940616], [126.12429716629656, 36.68293876202182], [126.14922685267766, 36.68623517474113], [126.14579711695926, 36.70324859605413], [126.16580875575399, 36.717354829910754], [126.2060096855303, 36.70595208948149], [126.22148416302147, 36.721259577237255], [126.20141550277556, 36.720920936816604], [126.21114050056157, 36.74036105891581], [126.20010909950005, 36.73632908213142], [126.18195723450185, 36.746008147696955], [126.18464952626806, 36.75293556611328], [126.16480833201511, 36.75751253659927], [126.1415310005089, 36.75365176438873], [126.15183652469759, 36.74861503938828], [126.15217196659052, 36.730475142345064], [126.12267765393747, 36.70693691264075], [126.12122509878903, 36.72479805756321], [126.13263807619796, 36.74939702356365], [126.10153285672935, 36.77327359306156], [126.12824495311625, 36.77371429260234], [126.12996883913009, 36.787372261599565], [126.13740741189254, 36.78536037989845], [126.14771895430331, 36.79617767085034], [126.15018583063352, 36.80271423441393], [126.1425116803083, 36.80894458767704], [126.15860606926623, 36.827232433656874], [126.14564145576092, 36.836762381495184], [126.15308502519, 36.839170025316335], [126.14903179908502, 36.8466567093902], [126.17557238950107, 36.84355845113339], [126.17224638512799, 36.81227468425482], [126.18454476827577, 36.81488731927685], [126.17526979214699, 36.83584774708664], [126.19484423448115, 36.853723796979075], [126.1836724118696, 36.867033543183176], [126.18963089607021, 36.87814254745694], [126.17691758101219, 36.88496288534127], [126.19528249373306, 36.888078332180505], [126.20293307562896, 36.905118624842565], [126.2128035712537, 36.900579317672026], [126.25324046244916, 36.91489076340674], [126.2418453408064, 36.88852787377081], [126.22537140812183, 36.88862266634202], [126.21828435713957, 36.88009108630098], [126.24221622276141, 36.86389232741028], [126.25269180560828, 36.87944131715129], [126.27170056547848, 36.8764379116875], [126.27540014590318, 36.89818924318965], [126.28866553382979, 36.90080597584597], [126.28301526492434, 36.90941483233603], [126.29211353757032, 36.93086677897595], [126.28293700490362, 36.970353842522755], [126.30451492599515, 36.97940908233641], [126.3137398579683, 36.9548113321833], [126.30277133756452, 36.9441586359524], [126.3103080034496, 36.929823330285295], [126.30228321894131, 36.91835352569463], [126.32028950910669, 36.90514446035543], [126.3205292361004, 36.89208570813631], [126.33260514558903, 36.89136689155591], [126.31376280713147, 36.88326209252315], [126.30311137204947, 36.863134264473025], [126.30465010516353, 36.856858653662236], [126.29642825524117, 36.85247990646171], [126.29467896026483, 36.84260545116077], [126.316217491196, 36.83383665772796], [126.2828259555441, 36.8245744657506], [126.28789593006131, 36.79906436462943], [126.30557454374868, 36.81501103430613], [126.33751734134488, 36.81631493975998], [126.32804829363867, 36.83652850519364], [126.31513853641565, 36.841931596952975], [126.3313004294369, 36.86301718899242], [126.34764813648971, 36.861313784587395], [126.34218654055229, 36.84794822993674], [126.36527851175431, 36.83001229602757], [126.3557532457473, 36.84870957576961], [126.37029362909654, 36.857178325039655], [126.36408686104353, 36.87735350125614], [126.39782109452638, 36.88127053240113], [126.39537682803676, 36.89301664752722], [126.43129114119873, 36.90095579418268], [126.40813229917907, 36.90879765945176], [126.40310340357978, 36.921100580809814], [126.41663358416378, 36.93029544363831], [126.41058080321102, 36.934575416791326], [126.38622854909984, 36.92982143100561], [126.37348912448282, 36.946419966901786], [126.35943374940743, 36.93820736959144], [126.36038649997195, 36.950370871560175], [126.3502830524246, 36.951883452152536], [126.34972840814284, 36.96111340303973], [126.3340072577139, 36.95973813854948], [126.33820037837508, 36.98098450003479], [126.32563109893327, 36.99585300856836], [126.34057116575356, 37.00073189268875], [126.33506320227534, 37.0058601062827], [126.34036351201972, 37.01221928565387], [126.34991518995604, 37.00376354154796], [126.357467995006, 37.014383636993585], [126.36123754045495, 37.00657084569491], [126.36707920817896, 37.01306463823717], [126.40788911443504, 37.01202765554332], [126.40546465598388, 37.023515410248244], [126.41314855420761, 37.01455749911259], [126.4524390364587, 37.00515195914388], [126.48667775124098, 36.943850453872614], [126.47678369446048, 36.905331115393984], [126.48997561159774, 36.937503416260725], [126.4866013944276, 36.98280971668466], [126.45355692488542, 37.025600634043606], [126.48624810607022, 37.051955364904586], [126.48281258622947, 37.06244509684147], [126.5097693238534, 37.065209615685255], [126.52905312633574, 37.043708013423924], [126.55955910546236, 37.037711123169146], [126.56403947012384, 37.02878822073059], [126.6188358593806, 37.00458742645196], [126.63957536394554, 36.99809055807594], [126.70462124088328, 36.99954892707107], [126.78253313916396, 36.975693983183724], [126.780336973701, 36.96751396379065], [126.79660443590753, 36.94023135403674], [126.7920776267154, 36.93733557895621], [126.80218581981961, 36.92450428275461], [126.80661340245837, 36.930849704391534], [126.81234961111369, 36.9251594111368], [126.83179572758007, 36.86195755214686], [126.8471216633935, 36.862758044799946], [126.85290044598749, 36.88253591305612], [126.91190288403278, 36.89041325977962], [126.90874862921906, 36.90495360353316], [126.98532527286692, 36.93246689432936], [127.03173369240481, 36.92833964863846], [127.08612266904618, 36.94780505466422], [127.0960059240183, 36.942242814007884], [127.10180163612506, 36.9538285946172], [127.09646290430723, 36.959544494134576], [127.11105721736192, 36.97088314859412], [127.13173913071384, 36.96502480994814], [127.14430057523515, 36.97151191417936], [127.20189088793852, 36.952114776584835], [127.21073389210042, 36.93040699347654], [127.2440184977727, 36.91740455051251], [127.25312045378018, 36.92226411422914], [127.3080777530896, 36.8852578916172], [127.30734848468741, 36.859667158088676], [127.33430839263131, 36.85635066123106], [127.33340916917993, 36.83066202751413], [127.35583803767402, 36.8284728746005], [127.40101124968045, 36.79909149081051], [127.3954330691591, 36.78245244924206], [127.42079736044441, 36.75959884568565], [127.40483184206136, 36.74490894136376], [127.38723201275576, 36.759468412450666], [127.36943542116128, 36.76147966724004], [127.33575160828346, 36.752568100052734], [127.3393012505329, 36.73023951800098], [127.32830309867772, 36.734555161972985], [127.30966389428673, 36.722787404709656], [127.30811387706935, 36.70493676219415], [127.28562590652612, 36.69093404883944], [127.24580881280117, 36.695818612283034], [127.2029216097686, 36.72617528145413], [127.16578438756694, 36.73367865087618], [127.12771022771014, 36.70857851522713], [127.14155690793953, 36.68975050161019], [127.15707494941292, 36.69547754045348], [127.1614004324606, 36.690573702701506], [127.16440129979566, 36.67834108505827], [127.15303588141391, 36.645039554141455], [127.16023834864971, 36.62459802819459], [127.14996398572943, 36.619067105783095], [127.15559470532158, 36.60614085321765], [127.19054811632684, 36.5940816960446], [127.19275490007064, 36.5808597738473], [127.20791495257721, 36.57873175078612], [127.18675520767309, 36.55294163109525], [127.19182944647815, 36.54603565724841], [127.17424052382016, 36.54218948421706], [127.18223038201842, 36.52146400289803], [127.17001846888749, 36.509037876211906], [127.17687680580985, 36.49252957401574], [127.19467546940622, 36.489593554939304], [127.19201739291093, 36.47466651647477], [127.20473347031805, 36.45929025054558], [127.19908668746794, 36.44004523265668], [127.24225926355231, 36.41861554858763], [127.25079566419382, 36.40675835257603], [127.26281895954683, 36.41673469655057], [127.28231470262878, 36.41453730462398], [127.28098858958607, 36.374818841664926], [127.2708374874336, 36.36096803847244], [127.27786553748318, 36.34861401842306], [127.25975117607548, 36.32721053472398], [127.25943030936702, 36.296853724347834], [127.2476294225829, 36.29164696689301], [127.24945943683807, 36.28342991968225], [127.29146982621593, 36.26533517754845], [127.27807800236758, 36.244069337306655], [127.29376346653464, 36.22312259465035], [127.30311717179423, 36.22171522789691], [127.3037995297465, 36.228973416650035], [127.31445083680362, 36.22241810700575], [127.32319157638932, 36.20342399459934], [127.33345195854518, 36.200451043557386], [127.33393697993405, 36.18327060324674], [127.36471837183991, 36.219968825443004], [127.35965600423556, 36.26266993499504], [127.37240870085213, 36.27218098800367], [127.38970293093185, 36.26422228744721], [127.38788067464492, 36.23447257238722], [127.40057032300722, 36.231817234684264], [127.40827470423427, 36.21305573965577], [127.44280915922533, 36.19405956763938], [127.46920283969708, 36.21547564302745], [127.46752056503668, 36.22325142409706], [127.53353331256594, 36.251315649648106], [127.5496077297784, 36.238840060520836], [127.54662003036023, 36.230172648185224], [127.58320190335174, 36.23136158483739], [127.59920135430946, 36.205735280242614], [127.59341974729787, 36.17717907064939], [127.601738375603, 36.1615873853735], [127.59020275590923, 36.13382996985535], [127.61956852501133, 36.10901887828651], [127.6183173831838, 36.09327823369553], [127.63282770479026, 36.08148974134877], [127.63771467706103, 36.0675619047224], [127.62079502626737, 36.0633819317668], [127.6187600135074, 36.04219546389784], [127.63801617696822, 36.03266068194589], [127.61030534735586, 36.02513917174375], [127.61748865995618, 36.01640018932297], [127.61305655360717, 36.00100222773452], [127.5909950535775, 36.025016860706], [127.57556540640438, 36.02265578732769], [127.5316496003266, 36.0411422213003], [127.53930381132629, 36.026007092201674], [127.53581329421313, 35.994940111119035], [127.50846498121261, 35.97989837846916], [127.49545419007478, 35.986511019295], [127.4876067932177, 35.978015326367135], [127.46822324155436, 35.987744194879966], [127.4559754464542, 35.98378423762079], [127.43740827474952, 36.00911897918579], [127.43466722892593, 36.02773412621319], [127.40114531548213, 36.00790053404408], [127.3778306990583, 36.022815850302074], [127.37307858492082, 36.04352423849077], [127.36041445522889, 36.05599789689686], [127.36000147685245, 36.089507303123625], [127.34789244891132, 36.09838843717301], [127.35338324449997, 36.11340596600789], [127.33848155674458, 36.13049332741605], [127.3229991813415, 36.13008586091514], [127.31438074585327, 36.11863492596818], [127.3023653335331, 36.12544752719573], [127.29401890743166, 36.11253201358382], [127.27498797445674, 36.10774127899495], [127.25161206357157, 36.11226288817958], [127.24600914483526, 36.09657430860067], [127.2540545871295, 36.08365633027658], [127.22556081665533, 36.09922184822716], [127.20496770701708, 36.100478645230396], [127.19932934579252, 36.08601292132821], [127.18159162212706, 36.094565098817306], [127.16920476712512, 36.08391000400988], [127.13716331519623, 36.08684851259203], [127.13362263622206, 36.06951272958521], [127.122900428152, 36.063192114220755], [127.10178415639466, 36.07570214114121], [127.08983776525262, 36.072420643274924], [127.06139778280482, 36.093487192775314], [127.0607924652541, 36.12512872628001], [127.04957712406816, 36.132754799146596], [127.04976204127567, 36.14236853625761], [127.02365979664886, 36.136555795926576], [127.01565804932793, 36.14891658654024], [126.98630061180971, 36.145155976943464], [126.95697608852244, 36.156419564095806], [126.92339270761323, 36.139332170030286], [126.90491953306707, 36.14355277332351], [126.88673675610359, 36.135792278504695], [126.8726016413176, 36.11087587501735], [126.87404698434072, 36.08266509755022], [126.86358231645985, 36.060569587961034], [126.81009407436322, 36.033965337368244], [126.74868151264613, 36.02354345586943], [126.73480075993174, 36.00085091024236], [126.66580427513959, 36.004550727628285], [126.65901245409445, 36.02872537503644], [126.66686619215747, 36.03269527260037], [126.64410297602328, 36.055637258417086], [126.63212179208986, 36.05486519349745], [126.62972404940538, 36.078503998486354], [126.61839712019729, 36.07712479031752], [126.64582753155608, 36.08920608077935], [126.64440413603461, 36.09377702510303], [126.63065770900815, 36.09139449572962], [126.63134117367956, 36.09951132920365], [126.6203982840139, 36.10226867868473], [126.61151821089763, 36.09609582997367], [126.5916851781576, 36.12785576946974], [126.57061380096921, 36.14064419424408], [126.55567457216401, 36.128524090836784], [126.54344639163769, 36.145270157936075], [126.51812360799244, 36.15194329028306], [126.50614085638387, 36.149125124875155], [126.50380599863573, 36.12913565515303], [126.49308984134277, 36.1376654015529], [126.494658298807, 36.15865315484066], [126.51968574519462, 36.165525827336076], [126.53100735657739, 36.19467793754652], [126.56658737742991, 36.18892342889834], [126.56456870155117, 36.19773911067731], [126.53817529390743, 36.198668478865194], [126.53794745001387, 36.20998885844146], [126.52588227317821, 36.21926207328295], [126.54641856817979, 36.26887679076507], [126.50301660748329, 36.32304659242287], [126.50515352087886, 36.330876225968815], [126.5152354572675, 36.32743230906566], [126.56135416176008, 36.35159861703951], [126.54499077794073, 36.35451760941651], [126.50858068119194, 36.38046375166844], [126.47942153675272, 36.384134126707735], [126.49698861957583, 36.43181733753681], [126.48249630490893, 36.45272637589417], [126.47342109069605, 36.50325343375248], [126.48895081670335, 36.51774647800527], [126.48126172396302, 36.51630328049792], [126.45416008214774, 36.551010801386624], [126.45220513946141, 36.59641205179032], [126.44174176261517, 36.59993680435817], [126.46363300191979, 36.59744118930807], [126.4783035412358, 36.60837946883054], [126.45676701270737, 36.62628801946699], [126.46789288777867, 36.65395282843531], [126.46223921191435, 36.68445293232258], [126.45108562442276, 36.6936176523178], [126.44185764562445, 36.66704644730387], [126.44408157654243, 36.63683881044319], [126.41688830856903, 36.598992062094105], [126.39472392279005, 36.61839164982869], [126.374696007861, 36.61629883176321], [126.36446538709077, 36.626851692982434], [126.36090918120344, 36.66909872471075], [126.34803936512448, 36.67566788725767], [126.34609701141258, 36.721117430062556], [126.3391862796486, 36.68066869060578], [126.35435944177486, 36.62822399896818]]], [[[126.43864604898131, 36.375855422057455], [126.46112293752402, 36.36132219220809], [126.45900485810797, 36.35455332433996], [126.38304035399392, 36.36731160927906], [126.39124557242553, 36.382162278436155], [126.4328653271743, 36.38603888674491], [126.43864604898131, 36.375855422057455]]], [[[126.43093192846266, 36.446941517694114], [126.43586870479723, 36.42111394375238], [126.42663592164806, 36.3991811240706], [126.39625894308486, 36.41831357906325], [126.3911589624419, 36.41183807988904], [126.38203191027849, 36.41807445404364], [126.36647595461726, 36.411889423032825], [126.34645679554622, 36.43577132664441], [126.36363954476674, 36.440732592200135], [126.33075876142716, 36.44148778256046], [126.3331648035622, 36.46631638418675], [126.32412422724865, 36.46879498733381], [126.33379838926965, 36.491397195671105], [126.32633989565397, 36.5440765527149], [126.31004234118275, 36.56876801201519], [126.31036154505996, 36.58517629081516], [126.3202173808917, 36.58784230750566], [126.32331416707586, 36.599054976664966], [126.36037518426059, 36.613099883784656], [126.39592648379038, 36.595528990205544], [126.39869380897275, 36.58234396491999], [126.3862600994718, 36.5588404154558], [126.3966422062904, 36.51916902635269], [126.43093192846266, 36.446941517694114]]]]}}, {"id": "16", "type": "Feature", "properties": {"name": "\ucda9\ubd81", "full": "\ucda9\uccad\ubd81\ub3c4", "region": "KR"}, "geometry": {"type": "Polygon", "coordinates": [[[127.47092927899772, 36.47408553510048], [127.45321046295142, 36.450099505526325], [127.40262059825754, 36.45569317858438], [127.40420820519319, 36.483324398613306], [127.3956687444112, 36.49161155068815], [127.4088066988029, 36.49529747859688], [127.4088497053343, 36.50960131732451], [127.39754992790805, 36.521048610214045], [127.40881499100972, 36.524391337625964], [127.40501266675055, 36.537311048548766], [127.38348836569338, 36.54200512793118], [127.37267327572799, 36.55965856365666], [127.3770729168576, 36.56775157850302], [127.33794417335761, 36.56253373166683], [127.32238647724026, 36.58253400616043], [127.3010564850916, 36.582196946306276], [127.30714860487393, 36.60151554265241], [127.29128423720721, 36.62554278551131], [127.29236788308711, 36.63575984397303], [127.27670647626819, 36.638516295681775], [127.2869562454221, 36.65416905111462], [127.30152475294794, 36.65995428617538], [127.30748726805469, 36.67804225659593], [127.28562590652612, 36.69093404883944], [127.30811387706935, 36.70493676219415], [127.30966389428673, 36.722787404709656], [127.32830309867772, 36.734555161972985], [127.3393012505329, 36.73023951800098], [127.33566718180973, 36.75251617636151], [127.36943542116128, 36.76147966724004], [127.38723201275576, 36.759468412450666], [127.40483184206136, 36.74490894136376], [127.42080361132794, 36.75950049034258], [127.3954330691591, 36.78245244924206], [127.40101124968045, 36.79909149081051], [127.35583803767402, 36.8284728746005], [127.33340916917993, 36.83066202751413], [127.3346358544646, 36.85613862148085], [127.30717181421002, 36.85989895413299], [127.3080777530896, 36.8852578916172], [127.289801866995, 36.8938188003222], [127.30407765078967, 36.91514051678885], [127.29566485063054, 36.92889073046906], [127.32702955185152, 36.93578267684558], [127.3497353751849, 36.952567164720065], [127.37549500023763, 36.94818434728433], [127.3875945076214, 36.96406537721189], [127.39807313569891, 36.96431785211769], [127.40185704887993, 36.96774918631386], [127.38491569480533, 36.98365776616833], [127.3925362280613, 36.996497463305275], [127.44670427543596, 37.01103156441478], [127.4580072963241, 37.02058384586881], [127.45718839274465, 37.04223171601322], [127.46803673152135, 37.0529979060048], [127.50465342204298, 37.047959683522855], [127.51826138285922, 37.05839707437722], [127.55998349396769, 37.04296203542277], [127.56813462783742, 37.047700808189184], [127.56512757988737, 37.06027051441796], [127.57621599529006, 37.07395339572637], [127.60419794249312, 37.068529349751465], [127.6008882327837, 37.08553423985253], [127.63478497244583, 37.10193535249379], [127.63782241041253, 37.14117793354999], [127.62876285826114, 37.15379586087151], [127.68774155525162, 37.1351976116673], [127.71097267426265, 37.17641790243345], [127.72650165537672, 37.18267634359324], [127.73537759739833, 37.20800591469892], [127.7466600959411, 37.21669633799288], [127.75596121164197, 37.17214284603223], [127.78951349052662, 37.14440303109371], [127.84942758034433, 37.15332601258658], [127.85368402963475, 37.16103326437038], [127.86091783655515, 37.155372359600506], [127.87073510127638, 37.16439244982656], [127.8993754324145, 37.15005306962391], [127.90845366704517, 37.16721487993284], [127.92436141958231, 37.164328304306856], [127.93358609427868, 37.17602083972015], [127.93237639539345, 37.20749530322175], [127.92154575446473, 37.226161468855764], [127.97264670125676, 37.256826567693224], [128.01834018452382, 37.24513371071079], [128.0392767285311, 37.21555250166268], [128.02978427931714, 37.20249592555384], [128.03969660430909, 37.1887972688616], [128.10506756668843, 37.20378737101279], [128.1252160780327, 37.22114342384244], [128.12681726033955, 37.23471360853307], [128.16417240616437, 37.21328177386784], [128.17310031794472, 37.21878191517749], [128.17418234504024, 37.23252663191946], [128.20793564006578, 37.24892024179378], [128.22869895343004, 37.22784428130585], [128.25120142737038, 37.22921156270825], [128.26838573947512, 37.20806855114448], [128.3155517230305, 37.223464059503115], [128.33050428505544, 37.21653824234493], [128.3274418330197, 37.19875351086023], [128.2958663751342, 37.18302941337514], [128.29818180770812, 37.17229818906015], [128.27628573333595, 37.172047211556226], [128.26469476699523, 37.1605103406266], [128.2964592270103, 37.13398381127486], [128.3369834617735, 37.157872607906285], [128.35946294338964, 37.14995615950804], [128.38437070368178, 37.15818443043261], [128.40263238431896, 37.14243335729694], [128.3959187340868, 37.12869436955878], [128.4185789810058, 37.11979724007276], [128.4248171907511, 37.102386486417124], [128.43523550915762, 37.111270145283356], [128.48033164165906, 37.11155383266209], [128.4901473320019, 37.12285317507805], [128.51239213003734, 37.11370165031622], [128.51200992368626, 37.09611514989634], [128.52225149597373, 37.103373607496685], [128.55082321265255, 37.08582326802321], [128.5621251807379, 37.09036183746246], [128.60631651756822, 37.076579233950106], [128.62323066020852, 37.08714685019459], [128.62830311608957, 37.07497994167575], [128.65222772050285, 37.06545686450225], [128.63050838885323, 37.038956427845996], [128.608824343456, 37.05262597752153], [128.60678837500316, 37.04339579681032], [128.58363878687317, 37.04388894530477], [128.56810777745036, 37.034495879866036], [128.57130727559422, 37.015982420181075], [128.55471038740134, 36.99823499494264], [128.5144905684291, 36.98680996018053], [128.50670155428617, 36.97019419507113], [128.46779412950497, 36.95181351288882], [128.46020161003437, 36.934006045109754], [128.44186829018182, 36.92790034504324], [128.44486089667743, 36.91381454943066], [128.42440683903914, 36.87647074297152], [128.44798322242454, 36.86458306672444], [128.44897386630623, 36.84807382003866], [128.42064591567234, 36.811416391162574], [128.38398003903262, 36.81446656904534], [128.3626442426871, 36.80051313753964], [128.33472458700538, 36.81685495689595], [128.3165706866525, 36.81663968150753], [128.28201115595002, 36.85662759338349], [128.2419196703263, 36.87279485620436], [128.23400771802935, 36.86265335781518], [128.23682188014558, 36.84812047431416], [128.21382004609634, 36.85000465801465], [128.21698838374462, 36.81305023270754], [128.16413102411482, 36.820122502350046], [128.13595645481513, 36.83407267425004], [128.0918810515422, 36.796455792383284], [128.0591470517512, 36.816685496491004], [128.03237670562388, 36.74796934014038], [128.0689508767222, 36.721665993980615], [128.07132459910594, 36.70729312574598], [128.04876754350613, 36.7075450322863], [128.01413875809385, 36.730063530264296], [128.00261703605463, 36.71663123600607], [127.98679978126262, 36.71749872081816], [127.96077330747892, 36.73677830811516], [127.94802432366625, 36.71780110878268], [127.94911570821237, 36.70595671569465], [127.93166668616641, 36.706324874873374], [127.92860192169273, 36.690366740635135], [127.89596236333618, 36.694246387412385], [127.87729725366908, 36.68223907390341], [127.90670629080192, 36.68020902595412], [127.93231911165631, 36.6651520956636], [127.93150759713882, 36.65361860157811], [127.93961031523092, 36.64691571908597], [127.92386792307082, 36.60523755867826], [127.91553289869549, 36.60625027329785], [127.90972772892407, 36.62573020184682], [127.88941316886705, 36.62945989124438], [127.87978099900091, 36.65756294715064], [127.8620666020699, 36.6343579156102], [127.84800512102368, 36.63336205649375], [127.85905718837064, 36.61324174774619], [127.82279090889487, 36.61244089581191], [127.79840808894663, 36.602280805215834], [127.80019758635791, 36.58551450902465], [127.82387530626174, 36.57080229550996], [127.85283949130175, 36.57158442145148], [127.86781709897312, 36.56327040747433], [127.8736794981026, 36.53783369862516], [127.90192959431641, 36.528173141923375], [127.90672089945132, 36.50784688700815], [127.8760946915116, 36.488368081994814], [127.88240226400916, 36.46099920869096], [127.87302833713828, 36.44170674510614], [127.8826373494679, 36.42174119524706], [127.86238026806168, 36.39257072265712], [127.87601639858147, 36.39074637561576], [127.88429056765769, 36.37978912046274], [127.87963235719995, 36.371506602821995], [127.89132656044171, 36.35955161263848], [127.88144562951723, 36.34486492655001], [127.8531515358901, 36.331726445490574], [127.84142612967106, 36.31045148543382], [127.85097513762713, 36.27444782756465], [127.88371168040504, 36.273159999033346], [127.90509215193288, 36.302378775098674], [127.90704739583418, 36.286080579563496], [127.93091373436454, 36.278215466119555], [127.96023358304664, 36.252431793369354], [127.97085425760454, 36.250434196279784], [127.98217036739776, 36.264197383894036], [128.0093889528894, 36.27205012123099], [128.02623372844707, 36.267867477480415], [128.04802614151149, 36.257139240048], [128.03004830584155, 36.2403082011607], [128.05068834366608, 36.205918075663476], [128.06295971248986, 36.19922069210288], [128.03835435697374, 36.1939990581746], [128.01351740596203, 36.20913294790416], [127.97651739178873, 36.19234763952825], [127.99647448479674, 36.153694068257714], [127.9873321499641, 36.147385156938775], [127.98703228063579, 36.12869897018264], [127.96647758808618, 36.11849233452083], [127.96856746242462, 36.10722000363856], [127.9578361101239, 36.094888499987334], [127.9613862261557, 36.06838914288329], [127.93586148048828, 36.05066365172531], [127.9170617626286, 36.05440274206359], [127.90355441686026, 36.03896672905431], [127.8854232083616, 36.036024205089575], [127.87692624777289, 36.02244194484872], [127.8493727972915, 36.03966341499098], [127.76630976007773, 36.011958520392284], [127.75876452410006, 36.01499409671716], [127.76110433591009, 36.02545891655369], [127.70210509410187, 36.035207418802145], [127.68858439982871, 36.06282033123952], [127.67081114841135, 36.0519178122572], [127.66920147842455, 36.038297278405125], [127.66040471923989, 36.038067384509624], [127.654041773329, 36.05641267825896], [127.61841599826818, 36.09309362978888], [127.61956852501133, 36.10901887828651], [127.59020275590923, 36.13382996985535], [127.601738375603, 36.1615873853735], [127.59341974729787, 36.17717907064939], [127.59779700271581, 36.217413204344005], [127.57913854081134, 36.23305753973492], [127.54662003036023, 36.230172648185224], [127.5496077297784, 36.238840060520836], [127.53789600695232, 36.24293923884637], [127.53599609440342, 36.25158234459369], [127.50651442434028, 36.238421775029735], [127.49276503953664, 36.23809225998161], [127.4885226774589, 36.247356139698525], [127.48845705982441, 36.272872300558944], [127.4982598941923, 36.282874311360196], [127.48899984494847, 36.30083743036127], [127.49945192513174, 36.30528304170889], [127.4947615257004, 36.311686775112626], [127.50358423747666, 36.32576480119502], [127.50125056149407, 36.33870629031555], [127.52131006175681, 36.35320453295086], [127.52571849179749, 36.3873092143274], [127.53915877834955, 36.3971916455765], [127.55725127828721, 36.39724266103409], [127.54239915084551, 36.42074665855737], [127.51568790123477, 36.422280753416175], [127.51004375707333, 36.40311573909526], [127.50316123042629, 36.4076625462056], [127.48921132565803, 36.4327033866873], [127.50266371751344, 36.45398409129433], [127.47934035151367, 36.45784063625294], [127.48413104955722, 36.4776156712835], [127.47092927899772, 36.47408553510048]]]}}, {"id": "17", "type": "Feature", "properties": {"name": "\uc790\uac15\ub3c4", "full": "\uc790\uac15\ub3c4", "region": "NK"}, "geometry": {"type": "Polygon", "coordinates": [[[126.94399415600003, 41.78693724100003], [126.9305569170001, 41.78485158800004], [126.9298464200001, 41.772805876000064], [126.97239767600001, 41.77455101500004], [126.98037030700004, 41.76362179800003], [127.00395095900001, 41.759689507000076], [127.00411139400012, 41.74313852200004], [127.04670848900003, 41.74162585000005], [127.04921651100005, 41.70206719500004], [127.07671963200005, 41.700803361000055], [127.06665152500011, 41.687195865000035], [127.04386977400009, 41.69168149300003], [127.03089746900002, 41.672707614000046], [127.06059889200003, 41.658746516000065], [127.05941772500012, 41.63082122800006], [127.07303619400011, 41.601104736000025], [127.06414794900002, 41.58693695100004], [127.01165771500007, 41.565544128000056], [126.99720764200003, 41.531105042000036], [126.97026062000009, 41.52748870800008], [126.92970275900007, 41.53527069100005], [126.91304016100003, 41.52360534700006], [126.91304016100003, 41.50777435300006], [126.93081665000011, 41.462768555000025], [126.96608734100005, 41.43582153300008], [127.01220703100012, 41.43693542500006], [127.03276062000009, 41.429718018000074], [127.01554870600012, 41.404708862000064], [127.01638793900008, 41.38416290300006], [127.06944274900002, 41.293884277000075], [127.13720703100012, 41.261383057000046], [127.12303161600005, 41.23693847700008], [127.14414978000002, 41.156654358000026], [127.23499298100012, 41.10971832300004], [127.32499694800003, 41.099998474000074], [127.35803222700008, 41.11166381800007], [127.3810882570001, 41.14665985100004], [127.40804290800008, 41.15915679900007], [127.46138000500002, 41.17110443100006], [127.48108673100012, 41.16638183600003], [127.49581909200003, 41.15277099600007], [127.50694274900002, 41.076385498000036], [127.49497985800008, 41.02388000500008], [127.41858673100012, 40.97387695300006], [127.3997192380001, 40.94860076900005], [127.40026855500003, 40.893882751000035], [127.41776275600012, 40.820549011000026], [127.40081787100007, 40.788887024000076], [127.33748626700003, 40.76943969700005], [127.30721283000003, 40.746658325000055], [127.24803161600005, 40.72470855700004], [127.23220825200008, 40.70332336400003], [127.21914672900004, 40.643882751000035], [127.20583343500005, 40.62860107400007], [127.12359619100005, 40.615272522000055], [127.06720733600002, 40.57610321000004], [127.01693725600012, 40.56276702900004], [127.00610351600005, 40.54804992700008], [127.00776672400002, 40.48165893600003], [126.94831848100011, 40.43637847900004], [126.88997650100009, 40.294441223000035], [126.82666015600012, 40.25193786600005], [126.80747985800008, 40.201934814000026], [126.74304199200003, 40.18832397500006], [126.70748901400009, 40.153602600000056], [126.65776062000009, 40.14249420200008], [126.6002731320001, 40.11138153100006], [126.5697174070001, 40.08888244600007], [126.5544281010001, 40.03694152800006], [126.4871978760001, 40.02777099600007], [126.43414306600005, 39.99137878400006], [126.40358734100005, 39.99388122600004], [126.31748962400002, 40.03388214100005], [126.19165039100005, 40.04888153100006], [126.14137268100001, 40.07471466100003], [125.9749908450001, 40.22054290800003], [125.93858337400002, 40.217765808000024], [125.90415954600007, 40.23915863000008], [125.86747741700003, 40.23665618900003], [125.82666015600012, 40.22026825000006], [125.8027572630001, 40.22276306200007], [125.75000000000011, 40.257499695000035], [125.68914794900002, 40.280548096000075], [125.61943054200003, 40.32804870600006], [125.61303710900006, 40.34443664600008], [125.63053894000006, 40.35860443100006], [125.63053894000006, 40.36998748800005], [125.58167266800001, 40.408599854000045], [125.57527160600011, 40.42360687300004], [125.59304809600008, 40.48304748500004], [125.61331176800002, 40.51361084000007], [125.59275817900004, 40.57332611100003], [125.53858947800006, 40.57332611100003], [125.49859619100005, 40.61554718000008], [125.41125743000009, 40.65439344300006], [125.412338825, 40.669930743000066], [125.45123937000005, 40.669361035000065], [125.45571190100009, 40.700806270000044], [125.47765218800009, 40.71981943900005], [125.5350813230001, 40.72050046800007], [125.54525747700006, 40.734225835000075], [125.54763125900001, 40.75915872400003], [125.56549191600004, 40.773614233000046], [125.58299241400005, 40.774111908000066], [125.60088253900005, 40.756120284000076], [125.68006860700007, 40.762789790000056], [125.68168605200003, 40.78323377700008], [125.63201017800009, 40.79600635700007], [125.63249148200009, 40.80730555500003], [125.67931227100007, 40.837319973000035], [125.70765685600009, 40.86745226100004], [125.75073198100006, 40.86824461300006], [125.76516784500006, 40.89093141300003], [125.79029063600001, 40.884962581000025], [125.79709765900009, 40.86586100900007], [125.80806616500001, 40.86182394400004], [125.8563014, 40.88480869400007], [125.87139864800008, 40.905223213000056], [125.89682921200006, 40.89673981000004], [125.91018787100006, 40.910694369000055], [125.90804983100008, 40.88743458700003], [125.9321609000001, 40.87647917800007], [125.96087546700005, 40.882831089000035], [125.97084862300005, 40.902682448000064], [125.99024159700002, 40.892905744000075], [126.02221070000007, 40.899404993000076], [125.99854164600004, 40.91698734500005], [125.97924034900007, 40.90649686900008], [125.97242023000001, 40.91178467200007], [126.00054871900011, 40.93333205700003], [126.0345772820001, 40.925398716000075], [126.0335917540001, 40.93835137600007], [126.04945516100008, 40.94698866600004], [126.04891819500006, 40.96181743200003], [126.07710234500007, 40.97382057900006], [126.06257480400006, 40.99642879900006], [126.07682731400007, 41.00430320500004], [126.1041863700001, 41.00266284000003], [126.09472726100012, 41.03210100200005], [126.11871391200009, 41.031711374000054], [126.13067776900004, 41.05520689700006], [126.10899286800009, 41.07112923900007], [126.11810164000008, 41.088263029000075], [126.16808201300012, 41.09310226800005], [126.19317533600008, 41.11680733900005], [126.22415236300003, 41.127628507000054], [126.23596233400008, 41.14455929700006], [126.28320221700005, 41.16032120400007], [126.29145970200011, 41.16974757100007], [126.28398802100003, 41.186095557000044], [126.30534223000006, 41.19006386500007], [126.31897591900008, 41.22978622900007], [126.35363640000003, 41.24329877400004], [126.36076429200011, 41.27811314100006], [126.39559175500005, 41.30377617100004], [126.40592179600003, 41.32910523600003], [126.43279300000006, 41.33022828000003], [126.43216763100008, 41.35158903700005], [126.49159401700001, 41.37202320000006], [126.50418979100004, 41.371492783000065], [126.50646862100007, 41.363490685000045], [126.47540319200004, 41.345901784000034], [126.51487017000011, 41.34675962000006], [126.53009838500009, 41.35423130100003], [126.53220368400002, 41.37195444300005], [126.50392785700001, 41.39258833100007], [126.5017407040001, 41.43233361500006], [126.5297480480001, 41.473339458000055], [126.55161957700011, 41.486763600000074], [126.54340465700011, 41.49522735800008], [126.55393114900005, 41.53042153000007], [126.58146701100009, 41.54848518600005], [126.58679083000004, 41.562279311000054], [126.55879985600006, 41.612786827000036], [126.59030075200008, 41.617252810000025], [126.59062162200007, 41.62731436900003], [126.6085510370001, 41.641471927000055], [126.60954311400008, 41.670291269000074], [126.64930804200003, 41.655213665000076], [126.68112980700005, 41.66793058400003], [126.68524872700004, 41.67968816800004], [126.72522647700009, 41.706844225000054], [126.72530505800012, 41.716663494000045], [126.6840372800001, 41.72868628700007], [126.68739331600011, 41.74682852400008], [126.72332090400005, 41.74366239100004], [126.76891387500007, 41.71655544600003], [126.77551134900011, 41.69535839800005], [126.79120777300011, 41.69133443000004], [126.79810319800004, 41.69492620700004], [126.79071009800009, 41.711352773000044], [126.79540199900009, 41.734160718000055], [126.8054897510001, 41.747473538000065], [126.81578050200005, 41.742748894000044], [126.82579949600006, 41.720798785000056], [126.83509817000004, 41.71994095000008], [126.85298174600007, 41.75891025200008], [126.88234787600004, 41.78922262000003], [126.93383764700002, 41.80865161000003], [126.94661677500005, 41.802142538000055], [126.94399415600003, 41.78693724100003]]]}}, {"id": "18", "type": "Feature", "properties": {"name": "\uac15\uc6d0\ub3c4(\ubd81)", "full": "\uac15\uc6d0\ub3c4(\ubd81)", "region": "NK"}, "geometry": {"type": "Polygon", "coordinates": [[[127.30914306600005, 39.40768432600004], [127.34632224500001, 39.39983663600003], [127.37885123400008, 39.40655853000004], [127.3611084470001, 39.38400924500007], [127.37779367300004, 39.38712626500006], [127.38748197500001, 39.40260986700008], [127.42624827800012, 39.40476100400008], [127.43434860200011, 39.396477326000024], [127.42822915800002, 39.38156998000005], [127.40881981300004, 39.388164181000036], [127.40352546200006, 39.37757875300008], [127.38497067800006, 39.37796183300003], [127.38543561200004, 39.37038865200003], [127.39478994700005, 39.36870572300006], [127.38773408700001, 39.36344084000007], [127.37354378600003, 39.37375778400008], [127.36901886800001, 39.366577505000066], [127.37965995600007, 39.350655163000056], [127.39952768700005, 39.34725328900004], [127.41419929200003, 39.35684336500003], [127.4255214100001, 39.34822244600008], [127.44640413600007, 39.36882359300006], [127.46623257700003, 39.353962086000024], [127.4631875880001, 39.32543414700007], [127.42427067300002, 39.32512964800003], [127.41967699700001, 39.31658076100007], [127.43388366800002, 39.30671565400007], [127.45449136400009, 39.31198381100006], [127.43399171600004, 39.298012881000034], [127.41200886500008, 39.30561552900008], [127.40078824600005, 39.33781709900006], [127.38739684600012, 39.33551535000004], [127.40041499000006, 39.31447218900007], [127.39045820500007, 39.29945352000004], [127.40308999600006, 39.29331115700006], [127.38202718900004, 39.29057394100005], [127.36798750100002, 39.27591543300008], [127.3646314660001, 39.25724932700007], [127.36502109300011, 39.226082398000074], [127.3744736540001, 39.20470199600004], [127.4313134360001, 39.17326658400003], [127.44429883800001, 39.152442793000034], [127.46771905500009, 39.156008376000045], [127.46830840700011, 39.18805933400006], [127.47543302500003, 39.19446690600006], [127.48319283400008, 39.16991709700005], [127.52092122200008, 39.13954579400007], [127.52787885700002, 39.11662652600006], [127.52934896400006, 39.137882510000054], [127.55052309300004, 39.148382808000065], [127.58457784900008, 39.14216513800005], [127.60360739000009, 39.15639800300005], [127.6213370800001, 39.131952968000064], [127.66748666100011, 39.10100868300003], [127.69724241800009, 39.112324253000054], [127.71748995400003, 39.106790887000045], [127.74484901000005, 39.12734946900008], [127.78265270400004, 39.07534892600006], [127.80475015200011, 39.036739784000076], [127.80014665300007, 39.033468877000075], [127.82705714700012, 39.01690152100008], [127.85227161500006, 38.977018722000025], [127.87460480400011, 38.97733959200008], [127.87870080400012, 38.95289455600005], [127.90370899900006, 38.95907293600004], [127.8987748080001, 38.94527553700004], [127.91338420400007, 38.929831225000044], [127.93083231500009, 38.917720030000055], [127.95365008200008, 38.91686219400003], [127.95556547800004, 38.90028829000005], [128.0042558240001, 38.85328742100006], [128.0469216770001, 38.84202423900007], [128.0560762870001, 38.85244595700004], [128.12173343900008, 38.81596830600006], [128.139495871, 38.80037338200003], [128.14573646000008, 38.78339347900004], [128.20434430000012, 38.73889081100003], [128.19839511300006, 38.71436719500008], [128.2207806890001, 38.73044342400004], [128.26120045300001, 38.731337275000044], [128.2656238720001, 38.74973162400005], [128.2801972520001, 38.74433250000004], [128.28311127300003, 38.721743925000055], [128.3560338320001, 38.67887507300003], [128.3637838190001, 38.61939630000006], [128.31510925300006, 38.58634567300004], [128.3206939700001, 38.51089859000007], [128.30966186500007, 38.48474502600004], [128.31207275400004, 38.472717285000044], [128.2891845700001, 38.43442535400004], [128.23066711400008, 38.39411926300005], [128.2170257570001, 38.37654113800005], [128.1451721190001, 38.331447601000036], [128.1098327640001, 38.32916259800004], [128.06800842300004, 38.306934357000046], [127.95989990200007, 38.31336212200006], [127.89333343500005, 38.32870101900005], [127.8709869380001, 38.31003952000003], [127.82942962600009, 38.30079269400005], [127.79065704300001, 38.33913040200008], [127.76378631600005, 38.32749557500006], [127.70255279500009, 38.329925537000065], [127.68184661900011, 38.31896591200007], [127.61361694300001, 38.32114410400004], [127.58606720000012, 38.33311080900006], [127.4989166260001, 38.29781723000008], [127.40125274700006, 38.33113861100003], [127.2918090820001, 38.31295013400006], [127.2748718260001, 38.32289886500007], [127.23873901400009, 38.32726669300007], [127.16795349100005, 38.301769257000046], [127.1323471070001, 38.30494308500005], [127.07554626500007, 38.27299499500003], [127.01658630400004, 38.237419128000056], [126.97557830800008, 38.19967651400003], [126.9613189700001, 38.162044525000056], [126.94442749000007, 38.16415405300006], [126.9260864260001, 38.20166015600006], [126.904708862, 38.20027160600006], [126.88260650600012, 38.212768555000025], [126.86914062500011, 38.24082946800007], [126.88466644300001, 38.27037048300008], [126.86443328900009, 38.295272827000076], [126.88832092300004, 38.311660767000035], [126.89109802200005, 38.33415985100004], [126.87442016600005, 38.339714050000055], [126.83551025400004, 38.323875427000075], [126.82527160600011, 38.34193420400004], [126.78610229500009, 38.35527038600003], [126.78784179700006, 38.36785888700007], [126.7391510010001, 38.42054748500004], [126.71054077100007, 38.46832275400004], [126.69999694800003, 38.513328552000075], [126.71637725800008, 38.56388092000003], [126.67886352500011, 38.613327026000036], [126.67915344200003, 38.62832641600005], [126.70082092300004, 38.64360809300007], [126.76666259800004, 38.65998840300006], [126.80081176800002, 38.68554687500006], [126.86997985800008, 38.78249359100005], [126.87747192400002, 38.824440002000074], [126.87052917500012, 38.869155884000065], [126.88136291500007, 38.88916015600006], [126.90609741200001, 38.90443420400004], [126.97804260300006, 38.913604736000025], [127.01110839800003, 38.947486877000074], [127.01914978000002, 38.98249054000007], [126.9752731320001, 39.04916381800007], [126.98943328900009, 39.08027648900003], [126.9891510010001, 39.11193847700008], [127.00749206500006, 39.13220977800006], [127.06247711200001, 39.15499115000006], [127.06553649900002, 39.166938782000045], [127.02551269500009, 39.20433807400008], [127.03970336900011, 39.20943450900006], [127.04248046900011, 39.22082519500003], [127.02221679700006, 39.25888824500004], [127.029708862, 39.26943969700005], [127.09108734100005, 39.28971862800006], [127.10220336900011, 39.369155884000065], [127.11331176800002, 39.390830994000055], [127.15248107900004, 39.41276550300006], [127.30914306600005, 39.40768432600004]]]}}, {"id": "19", "type": "Feature", "properties": {"name": "\ub0a8\ud3ec", "full": "\ub0a8\ud3ec", "region": "NK"}, "geometry": {"type": "MultiPolygon", "coordinates": [[[[125.19711381000002, 38.64654253500004], [125.22604447300012, 38.64745930600003], [125.24655558100005, 38.65766876200007], [125.24092865000011, 38.62763214100005], [125.2259674070001, 38.61454772900004], [125.19714355500003, 38.60695266700003], [125.17321777300003, 38.609874725000054], [125.16577090400006, 38.618168524000055], [125.18154180500005, 38.63029604900004], [125.16950264100001, 38.663460229000066], [125.19711381000002, 38.64654253500004]]], [[[125.5099411010001, 39.026271820000034], [125.52272033700001, 39.00202560400004], [125.5788650510001, 39.010272980000025], [125.60748291000004, 38.94137573200004], [125.58776855500003, 38.88443756100003], [125.53137207000009, 38.86164093000008], [125.52026367200006, 38.84082794200003], [125.53471374500009, 38.81304931600005], [125.57248687700007, 38.79666137700008], [125.57998657200005, 38.74721527100007], [125.61804199200003, 38.71972656200006], [125.61443328900009, 38.68971252400007], [125.62979126000005, 38.65693664600008], [125.5894317630001, 38.66027069100005], [125.5581390540001, 38.691945909000026], [125.55551876100003, 38.70363770400007], [125.52995395500011, 38.708228106000035], [125.52905355600001, 38.71763482800003], [125.49942876600005, 38.72389833600005], [125.48834238900008, 38.714481791000026], [125.47778315500011, 38.72337446700004], [125.46457510900007, 38.72154747400003], [125.45947393500012, 38.72644892300008], [125.468674383, 38.73178256400007], [125.44235979100006, 38.75217088900007], [125.41771830400012, 38.749168465000025], [125.4364400710001, 38.73921822900007], [125.43359480800007, 38.73125542100007], [125.38897099500002, 38.71325069900007], [125.36947652100002, 38.71633170400003], [125.36379254300005, 38.73314789700004], [125.37416842300001, 38.749230675000035], [125.35867172400003, 38.74903422400007], [125.36181493800007, 38.71439666300006], [125.33746485300003, 38.70977024500007], [125.33000299500009, 38.72440583400004], [125.3247839500001, 38.71639718700004], [125.30223794000005, 38.72615752100006], [125.318412394, 38.70756999500003], [125.30161912000005, 38.70235095100003], [125.29807318200005, 38.68841931000003], [125.28224251600011, 38.687554927000065], [125.22576944200011, 38.718004810000025], [125.25034217100006, 38.75093324900007], [125.25177626200002, 38.76407908500005], [125.27136896100001, 38.76444906800003], [125.26461105200008, 38.77440585200003], [125.24122685100008, 38.77478565700005], [125.2310114060001, 38.786854289000075], [125.23280238300003, 38.81132879200004], [125.22263277700006, 38.80278645300007], [125.20934287600005, 38.809180929000036], [125.23066761700011, 38.77380667700004], [125.21810785900004, 38.75064512100005], [125.22305187200004, 38.737970766000046], [125.21048883900005, 38.73839968400006], [125.21051830700003, 38.750995458000034], [125.19354167800009, 38.76179370700004], [125.1943831430001, 38.78399592900007], [125.17794020600002, 38.76959280600005], [125.16977767300011, 38.77040807700007], [125.16345195500003, 38.786762612000075], [125.14623303700012, 38.788170509000054], [125.13849614700007, 38.819203197000036], [125.14826302900008, 38.83599974600003], [125.14346308000006, 38.84294100900007], [125.15601301600009, 38.85351661400006], [125.1409288640001, 38.85969499400005], [125.13362744000005, 38.87240209000004], [125.12502289200006, 38.867720011000074], [125.12637185500012, 38.875031258000035], [125.15097077700011, 38.87984430400007], [125.17864088100009, 38.94086521500003], [125.20493255400004, 38.972693529000026], [125.18784460300003, 38.97465803800003], [125.18598814300003, 38.983000651000054], [125.20104937500003, 38.99556368300006], [125.22212982200006, 38.99340057400008], [125.25514221200001, 38.95952224700005], [125.28128814700005, 38.967544556000064], [125.35798645000011, 38.95692062400008], [125.3561859130001, 38.964698792000036], [125.37255859400011, 38.972736359000066], [125.36661529500009, 39.02656936600005], [125.46099853500004, 39.01829910300006], [125.49057769800004, 39.042457581000065], [125.5099411010001, 39.026271820000034]]]]}}, {"id": "20", "type": "Feature", "properties": {"name": "\ud568\uacbd\ubd81\ub3c4", "full": "\ud568\uacbd\ubd81\ub3c4", "region": "NK"}, "geometry": {"type": "Polygon", "coordinates": [[[129.95687915700012, 43.00812163200004], [129.95085139000003, 42.98384030600005], [129.97343341600003, 42.973022412000034], [130.05958694100002, 42.96794088300004], [130.10456764000003, 42.98762853300008], [130.14271512300002, 42.979076372000065], [130.1448531630001, 42.97047182400007], [130.11488458400004, 42.95245400600004], [130.13296461200002, 42.93535623300005], [130.1019122790001, 42.926617444000044], [130.10643064900012, 42.91238785300004], [130.13822949500002, 42.90239177900003], [130.16943244000004, 42.914260685000045], [130.21211139000002, 42.90391099900006], [130.26139763600008, 42.903629419000026], [130.268492787, 42.88032379900005], [130.24974155200005, 42.85776796600004], [130.25526509500003, 42.84012667800005], [130.23591468600011, 42.81798011800004], [130.2273854440001, 42.787759427000026], [130.24311788400007, 42.76375968000008], [130.23440528800006, 42.73677715400004], [130.25132625600008, 42.709499952000044], [130.29032830000006, 42.695794231000036], [130.30969180600005, 42.65904154900005], [130.36006180700008, 42.63039246500006], [130.37975928000003, 42.60016850000005], [130.39428682100004, 42.600731659000076], [130.41336220000005, 42.61443738100007], [130.43470658600006, 42.60620936400005], [130.43579034000004, 42.59733960700004], [130.41946527300001, 42.586200844000075], [130.41708494400007, 42.56844168600003], [130.44197199400003, 42.54782089400004], [130.4766095550001, 42.557289825000055], [130.4752343990001, 42.571728964000044], [130.45774699800006, 42.59392463700004], [130.47474654600012, 42.61693230700007], [130.51441979700007, 42.615403264000065], [130.5186926030001, 42.59927464800006], [130.51135188900003, 42.58123063700003], [130.52424561400005, 42.564673103000075], [130.52720547400008, 42.54165561100007], [130.54927018, 42.52293057000003], [130.54914903500003, 42.49540780400008], [130.58357377400012, 42.47904344700004], [130.56384355900002, 42.46479421200007], [130.5647897980001, 42.44022475700007], [130.57527045100005, 42.43253370600007], [130.61260921200005, 42.42943633100003], [130.6478721410001, 42.39798782200006], [130.66001935300005, 42.36755431000006], [130.64503342600005, 42.348295577000044], [130.64613355100005, 42.33892159700008], [130.66494699500004, 42.30717841200004], [130.6623374730001, 42.295525601000065], [130.67486448900002, 42.283614131000036], [130.63580351000007, 42.267865320000055], [130.62147569400008, 42.272049723000066], [130.5920702740001, 42.25402863100004], [130.59097342300004, 42.27295339700004], [130.60978686800001, 42.28272355400003], [130.57634110800007, 42.31301627600004], [130.5270843290001, 42.317681984000046], [130.51156471100012, 42.33273339400006], [130.48671040300007, 42.33713389400003], [130.4616694670001, 42.32706578700004], [130.4662009330001, 42.32101837500005], [130.45397841500005, 42.304126875000065], [130.4020400820001, 42.330516774000046], [130.38566590300002, 42.328139718000045], [130.39857599800007, 42.322239644000035], [130.39720084200007, 42.29750975500008], [130.40623430800008, 42.290254170000026], [130.38566590300002, 42.294124252000074], [130.38249322100012, 42.28306734300003], [130.3959501050001, 42.26863147800003], [130.39740056800008, 42.24693020700005], [130.3775950470001, 42.25718821600003], [130.36570649500004, 42.250836305000064], [130.3684535330001, 42.22951156400006], [130.3600781780001, 42.23189516700006], [130.3306269200001, 42.20990904200005], [130.33010959900002, 42.18971716800007], [130.3209680860001, 42.19076818000008], [130.31130925200011, 42.179442788000074], [130.30648965700004, 42.191017017000036], [130.31483554500005, 42.21759354500006], [130.29992819900008, 42.23533305800004], [130.23236219900002, 42.17739642400005], [130.20863420900002, 42.17775985900005], [130.19817974900002, 42.16740035000004], [130.21299869300003, 42.15129137900004], [130.1993551800001, 42.14802047200004], [130.20828387200004, 42.139871036000045], [130.19192606400009, 42.09679263600003], [130.17965770700005, 42.10814422200008], [130.1447909540001, 42.097031651000066], [130.17361356900005, 42.08486152100005], [130.17378382700008, 42.072904211000036], [130.152328118, 42.06576649700003], [130.1482845050001, 42.07635847200004], [130.13169750400004, 42.079475493000075], [130.13198890600006, 42.08749723600005], [130.08177279200004, 42.07940018700003], [130.0748609960001, 42.072711035000054], [130.07598731400003, 42.03909829200006], [130.06878739, 42.035182372000065], [130.06185922300006, 42.05031891100003], [130.049774221, 42.05521053700005], [130.044509338, 42.02199397100003], [130.03016515000002, 42.00933926100004], [130.03141916200002, 41.99019185100008], [130.0139481320001, 42.01562896300004], [129.97912721700004, 41.97919387700006], [129.99229269900002, 41.97034049100006], [129.96900999700006, 41.94903866900006], [129.98728975000006, 41.941936971000075], [129.97490024900003, 41.938338646000034], [129.95907613200006, 41.91197821500003], [129.94984294200003, 41.91186034400005], [129.96052659400004, 41.90017806600008], [129.95349037900007, 41.89211375800005], [129.90843110000003, 41.90682465400005], [129.8968666930001, 41.90225062300004], [129.8828433760001, 41.872331157000076], [129.88860920800005, 41.857738132000065], [129.8817890890001, 41.82048777400007], [129.86857449500008, 41.79212681800004], [129.84898507000003, 41.78114848900003], [129.8515487530001, 41.762390706000076], [129.8411565030001, 41.75980737800006], [129.80969162300005, 41.77503559300004], [129.78814751200002, 41.76554374300008], [129.77993914, 41.76902419700008], [129.76885931200002, 41.745806980000054], [129.7615513400001, 41.76048185900004], [129.75940020300004, 41.723182389000044], [129.74397226200006, 41.69058136800004], [129.69699103900007, 41.65159896900008], [129.66708466900002, 41.57094934200006], [129.65017679800007, 41.549454344000026], [129.6583098640001, 41.51361515900004], [129.65434155700007, 41.47872221100005], [129.68051208600002, 41.44043393900006], [129.73455899200007, 41.41538645400004], [129.73590140600004, 41.393495280000025], [129.7432715870001, 41.408432093000044], [129.7745203710001, 41.38151832500006], [129.7934713310001, 41.38495949000003], [129.80941659200005, 41.37457706200007], [129.7996529840001, 41.368742471000076], [129.79154938600004, 41.33272975400007], [129.77360687400005, 41.31866387200006], [129.78172356900006, 41.31197472100007], [129.75805778900008, 41.29251626300004], [129.7611387930001, 41.27281551600004], [129.74751165200007, 41.26193213800008], [129.7522592140001, 41.25223074000007], [129.73458845900007, 41.24319727400007], [129.74165414200002, 41.21522594600003], [129.72888156200008, 41.20933569400006], [129.73533497200003, 41.20137288600006], [129.72163252500002, 41.19531237700005], [129.71740883100006, 41.14942473000008], [129.7278436460001, 41.13617411900003], [129.71792615200002, 41.12276962200008], [129.72502130200007, 41.10948627000005], [129.72038178800005, 41.09989619400005], [129.72607558900006, 41.093583573000046], [129.7436841340001, 41.096648206000054], [129.727860017, 41.073047909000024], [129.72062735100008, 41.03032967000007], [129.727218278, 40.995043821000024], [129.73539718200004, 40.992250944000034], [129.72155721900003, 40.98436671600007], [129.76510710000002, 40.93834810200008], [129.74839895500008, 40.91480346700007], [129.75726216300006, 40.904165652000074], [129.7377480440001, 40.88538495000006], [129.73391725200008, 40.854633842000055], [129.7156538700001, 40.830264113000055], [129.7009593460001, 40.83413746900004], [129.704865444, 40.842620872000055], [129.69862485500005, 40.84345578800003], [129.56140065400007, 40.83030995100006], [129.54762290100007, 40.81643724600008], [129.54846109100004, 40.80698141200003], [129.531265092, 40.80409358400004], [129.51502842900004, 40.78967409100005], [129.4865430540001, 40.791343923000056], [129.42918267700009, 40.77586359500003], [129.39886376000004, 40.75605152600008], [129.3458253020001, 40.73776195100004], [129.30334607700001, 40.67641034700006], [129.29390006500012, 40.67832574300007], [129.27329891800002, 40.70472219000004], [129.228272381, 40.70312766400008], [129.21142672000008, 40.68779140000004], [129.20694109200008, 40.66923006800005], [129.2140951770001, 40.659197977000076], [129.20268138200004, 40.65639855200004], [129.20303499400006, 40.635047618000044], [129.19230550200007, 40.632896481000046], [129.16597126500005, 40.587120156000026], [129.16803093900012, 40.56774067300006], [129.06359863300008, 40.59748840300006], [129.05441284200003, 40.61193847700008], [129.0624694820001, 40.636383057000046], [129.05801391600005, 40.656654358000026], [128.98135376000005, 40.71749115000006], [128.9741210940001, 40.77999115000006], [128.93801879900002, 40.825828552000075], [128.93191528300008, 40.84582519500003], [128.9374694820001, 40.860275269000056], [128.9591369630001, 40.87832641600005], [128.9410705570001, 40.932769775000054], [128.98217773400006, 40.97526550300006], [129.00027465800008, 41.00666046100008], [128.99301147500012, 41.038047791000054], [128.9980163570001, 41.07360839800003], [128.98876953100012, 41.098930359000065], [129.00497436500007, 41.11943817100007], [129.00637817400002, 41.13777160600006], [128.99078369100005, 41.200828552000075], [129.03359985400004, 41.27193450900006], [128.9724731450001, 41.36998748800005], [128.96359252900004, 41.44137573200004], [128.97662353500004, 41.46832275400004], [129.0510864260001, 41.52943420400004], [129.05691528300008, 41.556655884000065], [129.03747558600003, 41.59027099600007], [129.00637817400002, 41.621658325000055], [128.92718505900007, 41.64027404800004], [128.9535827640001, 41.684158325000055], [128.92996215800008, 41.72248840300006], [128.9260864260001, 41.82193756100003], [128.9147033690001, 41.82971954300007], [128.87411499000007, 41.82555389400005], [128.83828735400004, 41.89638519300007], [128.82162475600012, 41.89499664300007], [128.8246765140001, 41.906097412000065], [128.81079101600005, 41.90998840300006], [128.80914306600005, 41.92471313500005], [128.8577270510001, 41.929161072000056], [128.87246704100005, 41.914993286000026], [128.88525390600012, 41.914993286000026], [128.88333129900002, 41.925270081000065], [128.89276123000002, 41.937210083000025], [128.9080200200001, 41.93888092000003], [128.88162231400008, 41.95110321000004], [128.89804077100007, 41.95860290500008], [128.89135742200006, 41.95999145500008], [128.90136718700012, 41.974433899000076], [128.9241333010001, 41.973602295000035], [128.95303344700005, 41.99360656700003], [128.96606445300006, 41.98860168500005], [128.98718261700003, 42.01305389400005], [128.9819030760001, 42.018325806000064], [128.99273681600005, 42.033050537000065], [129.01388549800004, 42.04916381800007], [129.01913452100007, 42.07471466100003], [129.01247242400007, 42.09948205400008], [129.0333112720001, 42.104817654000044], [129.031402425, 42.11155591800008], [129.04052756700003, 42.116607980000026], [129.02580357500005, 42.118173038000066], [129.03572107000002, 42.12160765400006], [129.03933576500003, 42.13322444800008], [129.07092179000006, 42.13729753000007], [129.06277562700006, 42.15117023500005], [129.0703127920001, 42.156860761000075], [129.0847322850001, 42.13904266800006], [129.11345012700008, 42.138682508000045], [129.12902868000003, 42.150453189000075], [129.1262358040001, 42.160118571000055], [129.16528368700006, 42.164273507000075], [129.1582638420001, 42.184855009000046], [129.18894946700004, 42.18914091200003], [129.18994154400002, 42.20362588900008], [129.22070247400006, 42.204320015000064], [129.21948120500008, 42.21616272800003], [129.20459023, 42.212675725000054], [129.19703669400008, 42.22277984800007], [129.2056117740001, 42.235493492000046], [129.20083474400008, 42.24226449900004], [129.17545984100002, 42.23679989100003], [129.176376612, 42.25766297200005], [129.18414296900005, 42.264411059000054], [129.21603349200007, 42.264574768000045], [129.2248082970001, 42.28146299400004], [129.19980010300003, 42.28693087600004], [129.23478800100008, 42.30764007100004], [129.2097765320001, 42.30313152400004], [129.19346456300002, 42.31477451200004], [129.20721284900003, 42.32081210100006], [129.23399237500007, 42.31414259500008], [129.25590646900002, 42.32775009100004], [129.22499165200009, 42.35166143500004], [129.24133308900002, 42.378080802000056], [129.25947532600003, 42.37204321200005], [129.27085965300012, 42.38734346000007], [129.29074048100006, 42.378627590000065], [129.2944042890001, 42.38928504900008], [129.31826652000007, 42.38369602200004], [129.30127024700005, 42.403007142000035], [129.31083740400004, 42.405230310000036], [129.30734385300002, 42.42297309700007], [129.31980866000004, 42.41784573000007], [129.3312977610001, 42.43126005000005], [129.3359209040001, 42.41075385400006], [129.34933522400001, 42.40698527200004], [129.3406520960001, 42.41714505500005], [129.3553924590001, 42.42192208500006], [129.3360747910001, 42.438915085000076], [129.34404087300004, 42.45055152400005], [129.36552277500004, 42.45373075400005], [129.3683156510001, 42.44645224900006], [129.35638453600006, 42.42908599300006], [129.381530246, 42.423113887000056], [129.39506571000004, 42.45120636000007], [129.42340047300002, 42.43348321800005], [129.44595303200003, 42.441540978000035], [129.46041836300003, 42.42236737400003], [129.49395907400003, 42.412695443000075], [129.5048228060001, 42.39413411100003], [129.5231778650001, 42.39109567100007], [129.53445414500004, 42.362767457000075], [129.54492170100002, 42.36854966100003], [129.54647693700008, 42.35986653300006], [129.55024879400003, 42.37484591100008], [129.57168485700004, 42.38234051100005], [129.55746508900006, 42.38877427700004], [129.5750900050001, 42.41211263900004], [129.59626740800002, 42.41419501800004], [129.60743563900007, 42.44273278000003], [129.5841071000001, 42.446141202000035], [129.60842771600005, 42.46160188500005], [129.61912446600002, 42.46007611700003], [129.64611681400004, 42.425346879000074], [129.67378364400008, 42.43447202100003], [129.70098881400008, 42.42625382700004], [129.722640973, 42.44169159000006], [129.732253968, 42.46186709400007], [129.74374306900006, 42.46782610300005], [129.73187416300004, 42.497614602000056], [129.74606446400003, 42.54091237200004], [129.736327049, 42.57342826400003], [129.75163384600012, 42.58370591800008], [129.75714101800008, 42.60042716000004], [129.77714626400007, 42.60405822700005], [129.7798769310001, 42.611189393000075], [129.75459370500005, 42.61559644100004], [129.75288458300008, 42.62410276300005], [129.7659911290001, 42.63292013300003], [129.74705654100012, 42.64695982100005], [129.7648451660001, 42.65497501600004], [129.77271957100004, 42.64343680200005], [129.78369135200012, 42.64230721000007], [129.774170034, 42.65298431400004], [129.77446143600002, 42.67211862800008], [129.78401222200011, 42.679426600000056], [129.79327488, 42.672498433000044], [129.8033593570001, 42.67832320100007], [129.77055206300008, 42.69480215400006], [129.760238393, 42.708353989000045], [129.75972107300004, 42.72443349200006], [129.783553836, 42.75532211600006], [129.7849126210001, 42.771643908000044], [129.80903678700008, 42.79033620700005], [129.8031923740001, 42.816843977000076], [129.81512349000002, 42.83404652400003], [129.81269732200008, 42.848777064000046], [129.8367167130001, 42.86390378100003], [129.84434555500002, 42.91980714700003], [129.8698285060001, 42.918710297000075], [129.85174520400005, 42.94404591000006], [129.85142433500005, 42.95983073600007], [129.86512678200006, 42.97182406100006], [129.90603767400012, 42.967063402000065], [129.91360430600002, 42.97216785000006], [129.91433772300002, 42.97917787200004], [129.87841668300007, 42.98240621400004], [129.88104257600003, 42.994255475000045], [129.89451583100004, 43.002591540000026], [129.95687915700012, 43.00812163200004]]]}}, {"id": "21", "type": "Feature", "properties": {"name": "\ud669\ud574\ubd81\ub3c4", "full": "\ud669\ud574\ubd81\ub3c4", "region": "NK"}, "geometry": {"type": "Polygon", "coordinates": [[[126.62803649900002, 39.13665771500007], [126.73027038600003, 39.14694213900003], [126.77110290500002, 39.123603821000074], [126.8394317630001, 39.106941223000035], [126.91081237800006, 39.06332397500006], [126.93193054200003, 39.05832672100007], [126.9820098880001, 39.06920623800005], [126.9777679440001, 39.038047791000054], [127.0197067260001, 38.977485657000045], [127.01110839800003, 38.947486877000074], [126.97804260300006, 38.913604736000025], [126.90609741200001, 38.90443420400004], [126.87719726600005, 38.88471984900008], [126.87052917500012, 38.869155884000065], [126.87747192400002, 38.824440002000074], [126.86997985800008, 38.78249359100005], [126.79165649400011, 38.675827026000036], [126.75971984900002, 38.65693664600008], [126.68830871600005, 38.637496948000035], [126.6780395510001, 38.61804962200006], [126.71527099600007, 38.56888580300006], [126.69999694800003, 38.513328552000075], [126.71054077100007, 38.46832275400004], [126.73248291000004, 38.430274963000045], [126.78784179700006, 38.36785888700007], [126.78943634000007, 38.351104736000025], [126.82527160600011, 38.34193420400004], [126.83551025400004, 38.323875427000075], [126.87442016600005, 38.339714050000055], [126.89109802200005, 38.33415985100004], [126.88832092300004, 38.311660767000035], [126.86443328900009, 38.295272827000076], [126.88581848100011, 38.26499939000007], [126.86943054200003, 38.23526763900003], [126.89050293000003, 38.20497894300007], [126.9260864260001, 38.20166015600006], [126.94442749000007, 38.16415405300006], [126.9613189700001, 38.162044525000056], [126.97116088900009, 38.14318084700005], [126.88201904300001, 38.09123992900004], [126.85652160600011, 38.03466415400004], [126.77802276600005, 37.96353912400008], [126.68578338600003, 37.95236206100003], [126.69526672400002, 37.91128921500007], [126.67711732900011, 37.82179791600004], [126.66583283400007, 37.83301987500005], [126.64972058900003, 37.800909982000064], [126.65260186800003, 37.78729921100006], [126.62029879800002, 37.78842225500006], [126.5853731090001, 37.76827949400007], [126.50702523200005, 37.81463207400003], [126.47184743100001, 37.81601705300005], [126.46228682200001, 37.836673861000065], [126.42301956900008, 37.85167615800003], [126.40440257600005, 37.877604398000074], [126.41774813800009, 37.90018969800008], [126.38749694800003, 37.93554687500006], [126.39166259800004, 37.97054290800003], [126.40664672900004, 37.99110412600004], [126.38860321000004, 38.01554870600006], [126.40165710400004, 38.039993286000026], [126.3810882570001, 38.05443573000008], [126.39526367200006, 38.09387970000006], [126.37664794900002, 38.09332275400004], [126.37081909200003, 38.103050232000044], [126.38053894000006, 38.11749267600004], [126.3783111570001, 38.12748718300003], [126.41137695300006, 38.14999389600007], [126.43221283000003, 38.117767334000064], [126.43914794900002, 38.119155884000065], [126.44193267800006, 38.13999176000004], [126.39414978000002, 38.19915771500007], [126.2855377200001, 38.23888397200005], [126.24664306600005, 38.240272522000055], [126.20166015600012, 38.231933594000054], [126.15804290800008, 38.20304870600006], [126.11971283000003, 38.20610046400003], [126.08083343500005, 38.175827026000036], [126.04525756800001, 38.19193267800006], [126.0072174070001, 38.17694091800007], [125.93665313700001, 38.169441223000035], [125.91886901900011, 38.186103821000074], [125.90165710400004, 38.24499511700003], [125.86109924300001, 38.268325806000064], [125.85832214400011, 38.288047791000054], [125.842208862, 38.29999542200005], [125.83360290500002, 38.31971740700004], [125.8144226070001, 38.31694030800003], [125.81025695800008, 38.30165863000008], [125.78137207000009, 38.31638336200007], [125.75888061500007, 38.302772522000055], [125.73387146000005, 38.30971527100007], [125.75277710000012, 38.32694244400005], [125.74524688700001, 38.343048096000075], [125.69886779800004, 38.35665893600003], [125.72664642300003, 38.38526916500007], [125.69941711400008, 38.41554260300006], [125.69637298600003, 38.457214355000076], [125.70332336400008, 38.467765808000024], [125.69664001500007, 38.49193573000008], [125.6780395510001, 38.50083160400004], [125.68221283000003, 38.515830994000055], [125.6624908450001, 38.53193664600008], [125.6652679440001, 38.56388092000003], [125.65609741200001, 38.57943725600006], [125.65582275400004, 38.61749267600004], [125.61580658000003, 38.68443298300008], [125.61804199200003, 38.71972656200006], [125.57998657200005, 38.74721527100007], [125.57248687700007, 38.79666137700008], [125.53471374500009, 38.81304931600005], [125.52026367200006, 38.84082794200003], [125.53137207000009, 38.86164093000008], [125.58776855500003, 38.88443756100003], [125.60594177200005, 38.93884658800005], [125.63613128700001, 38.94527816800007], [125.67201232900004, 38.950588226000036], [125.71104431200001, 38.945125580000024], [125.72372436500007, 38.91280746500007], [125.74641418500005, 38.90199661300005], [125.79225921600005, 38.923427582000045], [125.82154083300009, 38.92068100000006], [125.86034393300008, 38.89368820200008], [125.89969635000011, 38.917823792000036], [125.92891693100012, 38.909690857000044], [125.94532775900007, 38.920421600000054], [125.96190643300008, 38.947296143000074], [125.94936370800008, 38.993068695000034], [125.95604705800008, 39.00920105000006], [126.00811004600007, 39.00370788600003], [126.04074096700003, 39.00902557400008], [126.11698913600003, 38.94212341300005], [126.12525939900002, 38.97193145800003], [126.14360046400009, 38.97887420700005], [126.14221191400009, 38.96887970000006], [126.15386962900004, 38.964714050000055], [126.15637207000009, 38.97415924100005], [126.16998291000004, 38.97415924100005], [126.17192077600009, 38.98360443100006], [126.18414306600005, 38.98165893600003], [126.18137359600007, 38.99082946800007], [126.18718719500009, 38.992767334000064], [126.23831176800002, 38.98499298100006], [126.27249145500002, 38.95332336400003], [126.279708862, 38.95749664300007], [126.28665161100002, 38.95054626500007], [126.29609680200008, 38.95999145500008], [126.32943725600012, 38.953880310000045], [126.40358734100005, 38.92221832300004], [126.48081970200008, 38.908599854000045], [126.50054931600005, 38.930824280000024], [126.47886657700008, 38.98526763900003], [126.48970031700003, 39.00000000000006], [126.51554870600012, 39.00277710000006], [126.59664917000009, 38.96832275400004], [126.62415313700001, 38.96665954600007], [126.65693664600008, 38.976097107000044], [126.65941619900002, 38.99110412600004], [126.63192749000007, 39.02360534700006], [126.62136840800008, 39.04943847700008], [126.59192657500012, 39.07221984900008], [126.56275939900002, 39.11499786400003], [126.55747985800008, 39.14305114700005], [126.56498718300008, 39.16387939500004], [126.57887268100001, 39.17137908900003], [126.62803649900002, 39.13665771500007]]]}}, {"id": "22", "type": "Feature", "properties": {"name": "\ud3c9\uc548\ubd81\ub3c4", "full": "\ud3c9\uc548\ubd81\ub3c4", "region": "NK"}, "geometry": {"type": "MultiPolygon", "coordinates": [[[[124.61496769900009, 39.424121237000065], [124.59987699900012, 39.42153790800006], [124.58898052500001, 39.43904495400005], [124.61366130100009, 39.45022300800008], [124.62100856300003, 39.43206440000006], [124.61496769900009, 39.424121237000065]]], [[[124.70242434800002, 39.497047070000065], [124.68611237900006, 39.492659668000044], [124.67857521400003, 39.50006586500007], [124.67971135500011, 39.51423979500004], [124.70540712700006, 39.53087590900003], [124.71124171800011, 39.52645903800004], [124.70242434800002, 39.497047070000065]]], [[[124.68621715200004, 39.56312659200006], [124.6984789600001, 39.55520634800007], [124.69290957800001, 39.54131399800008], [124.67228551200003, 39.52850867600006], [124.651108109, 39.53286333700004], [124.63984820100006, 39.54739742600003], [124.63456039900007, 39.53190072700005], [124.61254153100003, 39.53968673000003], [124.59226125400005, 39.52778180800004], [124.59358074900001, 39.536232469000026], [124.62708216900012, 39.56035336000008], [124.68621715200004, 39.56312659200006]]], [[[124.89328618200011, 39.606712489000074], [124.9268105220001, 39.595848757000056], [124.92962631800003, 39.58940516800004], [124.91187370800003, 39.588494946000026], [124.90956213600009, 39.57708770000005], [124.91776396000012, 39.573548310000035], [124.90939187900005, 39.56884986000006], [124.92504901200004, 39.55491494600005], [124.91634296500001, 39.548396051000054], [124.93321154600005, 39.550232867000034], [124.9398483110001, 39.54305258800008], [124.92398162900008, 39.532971384000064], [124.90661537300002, 39.535482681000076], [124.9085242210001, 39.52791277500006], [124.85843580000005, 39.491035674000045], [124.84211728200012, 39.486667917000034], [124.8384632960001, 39.495177513000044], [124.81762640800002, 39.486972415000025], [124.83614190100002, 39.511679385000036], [124.85478181400003, 39.51396148900005], [124.85649748500009, 39.525378559000046], [124.84570251000002, 39.531468535000045], [124.86041340500003, 39.543402925000066], [124.85019796000006, 39.54971227200008], [124.82176824700002, 39.545950238000046], [124.87550410500012, 39.57272321600004], [124.86604172200009, 39.58702811300003], [124.88598475900005, 39.59409379600004], [124.87222337600008, 39.60021978800006], [124.89328618200011, 39.606712489000074]]], [[[124.25144847800004, 39.80633930600004], [124.23055265400001, 39.79415280400008], [124.22955402900004, 39.78432371300005], [124.20620584400001, 39.80321573700007], [124.19438932500009, 39.801896242000055], [124.18910152300009, 39.82213722900008], [124.24504090500011, 39.85722990100004], [124.22791366500007, 39.868722277000074], [124.2260964940001, 39.890004453000074], [124.23397089900004, 39.90297675900007], [124.28019578700003, 39.92135473700006], [124.28545412200003, 39.913997652000035], [124.27644357600002, 39.905612474000066], [124.27998951400002, 39.88180263000004], [124.26820246200009, 39.86474742100006], [124.28198349000002, 39.83034560100003], [124.25144847800004, 39.80633930600004]]], [[[125.32624096100005, 40.63704814300007], [125.36633985600008, 40.649224822000065], [125.40778443900001, 40.62475686700003], [125.41867109100008, 40.63442224900007], [125.41125743000009, 40.65439344300006], [125.49859619100005, 40.61554718000008], [125.54637146000005, 40.569442749000075], [125.59275817900004, 40.57332611100003], [125.61331176800002, 40.51361084000007], [125.59304809600008, 40.48304748500004], [125.57527160600011, 40.42360687300004], [125.58167266800001, 40.408599854000045], [125.63053894000006, 40.36998748800005], [125.63053894000006, 40.35860443100006], [125.61303710900006, 40.34443664600008], [125.61943054200003, 40.32804870600006], [125.68914794900002, 40.280548096000075], [125.75000000000011, 40.257499695000035], [125.8027572630001, 40.22276306200007], [125.82666015600012, 40.22026825000006], [125.86747741700003, 40.23665618900003], [125.90415954600007, 40.23915863000008], [125.93858337400002, 40.217765808000024], [125.9749908450001, 40.22054290800003], [126.0269317630001, 40.16915893600003], [126.16914367700008, 40.05943298300008], [126.21914672900004, 40.04222106900005], [126.31748962400002, 40.03388214100005], [126.36020660400004, 40.017616272000055], [126.34526062000009, 39.99832916300005], [126.3394317630001, 39.96832275400004], [126.36943054200003, 39.92304992700008], [126.36720275900007, 39.893882751000035], [126.31804657000009, 39.87971496600005], [126.25694274900002, 39.84971618700007], [126.10054016100003, 39.81971740700004], [126.05664062500011, 39.832214355000076], [126.01609802200005, 39.86360931400003], [125.99942016600005, 39.82943725600006], [125.97083282500012, 39.820831299000076], [125.95776367200006, 39.791938782000045], [125.92858886700003, 39.780548096000075], [125.8986129760001, 39.75054931600005], [125.85498046900011, 39.74582672100007], [125.85247802700007, 39.72276306200007], [125.83276367200006, 39.712768555000025], [125.82360839800003, 39.690544128000056], [125.80081176800002, 39.68498992900004], [125.77498626700003, 39.66137695300006], [125.73996734600007, 39.65499115000006], [125.68747711200001, 39.62971496600005], [125.63471984900002, 39.636383057000046], [125.57887268100001, 39.601936340000066], [125.52998352100008, 39.59193420400004], [125.49552917500012, 39.57332611100003], [125.43446104400005, 39.57099987300006], [125.42595614400011, 39.58205135800006], [125.39354830000002, 39.57505443300005], [125.37075672600008, 39.55233161700005], [125.33663976000003, 39.54695213700006], [125.31305583400001, 39.526514700000064], [125.28421684700004, 39.51897753500003], [125.27358230800007, 39.51891860000006], [125.26425089200006, 39.53485403900004], [125.26953869400006, 39.545066209000026], [125.2542122530001, 39.54645446200004], [125.2492289490001, 39.55934818700007], [125.21301323300008, 39.57570272100003], [125.23721925300003, 39.621082870000066], [125.26360260400008, 39.63485080100003], [125.22886681700004, 39.62990678800003], [125.21972530400001, 39.60762926000007], [125.19988376700007, 39.59444085900003], [125.17944305500009, 39.592234061000056], [125.18251751100001, 39.57343043900005], [125.12412904100006, 39.56630254700008], [125.10368505500003, 39.61327722200008], [125.06156926400001, 39.60771111500003], [125.05909725800007, 39.61598169600006], [125.01909658800002, 39.62478596900007], [125.01141208500007, 39.63793180500005], [124.9689328610001, 39.629366548000064], [124.97091046600008, 39.65221705700003], [124.94740184600005, 39.67243512500005], [124.94735600800004, 39.64384170200003], [124.93891189500005, 39.63617684400003], [124.93155808400002, 39.65137559300007], [124.92105123700003, 39.64442123200007], [124.90203152000004, 39.65382140600008], [124.91116321100003, 39.66582455300005], [124.89205181600005, 39.685977138000055], [124.88913779500001, 39.70202717300003], [124.85791847900009, 39.695105554000065], [124.8521264530001, 39.71599482900007], [124.80290241500006, 39.71157795900007], [124.79086325200001, 39.731396577000055], [124.77011804100005, 39.73073191800006], [124.75676593100002, 39.74507610500007], [124.75451002000011, 39.76591626700008], [124.76265618200011, 39.77336502900005], [124.72923334300003, 39.760723416000076], [124.74273606500003, 39.75415868300007], [124.75180882100005, 39.73301074800003], [124.74661269500007, 39.70928275800003], [124.7273113980001, 39.705848142000036], [124.72337255900004, 39.69526598900006], [124.75019792400008, 39.69551810100006], [124.72770757400008, 39.68022767600007], [124.74288340300006, 39.68416651500007], [124.767272778, 39.67564054800005], [124.72660744900008, 39.65301923100003], [124.74491994400012, 39.635875620000036], [124.70053842000004, 39.63456267300006], [124.68128951000006, 39.61694103100007], [124.67636841600006, 39.62294260500005], [124.67262275300004, 39.61177764700005], [124.63928831600003, 39.59910984100003], [124.64378376600007, 39.585561280000036], [124.6377789180001, 39.58082354000004], [124.60711621300004, 39.585043959000075], [124.60485702800008, 39.590790147000064], [124.63099809000005, 39.59828147300004], [124.61035765200006, 39.61818194500006], [124.6467665450001, 39.67108288800006], [124.63884630100006, 39.691071763000025], [124.61804215500001, 39.686036073000025], [124.61208969400002, 39.70119553100005], [124.59365932900005, 39.71374546700008], [124.55548892700006, 39.71460330200006], [124.5864495830001, 39.74218500300003], [124.57858172600004, 39.767654857000025], [124.55539725000006, 39.763319842000044], [124.54900277400009, 39.76956043100006], [124.55713584000011, 39.796009265000066], [124.57218070200008, 39.809574197000074], [124.5671384630001, 39.82723512900003], [124.53595843700009, 39.80582853400006], [124.45848149200003, 39.83274230200004], [124.4183891450001, 39.79619589300006], [124.40973548500006, 39.807960026000046], [124.41945652800007, 39.82364990100007], [124.40908064900009, 39.827565821000064], [124.39160961900006, 39.86940658100008], [124.3767481110001, 39.880034572000056], [124.35088208100001, 39.880519151000044], [124.33448825700009, 39.89712579700006], [124.3161102790001, 39.89842564700007], [124.33099470600007, 39.92345021300008], [124.35273854200011, 39.92898030400005], [124.3800419370001, 39.94931951700005], [124.39485105800009, 39.94689989700004], [124.40178577300003, 39.954613867000035], [124.36821887000008, 39.95285563200008], [124.36367103200007, 39.96730131900006], [124.37174843700006, 40.00000056500005], [124.35810819900007, 40.00092061000004], [124.36537033200011, 40.02654107600006], [124.3379195980001, 40.04779051100007], [124.33809640400011, 40.06604407000003], [124.40371754000012, 40.13402916500007], [124.42640761500002, 40.14460804300006], [124.44928759100003, 40.16951146400004], [124.48384984600011, 40.17534932900003], [124.52159133100008, 40.22936021900006], [124.56970214700004, 40.25085194300004], [124.61437834700007, 40.285977357000036], [124.71981025000002, 40.31998955000006], [124.74286048400006, 40.374714211000025], [124.85621590500011, 40.42693412400007], [124.89647523500003, 40.48038840300006], [124.90602274700007, 40.480106824000075], [124.90529587800006, 40.46259323000004], [124.91992819300003, 40.45455184100007], [124.93937028000005, 40.452862364000055], [124.98568029700004, 40.469128495000064], [125.03529396200008, 40.45866748700007], [125.0434106560001, 40.46880107700008], [125.0391771400001, 40.484736516000055], [125.0015404290001, 40.507400397000026], [125.00250958700008, 40.519341335000036], [125.01355012500005, 40.528086673000075], [125.11192944200002, 40.564498840000056], [125.18424955300009, 40.60345177100004], [125.25305319300003, 40.612809381000034], [125.26468635800006, 40.62261227800008], [125.26825848900012, 40.646330446000036], [125.28273036900009, 40.65540320100007], [125.32624096100005, 40.63704814300007]]]]}}, {"id": "23", "type": "Feature", "properties": {"name": "\ud3c9\uc591", "full": "\ud3c9\uc591", "region": "NK"}, "geometry": {"type": "Polygon", "coordinates": [[[125.82166290300006, 39.22137451200007], [125.85448455800008, 39.239746094000054], [125.88574218700012, 39.22157669100005], [125.92498779300001, 39.23471832300004], [125.94831848100011, 39.22721099900008], [125.97231292700008, 39.20339202900004], [126.02469635000011, 39.21360778800005], [126.0402679440001, 39.23360443100006], [126.05081176800002, 39.23332977300004], [126.07360839800003, 39.223602295000035], [126.0963668820001, 39.18110656700003], [126.14082336400008, 39.18332672100007], [126.17165374800004, 39.15693664600008], [126.23552703900009, 39.155548096000075], [126.24887085000012, 39.14027404800004], [126.23996734600007, 39.107772827000076], [126.25498962400002, 39.082214355000076], [126.27720642100007, 39.06388092000003], [126.34526062000009, 39.04694366500007], [126.35415649400011, 39.018882751000035], [126.38498687700007, 38.97721099900008], [126.38739013700001, 38.93048095700004], [126.3030395510001, 38.95915985100004], [126.28665161100002, 38.95054626500007], [126.279708862, 38.95749664300007], [126.27249145500002, 38.95332336400003], [126.23831176800002, 38.98499298100006], [126.18718719500009, 38.992767334000064], [126.18137359600007, 38.99082946800007], [126.18414306600005, 38.98165893600003], [126.17192077600009, 38.98360443100006], [126.16998291000004, 38.97415924100005], [126.15637207000009, 38.97415924100005], [126.15386962900004, 38.964714050000055], [126.14221191400009, 38.96887970000006], [126.14360046400009, 38.97887420700005], [126.12525939900002, 38.97193145800003], [126.11698913600003, 38.94212341300005], [126.05368804900002, 39.000923157000045], [126.02774047900004, 39.011741638000046], [126.00811004600007, 39.00370788600003], [125.95604705800008, 39.00920105000006], [125.94936370800008, 38.993068695000034], [125.96190643300008, 38.947296143000074], [125.94532775900007, 38.920421600000054], [125.92891693100012, 38.909690857000044], [125.89969635000011, 38.917823792000036], [125.86034393300008, 38.89368820200008], [125.83774566700004, 38.912570953000056], [125.80528259300002, 38.923404694000055], [125.74641418500005, 38.90199661300005], [125.73341369600007, 38.904716492000034], [125.71104431200001, 38.945125580000024], [125.67201232900004, 38.950588226000036], [125.60594177200005, 38.93884658800005], [125.58027648900008, 38.996658325000055], [125.57692718500005, 39.062210083000025], [125.66693115200007, 39.124710083000025], [125.63388061500007, 39.14694213900003], [125.64054870600012, 39.18693542500006], [125.61943054200003, 39.22721099900008], [125.62109375000011, 39.23888397200005], [125.7277679440001, 39.283607483000026], [125.74971008300008, 39.275268555000025], [125.78970336900011, 39.22887420700005], [125.82166290300006, 39.22137451200007]]]}}, {"id": "24", "type": "Feature", "properties": {"name": "\uc591\uac15\ub3c4", "full": "\uc591\uac15\ub3c4", "region": "NK"}, "geometry": {"type": "Polygon", "coordinates": [[[129.01406860400004, 42.08929061900005], [129.01666259800004, 42.054161072000056], [128.9819030760001, 42.018325806000064], [128.98718261700003, 42.01305389400005], [128.9724731450001, 41.99304962200006], [128.95303344700005, 41.99360656700003], [128.91720581100003, 41.97165679900007], [128.90859985400004, 41.978599548000034], [128.89358520500002, 41.96499633800005], [128.89804077100007, 41.95860290500008], [128.8844299320001, 41.95610046400003], [128.88162231400008, 41.95110321000004], [128.9080200200001, 41.93888092000003], [128.89276123000002, 41.937210083000025], [128.88333129900002, 41.925270081000065], [128.88525390600012, 41.914993286000026], [128.87246704100005, 41.914993286000026], [128.8577270510001, 41.929161072000056], [128.81109619100005, 41.92610168500005], [128.8066406250001, 41.91526794400005], [128.8246765140001, 41.906097412000065], [128.82162475600012, 41.89499664300007], [128.83828735400004, 41.89638519300007], [128.87411499000007, 41.82555389400005], [128.9147033690001, 41.82971954300007], [128.9260864260001, 41.82193756100003], [128.92996215800008, 41.72248840300006], [128.9535827640001, 41.684158325000055], [128.92718505900007, 41.64027404800004], [129.00637817400002, 41.621658325000055], [129.03747558600003, 41.59027099600007], [129.05691528300008, 41.556655884000065], [129.0510864260001, 41.52943420400004], [128.97662353500004, 41.46832275400004], [128.96359252900004, 41.44137573200004], [128.9724731450001, 41.36998748800005], [129.0333251950001, 41.27832794200003], [129.03054809600008, 41.26027679400005], [128.99163818400007, 41.207214355000076], [129.00637817400002, 41.13777160600006], [128.99938964800003, 41.10999298100006], [128.98876953100012, 41.098930359000065], [128.967468262, 41.12193298300008], [128.842468262, 41.17804718000008], [128.78915405300006, 41.16554260300006], [128.74328613300008, 41.17471313500005], [128.71719360400004, 41.16220855700004], [128.6713562010001, 41.12054443400007], [128.6674804690001, 41.09027099600007], [128.62133789100005, 41.070549011000026], [128.59719848600002, 41.03137970000006], [128.57553100600012, 41.013328552000075], [128.4374694820001, 40.999160767000035], [128.43856811500007, 40.90998840300006], [128.4138793950001, 40.87721252400007], [128.39080810500002, 40.79610443100006], [128.35830688500005, 40.75083160400004], [128.3399658200001, 40.69609832800006], [128.26275634800004, 40.64054870600006], [128.19525146500007, 40.57305145300006], [128.1733093260001, 40.56443786600005], [128.13552856400008, 40.56721496600005], [128.089691162, 40.603050232000044], [128.05746460000012, 40.60166168200004], [127.98636627200005, 40.58193969700005], [127.96608734100005, 40.569992065000065], [127.94331359900002, 40.52943420400004], [127.9119262700001, 40.49777221700003], [127.79694366500007, 40.43332672100007], [127.74275207500011, 40.41387939500004], [127.72747802700007, 40.42443847700008], [127.72859191900011, 40.47776794400005], [127.77249145500002, 40.525268555000025], [127.76914978000002, 40.56694030800003], [127.79498291000004, 40.59693908700007], [127.72387695300006, 40.608886719000054], [127.70942688000002, 40.68554687500006], [127.6733093260001, 40.699996948000035], [127.62275695800008, 40.769714355000076], [127.59471130400004, 40.84387970000006], [127.60999298100012, 40.86638641400003], [127.68609619100005, 40.90888214100005], [127.70748901400009, 40.929161072000056], [127.71748352100008, 40.95777130100004], [127.68997192400002, 40.99443817100007], [127.70776367200006, 41.004997253000056], [127.7405395510001, 41.00332641600005], [127.77026367200006, 41.02027130100004], [127.79470825200008, 41.089714050000055], [127.7874908450001, 41.12137603800005], [127.76193237300004, 41.13166046100008], [127.65554809600008, 41.14527130100004], [127.64054870600012, 41.13276672400008], [127.62497711200001, 41.083877563000044], [127.60887146000005, 41.064994812000066], [127.51943969700005, 41.06832885700004], [127.50563049300001, 41.07077789300007], [127.49581909200003, 41.15277099600007], [127.48108673100012, 41.16638183600003], [127.46138000500002, 41.17110443100006], [127.38777160600011, 41.15082550000005], [127.35803222700008, 41.11166381800007], [127.34443664600008, 41.10471344000007], [127.32499694800003, 41.099998474000074], [127.23499298100012, 41.10971832300004], [127.14414978000002, 41.156654358000026], [127.12303161600005, 41.23693847700008], [127.13720703100012, 41.261383057000046], [127.06944274900002, 41.293884277000075], [127.01638793900008, 41.38416290300006], [127.01554870600012, 41.404708862000064], [127.03276062000009, 41.429718018000074], [126.95942688000002, 41.44026947000003], [126.93081665000011, 41.462768555000025], [126.91137695300006, 41.513328552000075], [126.91609191900011, 41.52832794200003], [126.92970275900007, 41.53527069100005], [126.9905395510001, 41.52748870800008], [127.01165771500007, 41.565544128000056], [127.06414794900002, 41.58693695100004], [127.07303619400011, 41.601104736000025], [127.05941772500012, 41.63082122800006], [127.06059889200003, 41.658746516000065], [127.07169376400009, 41.64339387200005], [127.10311935400011, 41.64105283200007], [127.08601503200009, 41.624079478000056], [127.09931148100009, 41.61822524200005], [127.11757813700001, 41.62271087000005], [127.12203102300009, 41.610226418000025], [127.11654677000001, 41.603543814000034], [127.12422145000005, 41.59681209800004], [127.17191971900002, 41.597008549000066], [127.17875620900008, 41.59120670000004], [127.17501709400005, 41.585349190000045], [127.14370610100002, 41.58452082300005], [127.13977708400012, 41.56818265900006], [127.12169705700012, 41.566280360000064], [127.1129910090001, 41.557891908000045], [127.11576751500002, 41.54803989800007], [127.09950138400006, 41.552623751000056], [127.09899061100009, 41.54213654900008], [127.1094450710001, 41.53613825000008], [127.1368728860001, 41.53862335300005], [127.14022892100002, 41.524089264000054], [127.16043061800008, 41.53984462300008], [127.17630712200003, 41.523794587000054], [127.2064819740001, 41.53115167200008], [127.20982491300003, 41.51681403300006], [127.23425357700012, 41.51884730000006], [127.22749239400002, 41.50654620200004], [127.24044178000008, 41.497100190000026], [127.26161263400002, 41.51100563600005], [127.27818326400006, 41.50982693100008], [127.28233492600009, 41.50000111400004], [127.27424769900006, 41.49191061300007], [127.24777921900011, 41.485444105000056], [127.2568650720001, 41.47643355900004], [127.28933839900003, 41.48305067900003], [127.34718990300007, 41.460350782000035], [127.35668175400008, 41.46274093400007], [127.35581082200008, 41.47673805800008], [127.39285163200009, 41.47842098700005], [127.41021788800003, 41.45551154200007], [127.46188446400004, 41.46106455300003], [127.45912105500008, 41.47408924500007], [127.46659928500003, 41.480611414000066], [127.47515144600004, 41.468087672000024], [127.49387321300003, 41.47526140200006], [127.52047593400005, 41.464878974000044], [127.54041242200003, 41.47414490600005], [127.53865746100007, 41.45215223300005], [127.55435061000003, 41.43215026100006], [127.58849377000001, 41.42380109900006], [127.61328259400011, 41.429756834000045], [127.62560333800002, 41.41402766900006], [127.64930840800002, 41.40298385600005], [127.65988073900007, 41.40720755000007], [127.64749123800004, 41.42079867500007], [127.65207509100003, 41.42608975200005], [127.67106534100003, 41.41209262800004], [127.68386084000008, 41.42110317400005], [127.71605586200008, 41.41596271000003], [127.7765430820001, 41.42421037200006], [127.78717107400007, 41.404614398000035], [127.79911201200002, 41.42178420400006], [127.81204175300002, 41.420170032000044], [127.82758429000012, 41.40446051200007], [127.8285534480001, 41.41615588600007], [127.84401740500005, 41.420428693000076], [127.86519480800007, 41.40088183200004], [127.87225394200004, 41.40738435500003], [127.86653067400005, 41.41458428000004], [127.87283347200002, 41.443514943000025], [127.88292777200002, 41.444693648000055], [127.88316351300011, 41.43321764400008], [127.9063021500001, 41.42627638000005], [127.93257090500003, 41.45638574900005], [127.93596623000008, 41.44678912400008], [127.94550392000008, 41.447486525000045], [127.94168949900006, 41.43714666100004], [127.97569186900012, 41.430467332000035], [127.97914940400005, 41.414191378000055], [127.99733093100008, 41.44255560800008], [128.0093373530001, 41.444520117000025], [127.99704607700005, 41.42732739200005], [128.01332203100003, 41.425320319000036], [128.01690725900005, 41.40886755900004], [128.02970930700008, 41.41899132700007], [128.03953512400005, 41.41515071300006], [128.03231882900002, 41.39102327300003], [128.06498860800002, 41.39250647700004], [128.07554784100012, 41.37626981300008], [128.0792378430001, 41.390541968000036], [128.09655826100004, 41.389667762000045], [128.09713779100002, 41.39630125300005], [128.10331617100007, 41.38430465300007], [128.0849774830001, 41.37164994400007], [128.10885608500007, 41.36073709900006], [128.12051544300004, 41.37806079000006], [128.15438684600008, 41.384386508000034], [128.16635070300003, 41.40214566600008], [128.20184282600007, 41.40856306100005], [128.21454010000002, 41.43727435400007], [128.23994447000007, 41.44757492700006], [128.2282851120001, 41.45446707800005], [128.23884434500008, 41.478466825000055], [128.23036094200006, 41.49081376200007], [128.2765661850001, 41.521319306000066], [128.2810681840001, 41.53348288900003], [128.29536325800007, 41.536174266000046], [128.28593361700007, 41.55067561300007], [128.31120374600005, 41.57071032700003], [128.30592249200004, 41.57547426100007], [128.311996098, 41.58622994500007], [128.30476343200007, 41.594906525000056], [128.31117100400002, 41.600063360000036], [128.29655506000006, 41.60058722900004], [128.3004775290001, 41.60950937200005], [128.28770494900004, 41.610321369000076], [128.30003224000006, 41.61510822200006], [128.29707238100002, 41.62753701300005], [128.28001389700012, 41.623896124000055], [128.28246953300004, 41.62994026200005], [128.26820392700006, 41.64561704000005], [128.27248982900005, 41.65615335500007], [128.26341380000008, 41.65525950400007], [128.2631387680001, 41.66506240100006], [128.25232087400002, 41.664604016000055], [128.2427209760001, 41.67818531900008], [128.20188866400008, 41.684861374000036], [128.18397562000007, 41.708307784000056], [128.16235292800002, 41.712105834000056], [128.1402587550001, 41.749392208000074], [128.14331029200002, 41.76194541800004], [128.135789498, 41.77490462600008], [128.1412049930001, 41.777618922000045], [128.10617125600004, 41.79127225700006], [128.09704611400002, 41.83674080900005], [128.1027988500001, 41.88303445400004], [128.0984802050001, 41.89702830400006], [128.08485306400007, 41.90466042000003], [128.07455576400002, 41.95478485700005], [128.0663768600001, 41.96184071700003], [128.079591455, 41.99297490400005], [128.09701664600004, 41.99262129300007], [128.11572204200002, 41.97715406200007], [128.15147282500004, 42.00345555800004], [128.186860173, 42.00884486000007], [128.23875266800007, 42.03082116300004], [128.32810834200006, 42.03843363400006], [128.44222992200002, 42.02935760400004], [128.4629980520001, 42.00804268600007], [128.488936114, 41.99741142000005], [128.54115275300012, 42.004496747000076], [128.56385919800005, 41.99745398400006], [128.58705022200002, 42.005917742000065], [128.589112956, 42.02193831000005], [128.60331635400007, 42.03139087000005], [128.63682432200005, 42.035598193000055], [128.65226863400005, 42.02662038900007], [128.6500258200001, 42.01555693100005], [128.68498097600002, 42.012204170000075], [128.7296309830001, 42.040522561000046], [128.7291725980001, 42.04861306300006], [128.74526847200002, 42.05026325000006], [128.770263569, 42.03107327500004], [128.78292810200003, 42.039661452000075], [128.81071607600006, 42.041098817000034], [128.835311724, 42.02389299600003], [128.85339502500005, 42.02887302500005], [128.87570202100005, 42.01954488300004], [128.88517750100004, 42.02535328100004], [128.91525412700003, 42.00952261500004], [128.9475539230001, 42.02482613700005], [128.95857154200007, 42.05410713800006], [128.94535694800004, 42.063297764000026], [128.9487620960001, 42.082805335000046], [128.96438648800006, 42.09422240400005], [129.002913776, 42.08899681100007], [129.01247242400007, 42.09948205400008], [129.01406860400004, 42.08929061900005]]]}}, {"id": "25", "type": "Feature", "properties": {"name": "\ud568\uacbd\ub0a8\ub3c4", "full": "\ud568\uacbd\ub0a8\ub3c4", "region": "NK"}, "geometry": {"type": "Polygon", "coordinates": [[[128.86941528300008, 41.16860199000007], [128.967468262, 41.12193298300008], [128.99328613300008, 41.08832550000005], [129.00027465800008, 41.00666046100008], [128.98217773400006, 40.97526550300006], [128.9410705570001, 40.932769775000054], [128.9591369630001, 40.87832641600005], [128.9374694820001, 40.860275269000056], [128.93191528300008, 40.84582519500003], [128.93801879900002, 40.825828552000075], [128.9741210940001, 40.77999115000006], [128.98135376000005, 40.71749115000006], [129.05801391600005, 40.656654358000026], [129.05801391600005, 40.60221862800006], [129.16803093900012, 40.56774067300006], [129.1577596190001, 40.56418124400005], [129.14341870600003, 40.536543882000046], [129.12976209700003, 40.535008291000054], [129.10217384700002, 40.494107222000025], [129.0641769770001, 40.46982589600003], [129.04277038100008, 40.48154418900003], [129.0088334950001, 40.465045591000035], [128.9669632680001, 40.456535995000024], [128.8833930720001, 40.384900188000074], [128.8091280980001, 40.35168362200005], [128.7789139560001, 40.34524658200007], [128.76808296500008, 40.351310365000074], [128.7523505250001, 40.33929412100008], [128.6969612050001, 40.332300470000064], [128.6642619590001, 40.307167857000024], [128.65662984300002, 40.31580842000005], [128.634231171, 40.30938775200008], [128.61853147300008, 40.276495329000056], [128.6354982790001, 40.25501015300006], [128.6497049500001, 40.25336978900003], [128.6679061220001, 40.23593477500003], [128.6595929770001, 40.226279215000034], [128.666655385, 40.211250724000024], [128.6596682830001, 40.18937919500007], [128.6496885790001, 40.20845457300004], [128.64587415800008, 40.19214915200007], [128.63268903100004, 40.18113808100003], [128.59651260500004, 40.18389166700007], [128.5563973400001, 40.16849974200005], [128.52003428500007, 40.13389164900008], [128.46911749600008, 40.131380352000065], [128.4631355680001, 40.116787327000054], [128.4433889820001, 40.10172609500006], [128.41407851300005, 40.10774731400005], [128.41598408700008, 40.09848793000003], [128.36772265900004, 40.09511552300006], [128.33456502700005, 40.05755084400005], [128.31672728900003, 39.99611411200004], [128.24478043600004, 40.006008687000076], [128.22662510200007, 40.00000056500005], [128.22351135600002, 39.98810219100005], [128.2106634690001, 39.98265395400006], [128.17381256200008, 39.978597243000024], [128.1634366820001, 39.98357727300004], [128.17303330700008, 40.00000056500005], [128.16082716000005, 40.00741985900004], [128.0611872830001, 40.01448881600004], [127.9587938200001, 40.005298190000076], [127.91699235100009, 39.97092583700004], [127.90216686000008, 39.981311539000046], [127.87769235700011, 39.955429139000046], [127.8697131780001, 39.93649455000008], [127.88291140100011, 39.92410504900005], [127.87072817400008, 39.894797854000046], [127.88009560600005, 39.88277833600006], [127.86035229400011, 39.89014196900007], [127.82436249600005, 39.874507755000025], [127.81201883400001, 39.88159308200005], [127.8037253330001, 39.872274763000064], [127.7713469570001, 39.89174959200005], [127.77655945300012, 39.86958666100003], [127.79026844900011, 39.85558953700007], [127.77612398700012, 39.84740081000007], [127.77291201600008, 39.85323867500006], [127.74891554300007, 39.84402185500005], [127.73677160600005, 39.84948646300006], [127.70765758800007, 39.844106984000064], [127.65347316600003, 39.79496480100005], [127.63583515300002, 39.82327337000004], [127.60727774600002, 39.81693783000003], [127.58689269500007, 39.797721661000026], [127.57243391200006, 39.835528630000056], [127.56429429800005, 39.838553973000046], [127.57457850100002, 39.794941882000046], [127.54139795000003, 39.77455683100004], [127.5475010240001, 39.75145748400007], [127.51410765100002, 39.73747673100007], [127.48816631500006, 39.686615603000064], [127.49694112000009, 39.641422082000076], [127.51228393300005, 39.63117717000006], [127.53357593200008, 39.63689389000007], [127.56343973700007, 39.619275522000066], [127.55747090500006, 39.60276382700005], [127.5754396100001, 39.585662780000064], [127.56443836200003, 39.57413111400007], [127.5697163420001, 39.56822449100008], [127.54997303000005, 39.55882759200006], [127.51450382700011, 39.50599540700006], [127.51873079500001, 39.44425090100003], [127.56646835400011, 39.30657813800008], [127.55648865100011, 39.29157584100005], [127.51310575200011, 39.30611320400004], [127.53164743900004, 39.33731942400004], [127.52287263400001, 39.343799028000035], [127.54102469400004, 39.35738360500005], [127.53090747400006, 39.39276767900003], [127.51239852900005, 39.394083900000055], [127.50184584400006, 39.42718914400007], [127.45246792000012, 39.41488149800006], [127.4578310280001, 39.405081874000075], [127.41319411800009, 39.41962578600004], [127.39614873200003, 39.41011101600003], [127.37098010300008, 39.41391888900006], [127.33209228500004, 39.40476989700005], [127.26554870600012, 39.41387939500004], [127.13997650100009, 39.40915679900007], [127.10608673100012, 39.379989624000075], [127.09108734100005, 39.28971862800006], [127.02414703400007, 39.26444244400005], [127.02277374300002, 39.252494812000066], [127.04248046900011, 39.22082519500003], [127.03970336900011, 39.20943450900006], [127.02551269500009, 39.20433807400008], [126.99552917500012, 39.21554565400004], [126.9435882570001, 39.21054840100004], [126.92192077600009, 39.219154358000026], [126.93247985800008, 39.25777435300006], [126.90971374500009, 39.285552979000045], [126.87943267800006, 39.28610992400007], [126.8494262700001, 39.26776886000005], [126.8361129760001, 39.29999542200005], [126.81944274900002, 39.312210083000025], [126.79582214400011, 39.31526947000003], [126.73803710900006, 39.29721832300004], [126.70359802200005, 39.314155579000044], [126.69553375200007, 39.35582733200005], [126.74108886700003, 39.46832275400004], [126.67886352500011, 39.518325806000064], [126.66970825200008, 39.540550232000044], [126.67498779300001, 39.563606262000064], [126.71555328400007, 39.59638214100005], [126.70220947300004, 39.65804290800003], [126.75637817400002, 39.70555114700005], [126.75166320800008, 39.717208862000064], [126.71582031200012, 39.72665405300006], [126.71887207000009, 39.737770081000065], [126.75498962400002, 39.78137970000006], [126.77609252900004, 39.83554840100004], [126.8027572630001, 39.85166168200004], [126.87081909200003, 39.86610412600004], [126.93580627400002, 39.86610412600004], [126.96999359100005, 39.857772827000076], [126.99359130900007, 39.82999420200008], [127.00776672400002, 39.82471466100003], [127.03414917000009, 39.84526825000006], [127.09609985400004, 39.85332489000007], [127.1141510010001, 39.89638519300007], [127.07360839800003, 39.95332336400003], [127.05637359600007, 40.02027130100004], [127.08888244600007, 40.03388214100005], [127.08442688000002, 40.06610107400007], [127.1624908450001, 40.115272522000055], [127.17858886700003, 40.13555145300006], [127.16665649400011, 40.17054748500004], [127.11026001000005, 40.188041687000066], [127.10220336900011, 40.24110412600004], [127.11387634300002, 40.268882751000035], [127.10192871100003, 40.289436340000066], [127.0527572630001, 40.32527160600006], [127.02469635000011, 40.333877563000044], [126.91118621800001, 40.334693909000066], [126.93441772500012, 40.412490845000036], [126.9588775630001, 40.446380615000066], [127.00776672400002, 40.48165893600003], [127.00610351600005, 40.54804992700008], [127.01693725600012, 40.56276702900004], [127.06720733600002, 40.57610321000004], [127.12359619100005, 40.615272522000055], [127.20583343500005, 40.62860107400007], [127.21914672900004, 40.643882751000035], [127.23220825200008, 40.70332336400003], [127.24803161600005, 40.72470855700004], [127.30721283000003, 40.746658325000055], [127.33748626700003, 40.76943969700005], [127.40081787100007, 40.788887024000076], [127.41776275600012, 40.820549011000026], [127.3963775630001, 40.92360687300004], [127.40165710400004, 40.95416259800004], [127.43109130900007, 40.98276519800004], [127.4871978760001, 41.01444244400005], [127.49942016600005, 41.03443908700007], [127.50563049300001, 41.07077789300007], [127.58167266800001, 41.06137847900004], [127.60887146000005, 41.064994812000066], [127.62497711200001, 41.083877563000044], [127.64054870600012, 41.13276672400008], [127.66304016100003, 41.14638519300007], [127.76193237300004, 41.13166046100008], [127.781661987, 41.126098633000026], [127.79386901900011, 41.11166381800007], [127.79470825200008, 41.089714050000055], [127.77026367200006, 41.02027130100004], [127.7405395510001, 41.00332641600005], [127.70776367200006, 41.004997253000056], [127.68997192400002, 40.99443817100007], [127.71748352100008, 40.95777130100004], [127.70748901400009, 40.929161072000056], [127.68609619100005, 40.90888214100005], [127.60999298100012, 40.86638641400003], [127.59471130400004, 40.84387970000006], [127.62275695800008, 40.769714355000076], [127.6733093260001, 40.699996948000035], [127.70942688000002, 40.68554687500006], [127.72387695300006, 40.608886719000054], [127.79498291000004, 40.59693908700007], [127.76914978000002, 40.56694030800003], [127.77249145500002, 40.525268555000025], [127.72859191900011, 40.47776794400005], [127.72747802700007, 40.42443847700008], [127.74275207500011, 40.41387939500004], [127.79694366500007, 40.43332672100007], [127.9119262700001, 40.49777221700003], [127.94331359900002, 40.52943420400004], [127.96608734100005, 40.569992065000065], [127.98636627200005, 40.58193969700005], [128.05746460000012, 40.60166168200004], [128.089691162, 40.603050232000044], [128.13552856400008, 40.56721496600005], [128.1733093260001, 40.56443786600005], [128.19525146500007, 40.57305145300006], [128.26275634800004, 40.64054870600006], [128.3399658200001, 40.69609832800006], [128.35830688500005, 40.75083160400004], [128.39080810500002, 40.79610443100006], [128.4138793950001, 40.87721252400007], [128.43856811500007, 40.90998840300006], [128.4374694820001, 40.999160767000035], [128.57553100600012, 41.013328552000075], [128.59719848600002, 41.03137970000006], [128.62133789100005, 41.070549011000026], [128.6674804690001, 41.09027099600007], [128.66720581100003, 41.10971832300004], [128.6835937500001, 41.13443756100003], [128.73718261700003, 41.17249298100006], [128.78915405300006, 41.16554260300006], [128.835784912, 41.17832946800007], [128.86941528300008, 41.16860199000007]]]}}, {"id": "26", "type": "Feature", "properties": {"name": "\ud669\ud574\ub0a8\ub3c4", "full": "\ud669\ud574\ub0a8\ub3c4", "region": "NK"}, "geometry": {"type": "MultiPolygon", "coordinates": [[[[125.3380738510001, 37.76599738900006], [125.2965474130001, 37.72314490800005], [125.25287638700001, 37.69498367700004], [125.22498363900002, 37.686267807000036], [125.21160206100001, 37.69313049100003], [125.25277816100004, 37.725698769000076], [125.25071870200009, 37.73581926300005], [125.28156148700009, 37.722935361000054], [125.27160797600004, 37.740520987000025], [125.32508844900008, 37.76644922600008], [125.32581204300004, 37.76070303900008], [125.3380738510001, 37.76599738900006]]], [[[125.19706797100002, 37.806587411000066], [125.15500784200003, 37.78615979600005], [125.1463083430001, 37.77254575100005], [125.14443878600002, 37.79113655100008], [125.13262881500009, 37.79223667600007], [125.1886827940001, 37.81795209400008], [125.19706797100002, 37.806587411000066]]], [[[125.04783734900002, 37.83452599800006], [125.04187834000004, 37.813073564000035], [125.02101853200008, 37.79709883500004], [124.9913315330001, 37.79912882700006], [124.99096809900004, 37.80899066000006], [125.00509619000002, 37.82139325800006], [125.02631288300006, 37.81444217200004], [125.03029756100011, 37.824700181000026], [125.02004282600001, 37.831035721000035], [125.04783734900002, 37.83452599800006]]], [[[126.17355316900012, 37.80284174800005], [126.16673305000006, 37.81354832000005], [126.17066861600006, 37.82652390000004], [126.20368218300007, 37.844073510000044], [126.2154757830001, 37.84264269300007], [126.17355316900012, 37.80284174800005]]], [[[126.3752132520001, 37.834103629000026], [126.35829228500006, 37.838346967000064], [126.3568581940001, 37.85955711200006], [126.39747768300003, 37.86356798400004], [126.40003154500005, 37.855022371000075], [126.3752132520001, 37.834103629000026]]], [[[124.87616876400011, 38.52586604600003], [124.88863357100001, 38.52203852800005], [124.89433392000001, 38.50203328200007], [124.88778555800002, 38.49593675700004], [124.85491278100005, 38.49773755600006], [124.81742013400003, 38.516770371000064], [124.79501491300005, 38.51865302500005], [124.78907882300007, 38.51277587000004], [124.7973952430001, 38.505569397000045], [124.77015733100006, 38.51438021900003], [124.78199022100011, 38.52293892800003], [124.77926610300005, 38.53350798400004], [124.8020642250001, 38.53643182800005], [124.81820593800012, 38.55684307200005], [124.87547463800001, 38.53389433700005], [124.87616876400011, 38.52586604600003]]], [[[125.0010820440001, 38.65220359400007], [125.02011158400012, 38.65468214900005], [125.01584532600009, 38.63413011500006], [124.98420691500007, 38.61487465600004], [124.98213108400012, 38.62681559500004], [124.99800104000008, 38.631635189000065], [125.00000156400006, 38.63938845000007], [124.98596842400002, 38.64210602000003], [124.98975337800005, 38.667936034000036], [125.0010820440001, 38.65220359400007]]], [[[125.50639294900009, 38.681402741000056], [125.51946347900002, 38.66902633600006], [125.54017594800007, 38.688344004000044], [125.55262765900011, 38.68467692200005], [125.5581390540001, 38.691945909000026], [125.59499359100005, 38.65721130400004], [125.63136291500007, 38.65693664600008], [125.65582275400004, 38.61749267600004], [125.65609741200001, 38.57943725600006], [125.6652679440001, 38.56388092000003], [125.6624908450001, 38.53193664600008], [125.68221283000003, 38.515830994000055], [125.6780395510001, 38.50083160400004], [125.69664001500007, 38.49193573000008], [125.70332336400008, 38.467765808000024], [125.69637298600003, 38.457214355000076], [125.69941711400008, 38.41554260300006], [125.72664642300003, 38.38526916500007], [125.69886779800004, 38.35665893600003], [125.74524688700001, 38.343048096000075], [125.75277710000012, 38.32694244400005], [125.73387146000005, 38.30971527100007], [125.75248718300008, 38.30360412600004], [125.78137207000009, 38.31638336200007], [125.81025695800008, 38.30165863000008], [125.8144226070001, 38.31694030800003], [125.83360290500002, 38.31971740700004], [125.842208862, 38.29999542200005], [125.85832214400011, 38.288047791000054], [125.86109924300001, 38.268325806000064], [125.90165710400004, 38.24499511700003], [125.91665649400011, 38.19137573200004], [125.93081665000011, 38.17166137700008], [125.97054290800008, 38.16971588100006], [126.04525756800001, 38.19193267800006], [126.08083343500005, 38.175827026000036], [126.11971283000003, 38.20610046400003], [126.15804290800008, 38.20304870600006], [126.20166015600012, 38.231933594000054], [126.27221679700006, 38.24137878400006], [126.40637207000009, 38.19026947000003], [126.44193267800006, 38.13999176000004], [126.43914794900002, 38.119155884000065], [126.43221283000003, 38.117767334000064], [126.41137695300006, 38.14999389600007], [126.3783111570001, 38.12748718300003], [126.38053894000006, 38.11749267600004], [126.37081909200003, 38.103050232000044], [126.37664794900002, 38.09332275400004], [126.39526367200006, 38.09387970000006], [126.3810882570001, 38.05443573000008], [126.40165710400004, 38.039993286000026], [126.38860321000004, 38.01554870600006], [126.40664672900004, 37.99110412600004], [126.39166259800004, 37.97054290800003], [126.38749694800003, 37.93554687500006], [126.39026641800001, 37.925270081000065], [126.41304016100003, 37.91276550300006], [126.39729432900003, 37.887646311000026], [126.34079833600003, 37.87738502800005], [126.27823528500005, 37.84409315500005], [126.27150684300011, 37.849760762000074], [126.26421196800004, 37.840085557000066], [126.2021334960001, 37.87184838700006], [126.2119527640001, 37.848919298000055], [126.15617381700008, 37.836166363000075], [126.15030648400011, 37.82692007600008], [126.163252596, 37.78190663500004], [126.17024952100007, 37.77924472600006], [126.16333117600004, 37.74094335600006], [126.13215769900012, 37.739781022000045], [126.09866282700011, 37.75022893400006], [126.10428459600007, 37.78819306200006], [126.09554908100006, 37.78469623700005], [126.0663368380001, 37.80674129800008], [126.05708400200001, 37.87159627600005], [126.04667538100011, 37.871835291000025], [126.03073994200008, 37.84582519700007], [125.97619536000002, 37.88989894700006], [125.95294867500002, 37.87963766400003], [125.96972557900006, 37.86322419500004], [125.96417911600008, 37.84500665100006], [125.97722017900003, 37.82912687400005], [125.9555451010001, 37.828923874000054], [125.9302586010001, 37.841395230000046], [125.90183870900012, 37.838340419000076], [125.87802886500003, 37.88676228200006], [125.86004706300002, 37.89402114100005], [125.86110789800011, 37.90821144200004], [125.84932739400006, 37.910523014000034], [125.82328128400002, 37.93651346300004], [125.8290798590001, 37.945789217000026], [125.81096708900009, 37.94043265700003], [125.79704199800005, 37.94805822500007], [125.7922911610001, 37.96236639600005], [125.80946424000001, 37.98333097700004], [125.80563344900008, 37.989826952000044], [125.77741983100009, 37.99499033500007], [125.74305730100002, 38.01608915800006], [125.71920161800006, 38.01221580200007], [125.7156818740001, 37.99211560500004], [125.69848587500007, 37.988559844000065], [125.69055908300004, 37.99422090300004], [125.6941312140001, 38.01398713400005], [125.68608982500007, 38.00897436300005], [125.67500344900009, 38.02500802700007], [125.64726131300006, 38.017529798000055], [125.62236771500011, 38.037034094000035], [125.61357981300011, 38.02391117600007], [125.58595882200007, 38.03979095400007], [125.56060683800001, 38.02468060900003], [125.6000148810001, 37.986578964000046], [125.64330282800006, 37.96305724800004], [125.68483581400005, 37.987227252000025], [125.67334016500001, 37.95193158100005], [125.68202329300004, 37.96161333400005], [125.71054140900003, 37.96677671800006], [125.71617954900012, 37.95268136800007], [125.70467407700005, 37.95474737700005], [125.6986397610001, 37.93744660400006], [125.68135863400005, 37.93045295300004], [125.69423598800006, 37.91690766700003], [125.7109899720001, 37.92550894000004], [125.72041306500012, 37.92120011800006], [125.73332316100004, 37.93652328500008], [125.72821871300005, 37.91210116900004], [125.69055908300004, 37.89130684500003], [125.66191982100008, 37.89049812300004], [125.64884929100003, 37.89808767400007], [125.65675316400007, 37.90137167800003], [125.64366298800007, 37.91789974300008], [125.62521297800004, 37.92926115200004], [125.62610682900004, 37.91136120400006], [125.61566874000005, 37.90996312900006], [125.64201280100008, 37.892033713000046], [125.63046149000002, 37.87323009200003], [125.6376581400001, 37.852920347000065], [125.6176823610001, 37.85147315900008], [125.61599615800003, 37.84393926800004], [125.62980010500007, 37.822355867000056], [125.64173776900009, 37.825564565000036], [125.6001131060001, 37.80504854600008], [125.60347896400003, 37.79191908000007], [125.6225805360001, 37.79338918800005], [125.61437216400009, 37.76030686300004], [125.56680158800009, 37.76167219600006], [125.58664640000006, 37.77917596800006], [125.56526272300005, 37.77820681000003], [125.55682515900003, 37.795782614000075], [125.53708512200001, 37.77231328500005], [125.54833848200008, 37.77210701100006], [125.5477818710001, 37.76249074200007], [125.52732806200004, 37.76401651000003], [125.51164146100007, 37.79089426200005], [125.51721084300004, 37.80385674400003], [125.50309912300008, 37.794947698000044], [125.49411804400006, 37.763247077000074], [125.48018640400005, 37.75043848100006], [125.48182676900001, 37.73665745300008], [125.46697180900003, 37.72133756000005], [125.41049218700005, 37.73380236700007], [125.41142205400001, 37.72530586800008], [125.37287839500004, 37.718872102000034], [125.38086739700009, 37.726297945000056], [125.36929316700002, 37.72466412800003], [125.3475264120001, 37.68698485300007], [125.35655332900001, 37.67972599400008], [125.34140041900002, 37.67333479200005], [125.33753361100003, 37.69082219300003], [125.31356660600011, 37.71186208000006], [125.33355875500001, 37.73719441900005], [125.35875685300005, 37.75189221800008], [125.35085298000001, 37.75821793500006], [125.360511814, 37.76355485000005], [125.37243638100006, 37.745926660000066], [125.41372707800008, 37.767899689000046], [125.4267124800001, 37.75735355100005], [125.44245801600005, 37.773806311000044], [125.43649245800009, 37.787436727000056], [125.4173581440001, 37.784568544000024], [125.41123870000001, 37.771838528000046], [125.39053277900007, 37.76395102600003], [125.37666334800008, 37.76304735200006], [125.38480296300008, 37.776428930000066], [125.35478854500002, 37.77648459100004], [125.37371986000005, 37.79358236400003], [125.37864750200004, 37.783871144000045], [125.40152747900004, 37.78622200600006], [125.40229036300002, 37.79308468900007], [125.39337149400001, 37.79438781300007], [125.40197604200011, 37.813489385000025], [125.40484749900008, 37.802664943000025], [125.4408569420001, 37.83091130200006], [125.44571582600008, 37.818446495000046], [125.46502694600008, 37.82772879800007], [125.48281229700001, 37.82304999400003], [125.48922641800004, 37.81491038000007], [125.48651212200002, 37.80052035400007], [125.49191124600009, 37.79744262400004], [125.53286142800005, 37.84596926100005], [125.52509179700007, 37.83694561800007], [125.5153576560001, 37.84010847700006], [125.49767380500009, 37.817510079000044], [125.47104489000003, 37.84664046800003], [125.49186868200002, 37.85749765200006], [125.45852769600003, 37.863600725000026], [125.5063405620001, 37.87451029700003], [125.50932334100003, 37.891788150000025], [125.48294981300012, 37.88951914200004], [125.46795733800002, 37.901476451000065], [125.46350117700001, 37.886660782000035], [125.45284371800005, 37.88776745600006], [125.4592120000001, 37.90897105200003], [125.45294194400003, 37.91228779700003], [125.45423851900011, 37.927624061000074], [125.43361772700007, 37.92455287900003], [125.42400473200007, 37.91120076900006], [125.43366356600006, 37.905071502000055], [125.43419725700005, 37.89291446800007], [125.40640273500003, 37.89133958700006], [125.37374932700004, 37.90267807600003], [125.39016607100007, 37.879015570000035], [125.43147968700009, 37.87829197600007], [125.42938093700002, 37.86526400900004], [125.44714336900006, 37.859449064000046], [125.44468773300002, 37.844135719000064], [125.43359480800007, 37.839748317000044], [125.43477678700003, 37.851417498000046], [125.4216604180001, 37.84706611100006], [125.42236436700011, 37.86195053800003], [125.39528034200009, 37.85417435800008], [125.3892362040001, 37.85542837000003], [125.39066374700008, 37.864799076000054], [125.37210896300007, 37.86305721100007], [125.37097282200011, 37.87430729700003], [125.34660309300011, 37.870830117000025], [125.34854795600006, 37.85704581500005], [125.38067749400011, 37.85947198300005], [125.35668102200009, 37.84773731800004], [125.34609886900012, 37.81903912200005], [125.33119807100002, 37.82364589500003], [125.32010514600006, 37.80778903600003], [125.30169770000009, 37.79984587300004], [125.31297397900005, 37.833350567000025], [125.27908948000004, 37.81878701000005], [125.28045808800005, 37.82678583400008], [125.2590645890001, 37.82576101500007], [125.28595871200002, 37.804920853000056], [125.28957995600001, 37.79981967900005], [125.2825633860001, 37.79626719300006], [125.2452475450001, 37.81636084200005], [125.22392935200003, 37.80684607200004], [125.23272052800007, 37.823665540000036], [125.26540995200003, 37.83734506800005], [125.30451349600003, 37.87180254900005], [125.28943589200003, 37.90225570700005], [125.27121834900004, 37.89523586200005], [125.24305711800002, 37.90211164300007], [125.24337143900004, 37.91448149800004], [125.26083264700003, 37.93047259900004], [125.23887598900001, 37.94320261400003], [125.23043187600001, 37.940589818000035], [125.24284429600004, 37.92755530300008], [125.22760625800004, 37.90854868200006], [125.23459663400001, 37.89881126800003], [125.20986019700001, 37.904023764000044], [125.22686629300006, 37.89045555800004], [125.19339106600012, 37.86875756100005], [125.16121568900007, 37.864677931000074], [125.14747722600009, 37.87016218400004], [125.15023081200002, 37.87653701500005], [125.13170549600011, 37.863296227000035], [125.08345716400004, 37.87594111400006], [125.06926686400004, 37.900219166000056], [125.03650540800004, 37.896113343000025], [125.01215205000005, 37.90563138700003], [125.00816409800007, 37.93433285800006], [124.98529066900005, 37.91999194500005], [124.97648639600004, 37.92744725500006], [124.99537514700012, 37.957890590000034], [125.0162971630001, 37.96217649300007], [125.0262310280001, 37.95332638200006], [125.03574252400006, 37.96464522600007], [125.05876001700005, 37.97187461800007], [125.06041020400005, 37.98078693800005], [125.0776684120001, 37.976406084000075], [125.08303806900005, 37.95822128300006], [125.13253713800009, 37.959540778000076], [125.15000816800011, 37.95193812900004], [125.17250834000004, 37.973361096000076], [125.16709939300006, 37.977113307000025], [125.17307149900012, 37.98458171400006], [125.12992761500004, 37.97126889400005], [125.13905275800005, 37.98992190300004], [125.11696513300001, 37.98613040200007], [125.11593704000006, 38.00402052700008], [125.10270607400003, 38.020260465000035], [125.11167078200003, 38.044417372000055], [125.18784460300003, 38.055850812000074], [125.20162235700002, 38.05127678100007], [125.19627234500001, 38.044865935000075], [125.21354692400007, 38.04169325400005], [125.21853022800008, 38.03221777400006], [125.21164789900001, 38.02361977400005], [125.23754012300003, 38.01656064000008], [125.2442620170001, 38.018970437000064], [125.23417753900003, 38.03265324000006], [125.23607656400009, 38.05049752600007], [125.25560050500007, 38.066685077000045], [125.27686303700011, 38.059920619000025], [125.25980455400008, 38.07211366900003], [125.26001082700009, 38.08059052400006], [125.24420308100002, 38.08565895600003], [125.2217029090001, 38.07822656500008], [125.17719369300005, 38.09451234200003], [125.14251684100009, 38.08702756400004], [125.13162364100003, 38.091778401000056], [125.04440273300008, 38.06626598200006], [125.01760028700005, 38.072837263000054], [125.00662850700007, 38.061538065000036], [124.99047697200001, 38.07826585500004], [124.88655119200007, 38.12482471000004], [124.88559840500011, 38.135377395000035], [124.87404709500004, 38.122928959000035], [124.8809523430001, 38.12031616200005], [124.85545302100002, 38.10621099000008], [124.79028372200003, 38.09398192400005], [124.69172759900005, 38.10892201200005], [124.65434300000004, 38.12515867600007], [124.6664902120001, 38.13991213600008], [124.72178785500012, 38.13514165400005], [124.73668537900005, 38.141837354000074], [124.77687922500002, 38.18098673700007], [124.79895047900004, 38.16719588600006], [124.82765849800012, 38.18149423500006], [124.83065764800006, 38.18649718300003], [124.80415315300002, 38.18110788100006], [124.8662185280001, 38.23758750400003], [124.86997073900011, 38.221963112000026], [124.87816601500003, 38.225518873000055], [124.87847051300002, 38.21176403800007], [124.91272826900001, 38.212458164000054], [124.91539672700003, 38.187217503000056], [124.94228430100009, 38.19601850200007], [124.93344073800006, 38.20369973000004], [124.95036170600008, 38.20736353900003], [124.95321679200003, 38.21900980100003], [124.9967568510001, 38.21885918800007], [124.99053918100003, 38.22650767500005], [124.96154630800004, 38.22828555500007], [124.9368982740001, 38.216256214000055], [124.89512627200008, 38.217503677000025], [124.89845284000012, 38.22318765600005], [124.88662649800006, 38.22792867000004], [124.89211402600006, 38.23953891600007], [124.87850980400003, 38.242007648000026], [124.86974482100004, 38.25357860400004], [124.87663369800009, 38.306639981000046], [124.85666774200001, 38.339660097000035], [124.92044224000006, 38.39998360800007], [124.93723224000007, 38.437093176000076], [124.96044290900011, 38.46036932800007], [124.97145070600004, 38.43089515100007], [124.9789518550001, 38.44132996600007], [124.96956477800006, 38.451997248000055], [125.01328164300003, 38.492613463000055], [125.01336677100005, 38.50956717200006], [125.00000156400006, 38.52784692500006], [125.00000156400006, 38.58225399100007], [125.02246899400006, 38.577460590000044], [125.03894139900001, 38.58387143600004], [125.0525423470001, 38.56626616500006], [125.03623037700004, 38.55436451700007], [125.07286846300008, 38.53733877600007], [125.08748768100008, 38.57720520400005], [125.14064728400001, 38.56816519000006], [125.13921319300005, 38.58124226900003], [125.12426655600007, 38.59062934600007], [125.13284163700007, 38.59508223200004], [125.12270477200002, 38.63508617600007], [125.11026615800006, 38.640082576000054], [125.1101089980001, 38.65794978200006], [125.11934546200007, 38.66628584700004], [125.12895845800006, 38.665225012000064], [125.15310554300004, 38.62569582500004], [125.17321777300003, 38.609874725000054], [125.19714355500003, 38.60695266700003], [125.23428344700005, 38.620456696000076], [125.24655558100005, 38.65766876200007], [125.26418213400007, 38.666544507000026], [125.26992177300008, 38.66255982900003], [125.26480095400007, 38.65646003000006], [125.29548657900011, 38.64633953600003], [125.29929445100004, 38.624517120000064], [125.31147113000009, 38.62156708200007], [125.30679232600005, 38.64340587000004], [125.33010122000007, 38.67485437900007], [125.3465867220001, 38.668849531000035], [125.36253198300005, 38.68805915100006], [125.42822187700006, 38.68681496200003], [125.43189223400009, 38.680895243000066], [125.4413840850001, 38.68577049800007], [125.42809418400009, 38.701574970000024], [125.43240300600007, 38.70928894000008], [125.50639294900009, 38.681402741000056]]]]}}, {"id": "27", "type": "Feature", "properties": {"name": "\ud3c9\uc548\ub0a8\ub3c4", "full": "\ud3c9\uc548\ub0a8\ub3c4", "region": "NK"}, "geometry": {"type": "Polygon", "coordinates": [[[127.08888244600007, 40.03388214100005], [127.05637359600007, 40.02027130100004], [127.07360839800003, 39.95332336400003], [127.1141510010001, 39.89638519300007], [127.09609985400004, 39.85332489000007], [127.03414917000009, 39.84526825000006], [127.00776672400002, 39.82471466100003], [126.99359130900007, 39.82999420200008], [126.96999359100005, 39.857772827000076], [126.93580627400002, 39.86610412600004], [126.842208862, 39.86166381800007], [126.781661987, 39.83998870800008], [126.75498962400002, 39.78137970000006], [126.71665954600007, 39.73304748500004], [126.72164917000009, 39.72165679900007], [126.75694274900002, 39.71166229200003], [126.75388336200001, 39.70054626500007], [126.70220947300004, 39.65804290800003], [126.71555328400007, 39.59638214100005], [126.67082214400011, 39.553321838000045], [126.67886352500011, 39.518325806000064], [126.74108886700003, 39.46832275400004], [126.69553375200007, 39.35582733200005], [126.69553375200007, 39.330825806000064], [126.70803833000002, 39.309158325000055], [126.73803710900006, 39.29721832300004], [126.79582214400011, 39.31526947000003], [126.81944274900002, 39.312210083000025], [126.8361129760001, 39.29999542200005], [126.8494262700001, 39.26776886000005], [126.87943267800006, 39.28610992400007], [126.90971374500009, 39.285552979000045], [126.93247985800008, 39.25777435300006], [126.92192077600009, 39.219154358000026], [126.9435882570001, 39.21054840100004], [127.00277710000012, 39.21415710400004], [127.03109741200001, 39.201385498000036], [127.06330871600005, 39.171936035000044], [127.06247711200001, 39.15499115000006], [126.99497985800008, 39.123603821000074], [126.9820098880001, 39.06920623800005], [126.91776275600012, 39.06137847900004], [126.8394317630001, 39.106941223000035], [126.77110290500002, 39.123603821000074], [126.73027038600003, 39.14694213900003], [126.63498687700007, 39.134994507000044], [126.6127624510001, 39.14305114700005], [126.58582305900006, 39.16999054000007], [126.57221984900002, 39.16971588100006], [126.55747985800008, 39.14305114700005], [126.56053161600005, 39.119712830000026], [126.59192657500012, 39.07221984900008], [126.62136840800008, 39.04943847700008], [126.65971374500009, 38.980819702000076], [126.64360046400009, 38.96943664600008], [126.59664917000009, 38.96832275400004], [126.51554870600012, 39.00277710000006], [126.48970031700003, 39.00000000000006], [126.47886657700008, 38.98526763900003], [126.50054931600005, 38.930824280000024], [126.4877624510001, 38.911102295000035], [126.46832275400004, 38.90776825000006], [126.38739013700001, 38.93048095700004], [126.38498687700007, 38.97721099900008], [126.35415649400011, 39.018882751000035], [126.34526062000009, 39.04694366500007], [126.27720642100007, 39.06388092000003], [126.25498962400002, 39.082214355000076], [126.23996734600007, 39.107772827000076], [126.24887085000012, 39.14027404800004], [126.23552703900009, 39.155548096000075], [126.17165374800004, 39.15693664600008], [126.14082336400008, 39.18332672100007], [126.0963668820001, 39.18110656700003], [126.07360839800003, 39.223602295000035], [126.05081176800002, 39.23332977300004], [126.0402679440001, 39.23360443100006], [126.02469635000011, 39.21360778800005], [125.97231292700008, 39.20339202900004], [125.94831848100011, 39.22721099900008], [125.92498779300001, 39.23471832300004], [125.88574218700012, 39.22157669100005], [125.85448455800008, 39.239746094000054], [125.82704925500002, 39.22008132900004], [125.8016510010001, 39.22415924100005], [125.781661987, 39.23638153100006], [125.74971008300008, 39.275268555000025], [125.7277679440001, 39.283607483000026], [125.62109375000011, 39.23888397200005], [125.61943054200003, 39.22721099900008], [125.64054870600012, 39.18693542500006], [125.63388061500007, 39.14694213900003], [125.66665649400011, 39.12276458700006], [125.57859802200005, 39.06526947000003], [125.5788650510001, 39.010272980000025], [125.52272033700001, 39.00202560400004], [125.5099411010001, 39.026271820000034], [125.49057769800004, 39.042457581000065], [125.46099853500004, 39.01829910300006], [125.36661529500009, 39.02656936600005], [125.37255859400011, 38.972736359000066], [125.3561859130001, 38.964698792000036], [125.35798645000011, 38.95692062400008], [125.28128814700005, 38.967544556000064], [125.25514221200001, 38.95952224700005], [125.21173957700012, 38.99873309100008], [125.26101600100003, 39.076167472000066], [125.30110834700008, 39.10788118900007], [125.28196093700001, 39.11688846100003], [125.30251297100006, 39.17217955600006], [125.33419067200009, 39.191801723000026], [125.32666660400002, 39.19650672100005], [125.37416187400004, 39.23439554300006], [125.40164862400002, 39.21790349400004], [125.38440023800001, 39.24314742900003], [125.40411408200009, 39.264098914000044], [125.43237353800009, 39.25376887200008], [125.4259856110001, 39.27837106900006], [125.40474599900006, 39.27667504300007], [125.40020798400008, 39.28270608400004], [125.40551870600007, 39.29383175100003], [125.45809877900001, 39.32061127800006], [125.41940450700008, 39.30980975500006], [125.40955249700005, 39.32454356900007], [125.41348151400007, 39.333220149000056], [125.40226089600003, 39.33652052300005], [125.40518146500006, 39.35490177600008], [125.39658346600004, 39.37480552200003], [125.37268849300006, 39.37798147800004], [125.35067617400011, 39.42177692300004], [125.38300216300001, 39.43862585800008], [125.39066374700008, 39.449250576000054], [125.35662208600002, 39.434264649000056], [125.34573216000001, 39.43513230700006], [125.33757945000002, 39.45200743600003], [125.34558809600003, 39.46566732000008], [125.40483112800007, 39.50278343600007], [125.39874115100008, 39.50654874400004], [125.39969721200009, 39.530787506000024], [125.41525284600004, 39.54814066500006], [125.44362689900004, 39.55908952600004], [125.43446104400005, 39.57099987300006], [125.50388336200001, 39.57555389400005], [125.52998352100008, 39.59193420400004], [125.57887268100001, 39.601936340000066], [125.63471984900002, 39.636383057000046], [125.68747711200001, 39.62971496600005], [125.73996734600007, 39.65499115000006], [125.78221130400004, 39.664993286000026], [125.80081176800002, 39.68498992900004], [125.82360839800003, 39.690544128000056], [125.83276367200006, 39.712768555000025], [125.85247802700007, 39.72276306200007], [125.85498046900011, 39.74582672100007], [125.8986129760001, 39.75054931600005], [125.92858886700003, 39.780548096000075], [125.95776367200006, 39.791938782000045], [125.97083282500012, 39.820831299000076], [125.99942016600005, 39.82943725600006], [126.01609802200005, 39.86360931400003], [126.05664062500011, 39.832214355000076], [126.10054016100003, 39.81971740700004], [126.25694274900002, 39.84971618700007], [126.31804657000009, 39.87971496600005], [126.36164856000005, 39.888885498000036], [126.37109375000011, 39.904708862000064], [126.36943054200003, 39.92304992700008], [126.3394317630001, 39.96832275400004], [126.35386657700008, 40.012496948000035], [126.36020660400004, 40.017616272000055], [126.40358734100005, 39.99388122600004], [126.43414306600005, 39.99137878400006], [126.4871978760001, 40.02777099600007], [126.5544281010001, 40.03694152800006], [126.56720733600002, 40.083877563000044], [126.58027648900008, 40.09971618700007], [126.65776062000009, 40.14249420200008], [126.70748901400009, 40.153602600000056], [126.74304199200003, 40.18832397500006], [126.80747985800008, 40.201934814000026], [126.82666015600012, 40.25193786600005], [126.88553619400011, 40.288887024000076], [126.91118621800001, 40.334693909000066], [126.9919281010001, 40.33749389600007], [127.04498291000004, 40.328880310000045], [127.10720825200008, 40.28443908700007], [127.11387634300002, 40.268882751000035], [127.10220336900011, 40.24110412600004], [127.11026001000005, 40.188041687000066], [127.16665649400011, 40.17054748500004], [127.17858886700003, 40.13555145300006], [127.1624908450001, 40.115272522000055], [127.08442688000002, 40.06610107400007], [127.08888244600007, 40.03388214100005]]]}}]}